2026.04.03 15:19:36 WARN  Using H2 2.4.240 which is newer than the version Flyway has been verified with. The latest verified version of H2 is 2.3.232.[0m
2026.04.03 15:19:36 INFO  no build target found for /Users/aymanatic/Documents/Ing2/s8/devops/TP1/backend-simple-api/simpleapi/src/main/java/fr/takima/training/simpleapi/SimpleapiApplication.java. Using fallback presentation compiler.[0m
Apr 03, 2026 3:19:37 PM org.eclipse.lsp4j.jsonrpc.RemoteEndpoint handleCancellation
WARNING: Unmatched cancel notification for request id 2
Apr 03, 2026 3:19:37 PM org.eclipse.lsp4j.jsonrpc.RemoteEndpoint handleCancellation
WARNING: Unmatched cancel notification for request id 1
2026.04.03 15:19:37 INFO  no build target found for /Users/aymanatic/Documents/Ing2/s8/devops/TP1/backend-simple-api/simpleapi/src/main/java/fr/takima/training/simpleapi/SimpleapiApplication.java. Using fallback presentation compiler.[0m
2026.04.03 15:19:37 INFO  no build target found for /Users/aymanatic/Documents/Ing2/s8/devops/TP1/backend-simple-api/simpleapi/src/main/java/fr/takima/training/simpleapi/SimpleapiApplication.java. Using fallback presentation compiler.[0m
2026.04.03 15:19:37 WARN  no build tool detected in workspace '/Users/aymanatic/Documents/Ing2/s8/devops/TP1'. The most common cause for this problem is that the editor was opened in the wrong working directory, for example if you use sbt then the workspace directory should contain build.sbt. [0m
2026.04.03 15:19:37 WARN  Build server is not auto-connectable.[0m
2026.04.03 15:19:37 WARN  no build target for: /Users/aymanatic/Documents/Ing2/s8/devops/TP1/backend-simple-api/simpleapi/src/main/java/fr/takima/training/simpleapi/SimpleapiApplication.java[0m
2026.04.03 15:19:39 INFO  no build target found for /Users/aymanatic/Documents/Ing2/s8/devops/TP1/backend-simple-api/simpleapi/src/main/java/fr/takima/training/simpleapi/SimpleapiApplication.java. Using fallback presentation compiler.[0m
2026.04.03 15:19:39 INFO  no build target found for /Users/aymanatic/Documents/Ing2/s8/devops/TP1/backend-simple-api/simpleapi/src/main/java/fr/takima/training/simpleapi/SimpleapiApplication.java. Using fallback presentation compiler.[0m
2026.04.03 15:19:39 INFO  no build target found for /Users/aymanatic/Documents/Ing2/s8/devops/TP1/backend-simple-api/simpleapi/src/main/java/fr/takima/training/simpleapi/SimpleapiApplication.java. Using fallback presentation compiler.[0m
2026.04.03 15:19:39 INFO  no build target found for /Users/aymanatic/Documents/Ing2/s8/devops/TP1/backend-simple-api/simpleapi/src/main/java/fr/takima/training/simpleapi/SimpleapiApplication.java. Using fallback presentation compiler.[0m
2026.04.03 15:19:39 INFO  no build target found for /Users/aymanatic/Documents/Ing2/s8/devops/TP1/backend-simple-api/simpleapi/src/main/java/fr/takima/training/simpleapi/SimpleapiApplication.java. Using fallback presentation compiler.[0m
2026.04.03 15:19:39 INFO  no build target found for /Users/aymanatic/Documents/Ing2/s8/devops/TP1/backend-simple-api/simpleapi/src/main/java/fr/takima/training/simpleapi/SimpleapiApplication.java. Using fallback presentation compiler.[0m
2026.04.03 15:19:39 INFO  Created report: Optional[file:///Users/aymanatic/Documents/Ing2/s8/devops/TP1/backend-simple-api/simpleapi/src/main/java/fr/takima/training/simpleapi/SimpleapiApplication.java][0m
2026.04.03 15:19:39 INFO  empty definition using pc, found symbol in pc: _empty_/SpringApplication# (full report at: "/Users/aymanatic/Documents/Ing2/s8/devops/TP1/.metals/.reports/metals-full/2026-04-03/r_empty-definition_15-19-39-820.md")[0m
2026.04.03 15:19:39 INFO  no build target found for /Users/aymanatic/Documents/Ing2/s8/devops/TP1/backend-simple-api/simpleapi/src/main/java/fr/takima/training/simpleapi/SimpleapiApplication.java. Using fallback presentation compiler.[0m
2026.04.03 15:19:39 WARN  no build target for: /Users/aymanatic/Documents/Ing2/s8/devops/TP1/backend-simple-api/simpleapi/src/main/java/fr/takima/training/simpleapi/SimpleapiApplication.java[0m
2026.04.03 15:19:40 INFO  no build target found for /Users/aymanatic/Documents/Ing2/s8/devops/TP1/backend-simple-api/simpleapi/src/main/java/fr/takima/training/simpleapi/SimpleapiApplication.java. Using fallback presentation compiler.[0m
2026.04.03 15:19:40 WARN  no build target for: /Users/aymanatic/Documents/Ing2/s8/devops/TP1/backend-simple-api/simpleapi/src/main/java/fr/takima/training/simpleapi/SimpleapiApplication.java[0m
2026.04.03 15:19:40 INFO  no build target found for /Users/aymanatic/Documents/Ing2/s8/devops/TP1/backend-simple-api/simpleapi/src/main/java/fr/takima/training/simpleapi/SimpleapiApplication.java. Using fallback presentation compiler.[0m
2026.04.03 15:20:29 WARN  no build target for: /Users/aymanatic/Documents/Ing2/s8/devops/TP1/backend-simple-api/simpleapi/src/main/java/fr/takima/training/simpleapi/controller/GreetingController.java[0m
2026.04.03 15:20:29 INFO  no build target found for /Users/aymanatic/Documents/Ing2/s8/devops/TP1/backend-simple-api/simpleapi/src/main/java/fr/takima/training/simpleapi/controller/GreetingController.java. Using fallback presentation compiler.[0m
2026.04.03 15:20:29 INFO  no build target found for /Users/aymanatic/Documents/Ing2/s8/devops/TP1/backend-simple-api/simpleapi/src/main/java/fr/takima/training/simpleapi/controller/GreetingController.java. Using fallback presentation compiler.[0m
2026.04.03 15:20:29 WARN  Running javac-semanticdb failed for file:///Users/aymanatic/Documents/Ing2/s8/devops/TP1/backend-simple-api/simpleapi/src/main/java/fr/takima/training/simpleapi/controller/GreetingController.java. Output:
[0m
2026.04.03 15:20:29 INFO  no build target found for /Users/aymanatic/Documents/Ing2/s8/devops/TP1/backend-simple-api/simpleapi/src/main/java/fr/takima/training/simpleapi/controller/GreetingController.java. Using fallback presentation compiler.[0m
2026.04.03 15:20:32 INFO  no build target found for /Users/aymanatic/Documents/Ing2/s8/devops/TP1/backend-simple-api/simpleapi/src/main/java/fr/takima/training/simpleapi/controller/GreetingController.java. Using fallback presentation compiler.[0m
2026.04.03 15:20:32 INFO  no build target found for /Users/aymanatic/Documents/Ing2/s8/devops/TP1/backend-simple-api/simpleapi/src/main/java/fr/takima/training/simpleapi/controller/GreetingController.java. Using fallback presentation compiler.[0m
2026.04.03 15:20:32 INFO  no build target found for /Users/aymanatic/Documents/Ing2/s8/devops/TP1/backend-simple-api/simpleapi/src/main/java/fr/takima/training/simpleapi/controller/GreetingController.java. Using fallback presentation compiler.[0m
2026.04.03 15:20:33 WARN  Running javac-semanticdb failed for file:///Users/aymanatic/Documents/Ing2/s8/devops/TP1/backend-simple-api/simpleapi/src/main/java/fr/takima/training/simpleapi/controller/GreetingController.java. Output:
[0m
2026.04.03 15:20:33 INFO  no build target found for /Users/aymanatic/Documents/Ing2/s8/devops/TP1/backend-simple-api/simpleapi/src/main/java/fr/takima/training/simpleapi/controller/GreetingController.java. Using fallback presentation compiler.[0m
2026.04.03 15:20:33 INFO  no build target found for /Users/aymanatic/Documents/Ing2/s8/devops/TP1/backend-simple-api/simpleapi/src/main/java/fr/takima/training/simpleapi/controller/GreetingController.java. Using fallback presentation compiler.[0m
2026.04.03 15:20:33 WARN  no build target for: /Users/aymanatic/Documents/Ing2/s8/devops/TP1/backend-simple-api/simpleapi/src/main/java/fr/takima/training/simpleapi/controller/GreetingController.java[0m
2026.04.03 15:20:33 INFO  no build target found for /Users/aymanatic/Documents/Ing2/s8/devops/TP1/backend-simple-api/simpleapi/src/main/java/fr/takima/training/simpleapi/controller/GreetingController.java. Using fallback presentation compiler.[0m
2026.04.03 15:24:16 INFO  no build target found for /Users/aymanatic/Documents/Ing2/s8/devops/TP1/backend-simple-api/simpleapi/src/main/java/fr/takima/training/simpleapi/SimpleapiApplication.java. Using fallback presentation compiler.[0m
2026.04.03 15:24:16 WARN  no build target for: /Users/aymanatic/Documents/Ing2/s8/devops/TP1/backend-simple-api/simpleapi/src/main/java/fr/takima/training/simpleapi/SimpleapiApplication.java[0m
2026.04.03 15:24:16 INFO  no build target found for /Users/aymanatic/Documents/Ing2/s8/devops/TP1/backend-simple-api/simpleapi/src/main/java/fr/takima/training/simpleapi/SimpleapiApplication.java. Using fallback presentation compiler.[0m
2026.04.03 15:24:16 INFO  no build target found for /Users/aymanatic/Documents/Ing2/s8/devops/TP1/backend-simple-api/simpleapi/src/main/java/fr/takima/training/simpleapi/SimpleapiApplication.java. Using fallback presentation compiler.[0m
2026.04.03 15:24:16 INFO  no build target found for /Users/aymanatic/Documents/Ing2/s8/devops/TP1/backend-simple-api/simpleapi/src/main/java/fr/takima/training/simpleapi/SimpleapiApplication.java. Using fallback presentation compiler.[0m
2026.04.03 15:24:16 INFO  no build target found for /Users/aymanatic/Documents/Ing2/s8/devops/TP1/backend-simple-api/simpleapi/src/main/java/fr/takima/training/simpleapi/SimpleapiApplication.java. Using fallback presentation compiler.[0m
2026.04.03 15:24:26 INFO  no build target found for /Users/aymanatic/Documents/Ing2/s8/devops/TP1/backend-simple-api/simpleapi/src/main/java/fr/takima/training/simpleapi/SimpleApiApplication.java. Using fallback presentation compiler.[0m
2026.04.03 15:24:26 INFO  no build target found for /Users/aymanatic/Documents/Ing2/s8/devops/TP1/backend-simple-api/simpleapi/src/main/java/fr/takima/training/simpleapi/SimpleApiApplication.java. Using fallback presentation compiler.[0m
2026.04.03 15:24:26 INFO  no build target found for /Users/aymanatic/Documents/Ing2/s8/devops/TP1/backend-simple-api/simpleapi/src/main/java/fr/takima/training/simpleapi/SimpleApiApplication.java. Using fallback presentation compiler.[0m
2026.04.03 15:24:27 INFO  no build target found for /Users/aymanatic/Documents/Ing2/s8/devops/TP1/backend-simple-api/simpleapi/src/main/java/fr/takima/training/simpleapi/SimpleApiApplication.java. Using fallback presentation compiler.[0m
2026.04.03 15:24:26 INFO  no build target found for /Users/aymanatic/Documents/Ing2/s8/devops/TP1/backend-simple-api/simpleapi/src/main/java/fr/takima/training/simpleapi/SimpleApiApplication.java. Using fallback presentation compiler.[0m
2026.04.03 15:24:26 INFO  no build target found for /Users/aymanatic/Documents/Ing2/s8/devops/TP1/backend-simple-api/simpleapi/src/main/java/fr/takima/training/simpleapi/SimpleApiApplication.java. Using fallback presentation compiler.[0m
2026.04.03 15:24:27 INFO  no build target found for /Users/aymanatic/Documents/Ing2/s8/devops/TP1/backend-simple-api/simpleapi/src/main/java/fr/takima/training/simpleapi/SimpleApiApplication.java. Using fallback presentation compiler.[0m
2026.04.03 15:24:28 INFO  no build target found for /Users/aymanatic/Documents/Ing2/s8/devops/TP1/backend-simple-api/simpleapi/src/main/java/fr/takima/training/simpleapi/SimpleApiApplication.java. Using fallback presentation compiler.[0m
2026.04.03 15:24:28 WARN  no build target for: /Users/aymanatic/Documents/Ing2/s8/devops/TP1/backend-simple-api/simpleapi/src/main/java/fr/takima/training/simpleapi/SimpleApiApplication.java[0m
2026.04.03 15:24:28 INFO  no build target found for /Users/aymanatic/Documents/Ing2/s8/devops/TP1/backend-simple-api/simpleapi/src/main/java/fr/takima/training/simpleapi/SimpleApiApplication.java. Using fallback presentation compiler.[0m
2026.04.03 15:30:22 INFO  no build target found for /Users/aymanatic/Documents/Ing2/s8/devops/TP1/backend-simple-api/simpleapi/src/main/java/fr/takima/training/simpleapi/SimpleApiApplication.java. Using fallback presentation compiler.[0m
2026.04.03 15:30:22 INFO  no build target found for /Users/aymanatic/Documents/Ing2/s8/devops/TP1/backend-simple-api/simpleapi/src/main/java/fr/takima/training/simpleapi/SimpleApiApplication.java. Using fallback presentation compiler.[0m
2026.04.03 15:30:22 INFO  no build target found for /Users/aymanatic/Documents/Ing2/s8/devops/TP1/backend-simple-api/simpleapi/src/main/java/fr/takima/training/simpleapi/SimpleApiApplication.java. Using fallback presentation compiler.[0m
2026.04.03 15:30:22 INFO  no build target found for /Users/aymanatic/Documents/Ing2/s8/devops/TP1/backend-simple-api/simpleapi/src/main/java/fr/takima/training/simpleapi/SimpleApiApplication.java. Using fallback presentation compiler.[0m
2026.04.03 15:30:22 INFO  no build target found for /Users/aymanatic/Documents/Ing2/s8/devops/TP1/backend-simple-api/simpleapi/src/main/java/fr/takima/training/simpleapi/SimpleApiApplication.java. Using fallback presentation compiler.[0m
2026.04.03 15:30:22 INFO  no build target found for /Users/aymanatic/Documents/Ing2/s8/devops/TP1/backend-simple-api/simpleapi/src/main/java/fr/takima/training/simpleapi/SimpleApiApplication.java. Using fallback presentation compiler.[0m
2026.04.03 15:30:22 INFO  no build target found for /Users/aymanatic/Documents/Ing2/s8/devops/TP1/backend-simple-api/simpleapi/src/main/java/fr/takima/training/simpleapi/SimpleApiApplication.java. Using fallback presentation compiler.[0m
2026.04.03 15:30:22 INFO  no build target found for /Users/aymanatic/Documents/Ing2/s8/devops/TP1/backend-simple-api/simpleapi/src/main/java/fr/takima/training/simpleapi/SimpleApiApplication.java. Using fallback presentation compiler.[0m
2026.04.03 15:30:22 INFO  no build target found for /Users/aymanatic/Documents/Ing2/s8/devops/TP1/backend-simple-api/simpleapi/src/main/java/fr/takima/training/simpleapi/SimpleApiApplication.java. Using fallback presentation compiler.[0m
2026.04.03 15:30:27 INFO  no build target found for /Users/aymanatic/Documents/Ing2/s8/devops/TP1/backend-simple-api/simpleapi/src/main/java/fr/takima/training/simpleapi/controller/GreetingController.java. Using fallback presentation compiler.[0m
2026.04.03 15:30:27 WARN  no build target for: /Users/aymanatic/Documents/Ing2/s8/devops/TP1/backend-simple-api/simpleapi/src/main/java/fr/takima/training/simpleapi/controller/GreetingController.java[0m
2026.04.03 15:30:27 INFO  no build target found for /Users/aymanatic/Documents/Ing2/s8/devops/TP1/backend-simple-api/simpleapi/src/main/java/fr/takima/training/simpleapi/controller/GreetingController.java. Using fallback presentation compiler.[0m
2026.04.03 15:30:27 INFO  no build target found for /Users/aymanatic/Documents/Ing2/s8/devops/TP1/backend-simple-api/simpleapi/src/main/java/fr/takima/training/simpleapi/controller/GreetingController.java. Using fallback presentation compiler.[0m
2026.04.03 15:30:27 INFO  no build target found for /Users/aymanatic/Documents/Ing2/s8/devops/TP1/backend-simple-api/simpleapi/src/main/java/fr/takima/training/simpleapi/controller/GreetingController.java. Using fallback presentation compiler.[0m
2026.04.03 15:30:27 INFO  no build target found for /Users/aymanatic/Documents/Ing2/s8/devops/TP1/backend-simple-api/simpleapi/src/main/java/fr/takima/training/simpleapi/controller/GreetingController.java. Using fallback presentation compiler.[0m
2026.04.03 15:30:29 INFO  no build target found for /Users/aymanatic/Documents/Ing2/s8/devops/TP1/backend-simple-api/simpleapi/src/main/java/fr/takima/training/simpleapi/controller/GreetingController.java. Using fallback presentation compiler.[0m
2026.04.03 15:30:29 INFO  no build target found for /Users/aymanatic/Documents/Ing2/s8/devops/TP1/backend-simple-api/simpleapi/src/main/java/fr/takima/training/simpleapi/controller/GreetingController.java. Using fallback presentation compiler.[0m
2026.04.03 15:30:29 INFO  no build target found for /Users/aymanatic/Documents/Ing2/s8/devops/TP1/backend-simple-api/simpleapi/src/main/java/fr/takima/training/simpleapi/controller/GreetingController.java. Using fallback presentation compiler.[0m
2026.04.03 15:30:29 INFO  no build target found for /Users/aymanatic/Documents/Ing2/s8/devops/TP1/backend-simple-api/simpleapi/src/main/java/fr/takima/training/simpleapi/controller/GreetingController.java. Using fallback presentation compiler.[0m
2026.04.03 15:30:29 INFO  no build target found for /Users/aymanatic/Documents/Ing2/s8/devops/TP1/backend-simple-api/simpleapi/src/main/java/fr/takima/training/simpleapi/controller/GreetingController.java. Using fallback presentation compiler.[0m
2026.04.03 15:30:30 INFO  no build target found for /Users/aymanatic/Documents/Ing2/s8/devops/TP1/backend-simple-api/simpleapi/src/main/java/fr/takima/training/simpleapi/controller/GreetingController.java. Using fallback presentation compiler.[0m
2026.04.03 15:30:30 INFO  no build target found for /Users/aymanatic/Documents/Ing2/s8/devops/TP1/backend-simple-api/simpleapi/src/main/java/fr/takima/training/simpleapi/controller/GreetingController.java. Using fallback presentation compiler.[0m
2026.04.03 15:30:30 INFO  no build target found for /Users/aymanatic/Documents/Ing2/s8/devops/TP1/backend-simple-api/simpleapi/src/main/java/fr/takima/training/simpleapi/controller/GreetingController.java. Using fallback presentation compiler.[0m
2026.04.03 15:30:30 INFO  no build target found for /Users/aymanatic/Documents/Ing2/s8/devops/TP1/backend-simple-api/simpleapi/src/main/java/fr/takima/training/simpleapi/controller/GreetingController.java. Using fallback presentation compiler.[0m
2026.04.03 15:30:30 INFO  no build target found for /Users/aymanatic/Documents/Ing2/s8/devops/TP1/backend-simple-api/simpleapi/src/main/java/fr/takima/training/simpleapi/controller/GreetingController.java. Using fallback presentation compiler.[0m
2026.04.03 15:30:30 INFO  no build target found for /Users/aymanatic/Documents/Ing2/s8/devops/TP1/backend-simple-api/simpleapi/src/main/java/fr/takima/training/simpleapi/controller/GreetingController.java. Using fallback presentation compiler.[0m
2026.04.03 15:30:30 INFO  no build target found for /Users/aymanatic/Documents/Ing2/s8/devops/TP1/backend-simple-api/simpleapi/src/main/java/fr/takima/training/simpleapi/controller/GreetingController.java. Using fallback presentation compiler.[0m
2026.04.03 15:30:30 INFO  no build target found for /Users/aymanatic/Documents/Ing2/s8/devops/TP1/backend-simple-api/simpleapi/src/main/java/fr/takima/training/simpleapi/controller/GreetingController.java. Using fallback presentation compiler.[0m
2026.04.03 15:30:30 INFO  no build target found for /Users/aymanatic/Documents/Ing2/s8/devops/TP1/backend-simple-api/simpleapi/src/main/java/fr/takima/training/simpleapi/controller/GreetingController.java. Using fallback presentation compiler.[0m
2026.04.03 15:30:30 INFO  no build target found for /Users/aymanatic/Documents/Ing2/s8/devops/TP1/backend-simple-api/simpleapi/src/main/java/fr/takima/training/simpleapi/controller/GreetingController.java. Using fallback presentation compiler.[0m
2026.04.03 15:30:30 INFO  no build target found for /Users/aymanatic/Documents/Ing2/s8/devops/TP1/backend-simple-api/simpleapi/src/main/java/fr/takima/training/simpleapi/controller/GreetingController.java. Using fallback presentation compiler.[0m
2026.04.03 15:30:32 INFO  no build target found for /Users/aymanatic/Documents/Ing2/s8/devops/TP1/backend-simple-api/simpleapi/src/main/java/fr/takima/training/simpleapi/controller/GreetingController.java. Using fallback presentation compiler.[0m
2026.04.03 15:30:32 INFO  no build target found for /Users/aymanatic/Documents/Ing2/s8/devops/TP1/backend-simple-api/simpleapi/src/main/java/fr/takima/training/simpleapi/controller/GreetingController.java. Using fallback presentation compiler.[0m
2026.04.03 15:30:32 INFO  no build target found for /Users/aymanatic/Documents/Ing2/s8/devops/TP1/backend-simple-api/simpleapi/src/main/java/fr/takima/training/simpleapi/controller/GreetingController.java. Using fallback presentation compiler.[0m
2026.04.03 15:30:32 INFO  no build target found for /Users/aymanatic/Documents/Ing2/s8/devops/TP1/backend-simple-api/simpleapi/src/main/java/fr/takima/training/simpleapi/controller/GreetingController.java. Using fallback presentation compiler.[0m
2026.04.03 15:30:33 INFO  no build target found for /Users/aymanatic/Documents/Ing2/s8/devops/TP1/backend-simple-api/simpleapi/src/main/java/fr/takima/training/simpleapi/controller/GreetingController.java. Using fallback presentation compiler.[0m
2026.04.03 15:30:34 INFO  no build target found for /Users/aymanatic/Documents/Ing2/s8/devops/TP1/backend-simple-api/simpleapi/src/main/java/fr/takima/training/simpleapi/controller/GreetingController.java. Using fallback presentation compiler.[0m
2026.04.03 15:30:36 INFO  no build target found for /Users/aymanatic/Documents/Ing2/s8/devops/TP1/backend-simple-api/simpleapi/src/main/java/fr/takima/training/simpleapi/controller/GreetingController.java. Using fallback presentation compiler.[0m
2026.04.03 15:30:36 INFO  no build target found for /Users/aymanatic/Documents/Ing2/s8/devops/TP1/backend-simple-api/simpleapi/src/main/java/fr/takima/training/simpleapi/controller/GreetingController.java. Using fallback presentation compiler.[0m
2026.04.03 15:30:36 INFO  no build target found for /Users/aymanatic/Documents/Ing2/s8/devops/TP1/backend-simple-api/simpleapi/src/main/java/fr/takima/training/simpleapi/controller/GreetingController.java. Using fallback presentation compiler.[0m
2026.04.03 15:30:38 INFO  no build target found for /Users/aymanatic/Documents/Ing2/s8/devops/TP1/backend-simple-api/simpleapi/src/main/java/fr/takima/training/simpleapi/controller/GreetingController.java. Using fallback presentation compiler.[0m
2026.04.03 15:30:38 INFO  no build target found for /Users/aymanatic/Documents/Ing2/s8/devops/TP1/backend-simple-api/simpleapi/src/main/java/fr/takima/training/simpleapi/controller/GreetingController.java. Using fallback presentation compiler.[0m
2026.04.03 15:30:45 INFO  no build target found for /Users/aymanatic/Documents/Ing2/s8/devops/TP1/backend-simple-api/simpleapi/src/main/java/fr/takima/training/simpleapi/controller/GreetingController.java. Using fallback presentation compiler.[0m
2026.04.03 15:30:45 INFO  no build target found for /Users/aymanatic/Documents/Ing2/s8/devops/TP1/backend-simple-api/simpleapi/src/main/java/fr/takima/training/simpleapi/controller/GreetingController.java. Using fallback presentation compiler.[0m
2026.04.03 15:30:48 INFO  no build target found for /Users/aymanatic/Documents/Ing2/s8/devops/TP1/backend-simple-api/simpleapi/src/main/java/fr/takima/training/simpleapi/controller/GreetingController.java. Using fallback presentation compiler.[0m
2026.04.03 15:30:53 INFO  no build target found for /Users/aymanatic/Documents/Ing2/s8/devops/TP1/backend-simple-api/simpleapi/src/main/java/fr/takima/training/simpleapi/controller/GreetingController.java. Using fallback presentation compiler.[0m
2026.04.03 15:30:53 INFO  no build target found for /Users/aymanatic/Documents/Ing2/s8/devops/TP1/backend-simple-api/simpleapi/src/main/java/fr/takima/training/simpleapi/controller/GreetingController.java. Using fallback presentation compiler.[0m
2026.04.03 15:31:01 INFO  no build target found for /Users/aymanatic/Documents/Ing2/s8/devops/TP1/backend-simple-api/simpleapi/src/main/java/fr/takima/training/simpleapi/controller/GreetingController.java. Using fallback presentation compiler.[0m
2026.04.03 15:31:27 INFO  no build target found for /Users/aymanatic/Documents/Ing2/s8/devops/TP1/backend-simple-api/simpleapi/src/main/java/fr/takima/training/simpleapi/controller/GreetingController.java. Using fallback presentation compiler.[0m
2026.04.03 15:31:27 INFO  no build target found for /Users/aymanatic/Documents/Ing2/s8/devops/TP1/backend-simple-api/simpleapi/src/main/java/fr/takima/training/simpleapi/controller/GreetingController.java. Using fallback presentation compiler.[0m
2026.04.03 15:31:27 INFO  no build target found for /Users/aymanatic/Documents/Ing2/s8/devops/TP1/backend-simple-api/simpleapi/src/main/java/fr/takima/training/simpleapi/controller/GreetingController.java. Using fallback presentation compiler.[0m
2026.04.03 15:31:28 INFO  no build target found for /Users/aymanatic/Documents/Ing2/s8/devops/TP1/backend-simple-api/simpleapi/src/main/java/fr/takima/training/simpleapi/controller/GreetingController.java. Using fallback presentation compiler.[0m
2026.04.03 15:31:28 INFO  no build target found for /Users/aymanatic/Documents/Ing2/s8/devops/TP1/backend-simple-api/simpleapi/src/main/java/fr/takima/training/simpleapi/controller/GreetingController.java. Using fallback presentation compiler.[0m
2026.04.03 15:31:28 INFO  no build target found for /Users/aymanatic/Documents/Ing2/s8/devops/TP1/backend-simple-api/simpleapi/src/main/java/fr/takima/training/simpleapi/controller/GreetingController.java. Using fallback presentation compiler.[0m
2026.04.03 15:31:29 INFO  no build target found for /Users/aymanatic/Documents/Ing2/s8/devops/TP1/backend-simple-api/simpleapi/src/main/java/fr/takima/training/simpleapi/controller/GreetingController.java. Using fallback presentation compiler.[0m
2026.04.03 15:31:31 INFO  no build target found for /Users/aymanatic/Documents/Ing2/s8/devops/TP1/backend-simple-api/simpleapi/src/main/java/fr/takima/training/simpleapi/controller/GreetingController.java. Using fallback presentation compiler.[0m
2026.04.03 15:32:25 INFO  no build target found for /Users/aymanatic/Documents/Ing2/s8/devops/TP1/backend-simple-api/simpleapi/src/main/java/fr/takima/training/simpleapi/controller/GreetingController.java. Using fallback presentation compiler.[0m
2026.04.03 15:32:26 INFO  no build target found for /Users/aymanatic/Documents/Ing2/s8/devops/TP1/backend-simple-api/simpleapi/src/main/java/fr/takima/training/simpleapi/controller/GreetingController.java. Using fallback presentation compiler.[0m
2026.04.03 15:32:26 INFO  no build target found for /Users/aymanatic/Documents/Ing2/s8/devops/TP1/backend-simple-api/simpleapi/src/main/java/fr/takima/training/simpleapi/controller/GreetingController.java. Using fallback presentation compiler.[0m
2026.04.03 15:32:29 INFO  no build target found for /Users/aymanatic/Documents/Ing2/s8/devops/TP1/backend-simple-api/simpleapi/src/main/java/fr/takima/training/simpleapi/controller/GreetingController.java. Using fallback presentation compiler.[0m
2026.04.06 23:10:29 INFO  Shutting down server[0m
2026.04.06 23:10:29 INFO  Memory monitor stopped[0m
2026.04.06 23:10:29 INFO  shutting down Metals[0m
2026.04.06 23:10:29 INFO  Exiting server[0m
2026.04.10 14:59:33 INFO  Started: Metals version 1.6.7 in folders '/Users/aymanatic/Documents/Ing2/s8/devops/TP1' for client Visual Studio Code 1.114.0.[0m
2026.04.10 14:59:33 INFO  Memory monitor started[0m
2026.04.10 14:59:33 WARN  Using H2 2.4.240 which is newer than the version Flyway has been verified with. The latest verified version of H2 is 2.3.232.[0m
2026.04.10 14:59:33 INFO  no build target found for /Users/aymanatic/Documents/Ing2/s8/devops/TP1/backend-simple-api/simpleapi/src/main/java/fr/takima/training/simpleapi/controller/GreetingController.java. Using fallback presentation compiler.[0m
2026.04.10 14:59:35 INFO  no build target found for /Users/aymanatic/Documents/Ing2/s8/devops/TP1/backend-simple-api/simpleapi/src/main/java/fr/takima/training/simpleapi/controller/GreetingController.java. Using fallback presentation compiler.[0m
2026.04.10 14:59:35 INFO  no build target found for /Users/aymanatic/Documents/Ing2/s8/devops/TP1/backend-simple-api/simpleapi/src/main/java/fr/takima/training/simpleapi/controller/GreetingController.java. Using fallback presentation compiler.[0m
2026.04.10 14:59:35 INFO  running '/Users/aymanatic/Library/Caches/Coursier/arc/https/github.com/adoptium/temurin17-binaries/releases/download/jdk-17.0.16%252B8/OpenJDK17U-jdk_aarch64_mac_hotspot_17.0.16_8.tar.gz/jdk-17.0.16+8/Contents/Home/bin/java -Dfile.encoding=UTF-8 -Dmaven.multiModuleProjectDirectory=/Users/aymanatic/Documents/Ing2/s8/devops/TP1/simple-api-student-main -Dmaven.home=/var/folders/5p/35j7p71s5nv07l1__6z7wtdm0000gn/T/metals150570046698928477 -cp /var/folders/5p/35j7p71s5nv07l1__6z7wtdm0000gn/T/metals150570046698928477/maven-wrapper.jar org.apache.maven.wrapper.MavenWrapperMain generate-sources ch.epfl.scala:bloop-maven-plugin:2.0.3:bloopInstall -DdownloadSources=true'[0m
2026.04.10 14:59:35 INFO  no build target found for /Users/aymanatic/Documents/Ing2/s8/devops/TP1/backend-simple-api/simpleapi/src/main/java/fr/takima/training/simpleapi/controller/GreetingController.java. Using fallback presentation compiler.[0m
2026.04.10 14:59:36 INFO  [INFO] Scanning for projects...[0m
2026.04.10 14:59:36 INFO  Downloading from central: https://repo.maven.apache.org/maven2/org/springframework/boot/spring-boot-starter-parent/3.4.2/spring-boot-starter-parent-3.4.2.pom[0m
2026.04.10 14:59:37 INFO  no build target found for /Users/aymanatic/Documents/Ing2/s8/devops/TP1/backend-simple-api/simpleapi/src/main/java/fr/takima/training/simpleapi/controller/GreetingController.java. Using fallback presentation compiler.[0m
2026.04.10 14:59:36 INFO  Progress (1): 1.1 kB[0m
2026.04.10 14:59:36 INFO  Progress (1): 2.6 kB[0m
2026.04.10 14:59:36 INFO  Progress (1): 6.5 kB[0m
2026.04.10 14:59:36 INFO  Progress (1): 11 kB [0m
2026.04.10 14:59:36 INFO  Progress (1): 13 kB[0m
2026.04.10 14:59:36 INFO                     [0m
2026.04.10 14:59:36 INFO  Downloaded from central: https://repo.maven.apache.org/maven2/org/springframework/boot/spring-boot-starter-parent/3.4.2/spring-boot-starter-parent-3.4.2.pom (13 kB at 60 kB/s)[0m
2026.04.10 14:59:36 INFO  Downloading from central: https://repo.maven.apache.org/maven2/org/springframework/boot/spring-boot-dependencies/3.4.2/spring-boot-dependencies-3.4.2.pom[0m
2026.04.10 14:59:36 INFO  Progress (1): 1.0 kB[0m
2026.04.10 14:59:36 INFO  Progress (1): 2.2 kB[0m
2026.04.10 14:59:36 INFO  Progress (1): 4.3 kB[0m
2026.04.10 14:59:36 INFO  Progress (1): 6.5 kB[0m
2026.04.10 14:59:36 INFO  Progress (1): 8.2 kB[0m
2026.04.10 14:59:36 INFO  Progress (1): 10 kB [0m
2026.04.10 14:59:36 INFO  Progress (1): 13 kB[0m
2026.04.10 14:59:36 INFO  Progress (1): 19 kB[0m
2026.04.10 14:59:36 INFO  Progress (1): 28 kB[0m
2026.04.10 14:59:36 INFO  Progress (1): 37 kB[0m
2026.04.10 14:59:36 INFO  Progress (1): 41 kB[0m
2026.04.10 14:59:36 INFO  Progress (1): 50 kB[0m
2026.04.10 14:59:36 INFO  Progress (1): 58 kB[0m
2026.04.10 14:59:36 INFO  Progress (1): 66 kB[0m
2026.04.10 14:59:36 INFO  Progress (1): 77 kB[0m
2026.04.10 14:59:36 INFO  Progress (1): 83 kB[0m
2026.04.10 14:59:36 INFO  Progress (1): 88 kB[0m
2026.04.10 14:59:36 INFO  Progress (1): 96 kB[0m
2026.04.10 14:59:36 INFO  Progress (1): 97 kB[0m
2026.04.10 14:59:36 INFO                     [0m
2026.04.10 14:59:36 INFO  Downloaded from central: https://repo.maven.apache.org/maven2/org/springframework/boot/spring-boot-dependencies/3.4.2/spring-boot-dependencies-3.4.2.pom (97 kB at 2.8 MB/s)[0m
2026.04.10 14:59:36 INFO  Downloading from central: https://repo.maven.apache.org/maven2/org/apache/activemq/activemq-bom/6.1.5/activemq-bom-6.1.5.pom[0m
2026.04.10 14:59:36 INFO  Progress (1): 799 B[0m
2026.04.10 14:59:36 INFO  Progress (1): 1.9 kB[0m
2026.04.10 14:59:36 INFO  Progress (1): 7.9 kB[0m
2026.04.10 14:59:36 INFO                      [0m
2026.04.10 14:59:36 INFO  Downloaded from central: https://repo.maven.apache.org/maven2/org/apache/activemq/activemq-bom/6.1.5/activemq-bom-6.1.5.pom (7.9 kB at 263 kB/s)[0m
2026.04.10 14:59:36 INFO  Downloading from central: https://repo.maven.apache.org/maven2/org/apache/activemq/artemis-bom/2.37.0/artemis-bom-2.37.0.pom[0m
2026.04.10 14:59:36 INFO  Progress (1): 799 B[0m
2026.04.10 14:59:36 INFO  Progress (1): 3.2 kB[0m
2026.04.10 14:59:36 INFO  Progress (1): 9.6 kB[0m
2026.04.10 14:59:36 INFO                      [0m
2026.04.10 14:59:36 INFO  Downloaded from central: https://repo.maven.apache.org/maven2/org/apache/activemq/artemis-bom/2.37.0/artemis-bom-2.37.0.pom (9.6 kB at 332 kB/s)[0m
2026.04.10 14:59:36 INFO  Downloading from central: https://repo.maven.apache.org/maven2/org/apache/activemq/artemis-project/2.37.0/artemis-project-2.37.0.pom[0m
2026.04.10 14:59:36 INFO  Progress (1): 708 B[0m
2026.04.10 14:59:36 INFO  Progress (1): 1.8 kB[0m
2026.04.10 14:59:36 INFO  Progress (1): 4.2 kB[0m
2026.04.10 14:59:36 INFO  Progress (1): 6.2 kB[0m
2026.04.10 14:59:36 INFO  Progress (1): 7.7 kB[0m
2026.04.10 14:59:36 INFO  Progress (1): 9.8 kB[0m
2026.04.10 14:59:36 INFO  Progress (1): 12 kB [0m
2026.04.10 14:59:36 INFO  Progress (1): 12 kB[0m
2026.04.10 14:59:36 INFO  Progress (1): 14 kB[0m
2026.04.10 14:59:36 INFO  Progress (1): 16 kB[0m
2026.04.10 14:59:36 INFO  Progress (1): 20 kB[0m
2026.04.10 14:59:36 INFO  Progress (1): 25 kB[0m
2026.04.10 14:59:36 INFO  Progress (1): 28 kB[0m
2026.04.10 14:59:36 INFO  Progress (1): 30 kB[0m
2026.04.10 14:59:36 INFO  Progress (1): 36 kB[0m
2026.04.10 14:59:36 INFO  Progress (1): 41 kB[0m
2026.04.10 14:59:36 INFO  Progress (1): 43 kB[0m
2026.04.10 14:59:36 INFO  Progress (1): 46 kB[0m
2026.04.10 14:59:36 INFO  Progress (1): 50 kB[0m
2026.04.10 14:59:36 INFO  Progress (1): 52 kB[0m
2026.04.10 14:59:36 INFO  Progress (1): 56 kB[0m
2026.04.10 14:59:36 INFO  Progress (1): 57 kB[0m
2026.04.10 14:59:36 INFO                     [0m
2026.04.10 14:59:36 INFO  Downloaded from central: https://repo.maven.apache.org/maven2/org/apache/activemq/artemis-project/2.37.0/artemis-project-2.37.0.pom (57 kB at 1.6 MB/s)[0m
2026.04.10 14:59:36 INFO  Downloading from central: https://repo.maven.apache.org/maven2/org/assertj/assertj-bom/3.26.3/assertj-bom-3.26.3.pom[0m
2026.04.10 14:59:36 INFO  Progress (1): 1.0 kB[0m
2026.04.10 14:59:36 INFO  Progress (1): 3.0 kB[0m
2026.04.10 14:59:36 INFO  Progress (1): 3.7 kB[0m
2026.04.10 14:59:36 INFO                      [0m
2026.04.10 14:59:36 INFO  Downloaded from central: https://repo.maven.apache.org/maven2/org/assertj/assertj-bom/3.26.3/assertj-bom-3.26.3.pom (3.7 kB at 148 kB/s)[0m
2026.04.10 14:59:36 INFO  Downloading from central: https://repo.maven.apache.org/maven2/io/zipkin/reporter2/zipkin-reporter-bom/3.4.3/zipkin-reporter-bom-3.4.3.pom[0m
2026.04.10 14:59:36 INFO  Progress (1): 756 B[0m
2026.04.10 14:59:36 INFO  Progress (1): 1.7 kB[0m
2026.04.10 14:59:36 INFO  Progress (1): 5.2 kB[0m
2026.04.10 14:59:36 INFO  Progress (1): 6.4 kB[0m
2026.04.10 14:59:36 INFO                      [0m
2026.04.10 14:59:36 INFO  Downloaded from central: https://repo.maven.apache.org/maven2/io/zipkin/reporter2/zipkin-reporter-bom/3.4.3/zipkin-reporter-bom-3.4.3.pom (6.4 kB at 237 kB/s)[0m
2026.04.10 14:59:36 INFO  Downloading from central: https://repo.maven.apache.org/maven2/org/apache/groovy/groovy-bom/4.0.24/groovy-bom-4.0.24.pom[0m
2026.04.10 14:59:36 INFO  Progress (1): 863 B[0m
2026.04.10 14:59:36 INFO  Progress (1): 2.3 kB[0m
2026.04.10 14:59:36 INFO  Progress (1): 6.1 kB[0m
2026.04.10 14:59:36 INFO  Progress (1): 10 kB [0m
2026.04.10 14:59:36 INFO  Progress (1): 12 kB[0m
2026.04.10 14:59:36 INFO  Progress (1): 16 kB[0m
2026.04.10 14:59:36 INFO  Progress (1): 20 kB[0m
2026.04.10 14:59:36 INFO  Progress (1): 22 kB[0m
2026.04.10 14:59:36 INFO  Progress (1): 27 kB[0m
2026.04.10 14:59:36 INFO                     [0m
2026.04.10 14:59:36 INFO  Downloaded from central: https://repo.maven.apache.org/maven2/org/apache/groovy/groovy-bom/4.0.24/groovy-bom-4.0.24.pom (27 kB at 1.0 MB/s)[0m
2026.04.10 14:59:36 INFO  Downloading from central: https://repo.maven.apache.org/maven2/org/infinispan/infinispan-bom/15.0.12.Final/infinispan-bom-15.0.12.Final.pom[0m
2026.04.10 14:59:36 INFO  Progress (1): 1.1 kB[0m
2026.04.10 14:59:36 INFO  Progress (1): 3.1 kB[0m
2026.04.10 14:59:36 INFO  Progress (1): 17 kB [0m
2026.04.10 14:59:36 INFO  Progress (1): 18 kB[0m
2026.04.10 14:59:36 INFO                     [0m
2026.04.10 14:59:36 INFO  Downloaded from central: https://repo.maven.apache.org/maven2/org/infinispan/infinispan-bom/15.0.12.Final/infinispan-bom-15.0.12.Final.pom (18 kB at 520 kB/s)[0m
2026.04.10 14:59:36 INFO  Downloading from central: https://repo.maven.apache.org/maven2/org/infinispan/infinispan-build-configuration-parent/15.0.12.Final/infinispan-build-configuration-parent-15.0.12.Final.pom[0m
2026.04.10 14:59:36 INFO  Progress (1): 992 B[0m
2026.04.10 14:59:36 INFO  Progress (1): 2.6 kB[0m
2026.04.10 14:59:36 INFO  Progress (1): 4.9 kB[0m
2026.04.10 14:59:36 INFO  Progress (1): 6.9 kB[0m
2026.04.10 14:59:36 INFO  Progress (1): 8.4 kB[0m
2026.04.10 14:59:36 INFO  Progress (1): 11 kB [0m
2026.04.10 14:59:36 INFO  Progress (1): 13 kB[0m
2026.04.10 14:59:36 INFO  Progress (1): 15 kB[0m
2026.04.10 14:59:36 INFO  Progress (1): 19 kB[0m
2026.04.10 14:59:36 INFO  Progress (1): 19 kB[0m
2026.04.10 14:59:36 INFO                     [0m
2026.04.10 14:59:36 INFO  Downloaded from central: https://repo.maven.apache.org/maven2/org/infinispan/infinispan-build-configuration-parent/15.0.12.Final/infinispan-build-configuration-parent-15.0.12.Final.pom (19 kB at 694 kB/s)[0m
2026.04.10 14:59:36 INFO  Downloading from central: https://repo.maven.apache.org/maven2/com/fasterxml/jackson/jackson-bom/2.18.2/jackson-bom-2.18.2.pom[0m
2026.04.10 14:59:36 INFO  Progress (1): 926 B[0m
2026.04.10 14:59:36 INFO  Progress (1): 2.7 kB[0m
2026.04.10 14:59:36 INFO  Progress (1): 8.1 kB[0m
2026.04.10 14:59:36 INFO  Progress (1): 17 kB [0m
2026.04.10 14:59:36 INFO  Progress (1): 19 kB[0m
2026.04.10 14:59:36 INFO                     [0m
2026.04.10 14:59:36 INFO  Downloaded from central: https://repo.maven.apache.org/maven2/com/fasterxml/jackson/jackson-bom/2.18.2/jackson-bom-2.18.2.pom (19 kB at 668 kB/s)[0m
2026.04.10 14:59:36 INFO  Downloading from central: https://repo.maven.apache.org/maven2/com/fasterxml/jackson/jackson-parent/2.18.1/jackson-parent-2.18.1.pom[0m
2026.04.10 14:59:36 INFO  Progress (1): 1.1 kB[0m
2026.04.10 14:59:36 INFO  Progress (1): 2.5 kB[0m
2026.04.10 14:59:36 INFO  Progress (1): 4.1 kB[0m
2026.04.10 14:59:36 INFO  Progress (1): 6.3 kB[0m
2026.04.10 14:59:36 INFO  Progress (1): 6.7 kB[0m
2026.04.10 14:59:36 INFO                      [0m
2026.04.10 14:59:36 INFO  Downloaded from central: https://repo.maven.apache.org/maven2/com/fasterxml/jackson/jackson-parent/2.18.1/jackson-parent-2.18.1.pom (6.7 kB at 248 kB/s)[0m
2026.04.10 14:59:36 INFO  Downloading from central: https://repo.maven.apache.org/maven2/com/fasterxml/oss-parent/61/oss-parent-61.pom[0m
2026.04.10 14:59:36 INFO  Progress (1): 952 B[0m
2026.04.10 14:59:36 INFO  Progress (1): 2.6 kB[0m
2026.04.10 14:59:36 INFO  Progress (1): 4.1 kB[0m
2026.04.10 14:59:36 INFO  Progress (1): 7.2 kB[0m
2026.04.10 14:59:36 INFO  Progress (1): 9.7 kB[0m
2026.04.10 14:59:36 INFO  Progress (1): 12 kB [0m
2026.04.10 14:59:36 INFO  Progress (1): 15 kB[0m
2026.04.10 14:59:36 INFO  Progress (1): 16 kB[0m
2026.04.10 14:59:36 INFO  Progress (1): 19 kB[0m
2026.04.10 14:59:36 INFO  Progress (1): 23 kB[0m
2026.04.10 14:59:36 INFO                     [0m
2026.04.10 14:59:36 INFO  Downloaded from central: https://repo.maven.apache.org/maven2/com/fasterxml/oss-parent/61/oss-parent-61.pom (23 kB at 903 kB/s)[0m
2026.04.10 14:59:36 INFO  Downloading from central: https://repo.maven.apache.org/maven2/org/glassfish/jersey/jersey-bom/3.1.10/jersey-bom-3.1.10.pom[0m
2026.04.10 14:59:36 INFO  Progress (1): 857 B[0m
2026.04.10 14:59:36 INFO  Progress (1): 9.3 kB[0m
2026.04.10 14:59:36 INFO  Progress (1): 20 kB [0m
2026.04.10 14:59:36 INFO  Progress (1): 21 kB[0m
2026.04.10 14:59:36 INFO                     [0m
2026.04.10 14:59:36 INFO  Downloaded from central: https://repo.maven.apache.org/maven2/org/glassfish/jersey/jersey-bom/3.1.10/jersey-bom-3.1.10.pom (21 kB at 831 kB/s)[0m
2026.04.10 14:59:36 INFO  Downloading from central: https://repo.maven.apache.org/maven2/org/eclipse/jetty/ee10/jetty-ee10-bom/12.0.16/jetty-ee10-bom-12.0.16.pom[0m
2026.04.10 14:59:36 INFO  Progress (1): 1.1 kB[0m
2026.04.10 14:59:36 INFO  Progress (1): 4.6 kB[0m
2026.04.10 14:59:36 INFO  Progress (1): 9.6 kB[0m
2026.04.10 14:59:36 INFO                      [0m
2026.04.10 14:59:36 INFO  Downloaded from central: https://repo.maven.apache.org/maven2/org/eclipse/jetty/ee10/jetty-ee10-bom/12.0.16/jetty-ee10-bom-12.0.16.pom (9.6 kB at 367 kB/s)[0m
2026.04.10 14:59:36 INFO  Downloading from central: https://repo.maven.apache.org/maven2/org/eclipse/jetty/jetty-bom/12.0.16/jetty-bom-12.0.16.pom[0m
2026.04.10 14:59:36 INFO  Progress (1): 1.1 kB[0m
2026.04.10 14:59:36 INFO  Progress (1): 4.6 kB[0m
2026.04.10 14:59:36 INFO  Progress (1): 14 kB [0m
2026.04.10 14:59:36 INFO                     [0m
2026.04.10 14:59:36 INFO  Downloaded from central: https://repo.maven.apache.org/maven2/org/eclipse/jetty/jetty-bom/12.0.16/jetty-bom-12.0.16.pom (14 kB at 578 kB/s)[0m
2026.04.10 14:59:36 INFO  Downloading from central: https://repo.maven.apache.org/maven2/org/apache/logging/log4j/log4j-bom/2.24.3/log4j-bom-2.24.3.pom[0m
2026.04.10 14:59:36 INFO  Progress (1): 793 B[0m
2026.04.10 14:59:36 INFO  Progress (1): 2.2 kB[0m
2026.04.10 14:59:36 INFO  Progress (1): 5.7 kB[0m
2026.04.10 14:59:36 INFO  Progress (1): 12 kB [0m
2026.04.10 14:59:36 INFO  Progress (1): 12 kB[0m
2026.04.10 14:59:36 INFO                     [0m
2026.04.10 14:59:36 INFO  Downloaded from central: https://repo.maven.apache.org/maven2/org/apache/logging/log4j/log4j-bom/2.24.3/log4j-bom-2.24.3.pom (12 kB at 490 kB/s)[0m
2026.04.10 14:59:36 INFO  Downloading from central: https://repo.maven.apache.org/maven2/org/apache/logging/logging-parent/11.3.0/logging-parent-11.3.0.pom[0m
2026.04.10 14:59:36 INFO  Progress (1): 735 B[0m
2026.04.10 14:59:36 INFO  Progress (1): 2.2 kB[0m
2026.04.10 14:59:36 INFO  Progress (1): 4.7 kB[0m
2026.04.10 14:59:36 INFO  Progress (1): 6.8 kB[0m
2026.04.10 14:59:36 INFO  Progress (1): 9.6 kB[0m
2026.04.10 14:59:36 INFO  Progress (1): 14 kB [0m
2026.04.10 14:59:36 INFO  Progress (1): 17 kB[0m
2026.04.10 14:59:36 INFO  Progress (1): 18 kB[0m
2026.04.10 14:59:36 INFO  Progress (1): 23 kB[0m
2026.04.10 14:59:36 INFO  Progress (1): 28 kB[0m
2026.04.10 14:59:36 INFO  Progress (1): 29 kB[0m
2026.04.10 14:59:36 INFO  Progress (1): 31 kB[0m
2026.04.10 14:59:36 INFO  Progress (1): 33 kB[0m
2026.04.10 14:59:36 INFO  Progress (1): 37 kB[0m
2026.04.10 14:59:36 INFO  Progress (1): 39 kB[0m
2026.04.10 14:59:36 INFO  Progress (1): 41 kB[0m
2026.04.10 14:59:36 INFO  Progress (1): 42 kB[0m
2026.04.10 14:59:36 INFO  Progress (1): 45 kB[0m
2026.04.10 14:59:36 INFO  Progress (1): 50 kB[0m
2026.04.10 14:59:36 INFO  Progress (1): 53 kB[0m
2026.04.10 14:59:36 INFO                     [0m
2026.04.10 14:59:36 INFO  Downloaded from central: https://repo.maven.apache.org/maven2/org/apache/logging/logging-parent/11.3.0/logging-parent-11.3.0.pom (53 kB at 1.7 MB/s)[0m
2026.04.10 14:59:36 INFO  Downloading from central: https://repo.maven.apache.org/maven2/io/micrometer/micrometer-bom/1.14.3/micrometer-bom-1.14.3.pom[0m
2026.04.10 14:59:37 INFO  Progress (1): 1.0 kB[0m
2026.04.10 14:59:37 INFO  Progress (1): 7.7 kB[0m
2026.04.10 14:59:37 INFO  Progress (1): 8.6 kB[0m
2026.04.10 14:59:37 INFO                      [0m
2026.04.10 14:59:37 INFO  Downloaded from central: https://repo.maven.apache.org/maven2/io/micrometer/micrometer-bom/1.14.3/micrometer-bom-1.14.3.pom (8.6 kB at 318 kB/s)[0m
2026.04.10 14:59:37 INFO  Downloading from central: https://repo.maven.apache.org/maven2/io/micrometer/micrometer-tracing-bom/1.4.2/micrometer-tracing-bom-1.4.2.pom[0m
2026.04.10 14:59:37 INFO  Progress (1): 1.0 kB[0m
2026.04.10 14:59:37 INFO  Progress (1): 3.9 kB[0m
2026.04.10 14:59:37 INFO  Progress (1): 4.5 kB[0m
2026.04.10 14:59:37 INFO                      [0m
2026.04.10 14:59:37 INFO  Downloaded from central: https://repo.maven.apache.org/maven2/io/micrometer/micrometer-tracing-bom/1.4.2/micrometer-tracing-bom-1.4.2.pom (4.5 kB at 180 kB/s)[0m
2026.04.10 14:59:37 INFO  Downloading from central: https://repo.maven.apache.org/maven2/org/mockito/mockito-bom/5.14.2/mockito-bom-5.14.2.pom[0m
2026.04.10 14:59:37 INFO  Progress (1): 1.4 kB[0m
2026.04.10 14:59:37 INFO  Progress (1): 3.0 kB[0m
2026.04.10 14:59:37 INFO                      [0m
2026.04.10 14:59:37 INFO  Downloaded from central: https://repo.maven.apache.org/maven2/org/mockito/mockito-bom/5.14.2/mockito-bom-5.14.2.pom (3.0 kB at 123 kB/s)[0m
2026.04.10 14:59:37 INFO  Downloading from central: https://repo.maven.apache.org/maven2/io/netty/netty-bom/4.1.117.Final/netty-bom-4.1.117.Final.pom[0m
2026.04.10 14:59:37 INFO  Progress (1): 786 B[0m
2026.04.10 14:59:37 INFO  Progress (1): 2.4 kB[0m
2026.04.10 14:59:37 INFO  Progress (1): 12 kB [0m
2026.04.10 14:59:37 INFO  Progress (1): 14 kB[0m
2026.04.10 14:59:37 INFO                     [0m
2026.04.10 14:59:37 INFO  Downloaded from central: https://repo.maven.apache.org/maven2/io/netty/netty-bom/4.1.117.Final/netty-bom-4.1.117.Final.pom (14 kB at 491 kB/s)[0m
2026.04.10 14:59:37 INFO  Downloading from central: https://repo.maven.apache.org/maven2/io/opentelemetry/opentelemetry-bom/1.43.0/opentelemetry-bom-1.43.0.pom[0m
2026.04.10 14:59:37 INFO  Progress (1): 956 B[0m
2026.04.10 14:59:37 INFO  Progress (1): 5.9 kB[0m
2026.04.10 14:59:37 INFO                      [0m
2026.04.10 14:59:37 INFO  Downloaded from central: https://repo.maven.apache.org/maven2/io/opentelemetry/opentelemetry-bom/1.43.0/opentelemetry-bom-1.43.0.pom (5.9 kB at 113 kB/s)[0m
2026.04.10 14:59:37 INFO  Downloading from central: https://repo.maven.apache.org/maven2/io/prometheus/prometheus-metrics-bom/1.3.5/prometheus-metrics-bom-1.3.5.pom[0m
2026.04.10 14:59:37 INFO  Progress (1): 3.1 kB[0m
2026.04.10 14:59:37 INFO  Progress (1): 5.5 kB[0m
2026.04.10 14:59:37 INFO                      [0m
2026.04.10 14:59:37 INFO  Downloaded from central: https://repo.maven.apache.org/maven2/io/prometheus/prometheus-metrics-bom/1.3.5/prometheus-metrics-bom-1.3.5.pom (5.5 kB at 179 kB/s)[0m
2026.04.10 14:59:37 INFO  Downloading from central: https://repo.maven.apache.org/maven2/io/prometheus/client_java/1.3.5/client_java-1.3.5.pom[0m
2026.04.10 14:59:37 INFO  Progress (1): 1.0 kB[0m
2026.04.10 14:59:37 INFO  Progress (1): 3.5 kB[0m
2026.04.10 14:59:37 INFO  Progress (1): 7.1 kB[0m
2026.04.10 14:59:37 INFO  Progress (1): 11 kB [0m
2026.04.10 14:59:37 INFO  Progress (1): 15 kB[0m
2026.04.10 14:59:37 INFO  Progress (1): 18 kB[0m
2026.04.10 14:59:37 INFO  Progress (1): 22 kB[0m
2026.04.10 14:59:37 INFO  Progress (1): 22 kB[0m
2026.04.10 14:59:37 INFO                     [0m
2026.04.10 14:59:37 INFO  Downloaded from central: https://repo.maven.apache.org/maven2/io/prometheus/client_java/1.3.5/client_java-1.3.5.pom (22 kB at 649 kB/s)[0m
2026.04.10 14:59:37 INFO  Downloading from central: https://repo.maven.apache.org/maven2/org/apache/pulsar/pulsar-bom/3.3.4/pulsar-bom-3.3.4.pom[0m
2026.04.10 14:59:37 INFO  Progress (1): 809 B[0m
2026.04.10 14:59:37 INFO  Progress (1): 2.5 kB[0m
2026.04.10 14:59:37 INFO  Progress (1): 4.5 kB[0m
2026.04.10 14:59:37 INFO  Progress (1): 14 kB [0m
2026.04.10 14:59:37 INFO  Progress (1): 26 kB[0m
2026.04.10 14:59:37 INFO                     [0m
2026.04.10 14:59:37 INFO  Downloaded from central: https://repo.maven.apache.org/maven2/org/apache/pulsar/pulsar-bom/3.3.4/pulsar-bom-3.3.4.pom (26 kB at 991 kB/s)[0m
2026.04.10 14:59:37 INFO  Downloading from central: https://repo.maven.apache.org/maven2/io/projectreactor/reactor-bom/2024.0.2/reactor-bom-2024.0.2.pom[0m
2026.04.10 14:59:37 INFO  Progress (1): 907 B[0m
2026.04.10 14:59:37 INFO  Progress (1): 4.4 kB[0m
2026.04.10 14:59:37 INFO  Progress (1): 4.8 kB[0m
2026.04.10 14:59:37 INFO                      [0m
2026.04.10 14:59:37 INFO  Downloaded from central: https://repo.maven.apache.org/maven2/io/projectreactor/reactor-bom/2024.0.2/reactor-bom-2024.0.2.pom (4.8 kB at 183 kB/s)[0m
2026.04.10 14:59:37 INFO  Downloading from central: https://repo.maven.apache.org/maven2/io/rest-assured/rest-assured-bom/5.5.0/rest-assured-bom-5.5.0.pom[0m
2026.04.10 14:59:37 INFO  Progress (1): 1.1 kB[0m
2026.04.10 14:59:37 INFO  Progress (1): 5.0 kB[0m
2026.04.10 14:59:37 INFO                      [0m
2026.04.10 14:59:37 INFO  Downloaded from central: https://repo.maven.apache.org/maven2/io/rest-assured/rest-assured-bom/5.5.0/rest-assured-bom-5.5.0.pom (5.0 kB at 186 kB/s)[0m
2026.04.10 14:59:37 INFO  Downloading from central: https://repo.maven.apache.org/maven2/org/seleniumhq/selenium/selenium-bom/4.25.0/selenium-bom-4.25.0.pom[0m
2026.04.10 14:59:37 INFO  Progress (1): 1.1 kB[0m
2026.04.10 14:59:37 INFO  Progress (1): 6.0 kB[0m
2026.04.10 14:59:37 INFO                      [0m
2026.04.10 14:59:37 INFO  Downloaded from central: https://repo.maven.apache.org/maven2/org/seleniumhq/selenium/selenium-bom/4.25.0/selenium-bom-4.25.0.pom (6.0 kB at 241 kB/s)[0m
2026.04.10 14:59:37 INFO  Downloading from central: https://repo.maven.apache.org/maven2/org/springframework/amqp/spring-amqp-bom/3.2.2/spring-amqp-bom-3.2.2.pom[0m
2026.04.10 14:59:37 INFO  Progress (1): 963 B[0m
2026.04.10 14:59:37 INFO  Progress (1): 3.9 kB[0m
2026.04.10 14:59:37 INFO                      [0m
2026.04.10 14:59:37 INFO  Downloaded from central: https://repo.maven.apache.org/maven2/org/springframework/amqp/spring-amqp-bom/3.2.2/spring-amqp-bom-3.2.2.pom (3.9 kB at 114 kB/s)[0m
2026.04.10 14:59:37 INFO  Downloading from central: https://repo.maven.apache.org/maven2/org/springframework/batch/spring-batch-bom/5.2.1/spring-batch-bom-5.2.1.pom[0m
2026.04.10 14:59:37 INFO  Progress (1): 1.2 kB[0m
2026.04.10 14:59:37 INFO  Progress (1): 3.2 kB[0m
2026.04.10 14:59:37 INFO                      [0m
2026.04.10 14:59:37 INFO  Downloaded from central: https://repo.maven.apache.org/maven2/org/springframework/batch/spring-batch-bom/5.2.1/spring-batch-bom-5.2.1.pom (3.2 kB at 130 kB/s)[0m
2026.04.10 14:59:37 INFO  Downloading from central: https://repo.maven.apache.org/maven2/org/springframework/data/spring-data-bom/2024.1.2/spring-data-bom-2024.1.2.pom[0m
2026.04.10 14:59:37 INFO  Progress (1): 960 B[0m
2026.04.10 14:59:37 INFO  Progress (1): 2.5 kB[0m
2026.04.10 14:59:37 INFO  Progress (1): 5.5 kB[0m
2026.04.10 14:59:37 INFO                      [0m
2026.04.10 14:59:37 INFO  Downloaded from central: https://repo.maven.apache.org/maven2/org/springframework/data/spring-data-bom/2024.1.2/spring-data-bom-2024.1.2.pom (5.5 kB at 220 kB/s)[0m
2026.04.10 14:59:37 INFO  Downloading from central: https://repo.maven.apache.org/maven2/org/springframework/spring-framework-bom/6.2.2/spring-framework-bom-6.2.2.pom[0m
2026.04.10 14:59:37 INFO  Progress (1): 979 B[0m
2026.04.10 14:59:37 INFO  Progress (1): 5.8 kB[0m
2026.04.10 14:59:37 INFO                      [0m
2026.04.10 14:59:37 INFO  Downloaded from central: https://repo.maven.apache.org/maven2/org/springframework/spring-framework-bom/6.2.2/spring-framework-bom-6.2.2.pom (5.8 kB at 264 kB/s)[0m
2026.04.10 14:59:37 INFO  Downloading from central: https://repo.maven.apache.org/maven2/org/springframework/integration/spring-integration-bom/6.4.1/spring-integration-bom-6.4.1.pom[0m
2026.04.10 14:59:37 INFO  Progress (1): 961 B[0m
2026.04.10 14:59:37 INFO  Progress (1): 6.7 kB[0m
2026.04.10 14:59:37 INFO  Progress (1): 10 kB [0m
2026.04.10 14:59:37 INFO                     [0m
2026.04.10 14:59:37 INFO  Downloaded from central: https://repo.maven.apache.org/maven2/org/springframework/integration/spring-integration-bom/6.4.1/spring-integration-bom-6.4.1.pom (10 kB at 331 kB/s)[0m
2026.04.10 14:59:37 INFO  Downloading from central: https://repo.maven.apache.org/maven2/org/springframework/pulsar/spring-pulsar-bom/1.2.2/spring-pulsar-bom-1.2.2.pom[0m
2026.04.10 14:59:37 INFO  Progress (1): 959 B[0m
2026.04.10 14:59:37 INFO  Progress (1): 2.9 kB[0m
2026.04.10 14:59:37 INFO                      [0m
2026.04.10 14:59:37 INFO  Downloaded from central: https://repo.maven.apache.org/maven2/org/springframework/pulsar/spring-pulsar-bom/1.2.2/spring-pulsar-bom-1.2.2.pom (2.9 kB at 108 kB/s)[0m
2026.04.10 14:59:37 INFO  Downloading from central: https://repo.maven.apache.org/maven2/org/springframework/restdocs/spring-restdocs-bom/3.0.3/spring-restdocs-bom-3.0.3.pom[0m
2026.04.10 14:59:37 INFO  Progress (1): 1.1 kB[0m
2026.04.10 14:59:37 INFO  Progress (1): 2.6 kB[0m
2026.04.10 14:59:37 INFO                      [0m
2026.04.10 14:59:37 INFO  Downloaded from central: https://repo.maven.apache.org/maven2/org/springframework/restdocs/spring-restdocs-bom/3.0.3/spring-restdocs-bom-3.0.3.pom (2.6 kB at 74 kB/s)[0m
2026.04.10 14:59:37 INFO  Downloading from central: https://repo.maven.apache.org/maven2/org/springframework/security/spring-security-bom/6.4.2/spring-security-bom-6.4.2.pom[0m
2026.04.10 14:59:37 INFO  Progress (1): 973 B[0m
2026.04.10 14:59:37 INFO  Progress (1): 5.3 kB[0m
2026.04.10 14:59:37 INFO                      [0m
2026.04.10 14:59:37 INFO  Downloaded from central: https://repo.maven.apache.org/maven2/org/springframework/security/spring-security-bom/6.4.2/spring-security-bom-6.4.2.pom (5.3 kB at 213 kB/s)[0m
2026.04.10 14:59:37 INFO  Downloading from central: https://repo.maven.apache.org/maven2/org/springframework/session/spring-session-bom/3.4.1/spring-session-bom-3.4.1.pom[0m
2026.04.10 14:59:37 INFO  Progress (1): 1.0 kB[0m
2026.04.10 14:59:37 INFO  Progress (1): 2.9 kB[0m
2026.04.10 14:59:37 INFO                      [0m
2026.04.10 14:59:37 INFO  Downloaded from central: https://repo.maven.apache.org/maven2/org/springframework/session/spring-session-bom/3.4.1/spring-session-bom-3.4.1.pom (2.9 kB at 96 kB/s)[0m
2026.04.10 14:59:37 INFO  Downloading from central: https://repo.maven.apache.org/maven2/org/testcontainers/testcontainers-bom/1.20.4/testcontainers-bom-1.20.4.pom[0m
2026.04.10 14:59:37 INFO  Progress (1): 1.2 kB[0m
2026.04.10 14:59:37 INFO  Progress (1): 11 kB [0m
2026.04.10 14:59:37 INFO                     [0m
2026.04.10 14:59:37 INFO  Downloaded from central: https://repo.maven.apache.org/maven2/org/testcontainers/testcontainers-bom/1.20.4/testcontainers-bom-1.20.4.pom (11 kB at 443 kB/s)[0m
2026.04.10 14:59:37 INFO  Downloading from central: https://repo.maven.apache.org/maven2/ch/epfl/scala/bloop-maven-plugin/2.0.3/bloop-maven-plugin-2.0.3.pom[0m
2026.04.10 14:59:37 INFO  Progress (1): 1.1 kB[0m
2026.04.10 14:59:37 INFO  Progress (1): 3.1 kB[0m
2026.04.10 14:59:37 INFO  Progress (1): 6.3 kB[0m
2026.04.10 14:59:37 INFO  Progress (1): 8.0 kB[0m
2026.04.10 14:59:37 INFO                      [0m
2026.04.10 14:59:37 INFO  Downloaded from central: https://repo.maven.apache.org/maven2/ch/epfl/scala/bloop-maven-plugin/2.0.3/bloop-maven-plugin-2.0.3.pom (8.0 kB at 182 kB/s)[0m
2026.04.10 14:59:37 INFO  Downloading from central: https://repo.maven.apache.org/maven2/ch/epfl/scala/bloop-maven-plugin/2.0.3/bloop-maven-plugin-2.0.3.jar[0m
2026.04.10 14:59:37 INFO  Progress (1): 7.7/44 kB[0m
2026.04.10 14:59:37 INFO  Progress (1): 16/44 kB [0m
2026.04.10 14:59:37 INFO  Progress (1): 25/44 kB[0m
2026.04.10 14:59:37 INFO  Progress (1): 41/44 kB[0m
2026.04.10 14:59:37 INFO  Progress (1): 44 kB   [0m
2026.04.10 14:59:37 INFO                     [0m
2026.04.10 14:59:37 INFO  Downloaded from central: https://repo.maven.apache.org/maven2/ch/epfl/scala/bloop-maven-plugin/2.0.3/bloop-maven-plugin-2.0.3.jar (44 kB at 1.1 MB/s)[0m
2026.04.10 14:59:37 INFO  [INFO] [0m
2026.04.10 14:59:37 INFO  [INFO] -------------------< fr.takima.training:simple-api >--------------------[0m
2026.04.10 14:59:37 INFO  [INFO] Building simple-api 0.0.1-SNAPSHOT[0m
2026.04.10 14:59:37 INFO  [INFO]   from pom.xml[0m
2026.04.10 14:59:37 INFO  [INFO] --------------------------------[ jar ]---------------------------------[0m
2026.04.10 14:59:37 INFO  Downloading from central: https://repo.maven.apache.org/maven2/org/springframework/boot/spring-boot-maven-plugin/3.4.2/spring-boot-maven-plugin-3.4.2.pom[0m
2026.04.10 14:59:37 INFO  Progress (1): 1.3 kB[0m
2026.04.10 14:59:37 INFO  Progress (1): 4.0 kB[0m
2026.04.10 14:59:37 INFO                      [0m
2026.04.10 14:59:37 INFO  Downloaded from central: https://repo.maven.apache.org/maven2/org/springframework/boot/spring-boot-maven-plugin/3.4.2/spring-boot-maven-plugin-3.4.2.pom (4.0 kB at 138 kB/s)[0m
2026.04.10 14:59:37 INFO  Downloading from central: https://repo.maven.apache.org/maven2/org/springframework/boot/spring-boot-maven-plugin/3.4.2/spring-boot-maven-plugin-3.4.2.jar[0m
2026.04.10 14:59:37 INFO  Progress (1): 7.7/137 kB[0m
2026.04.10 14:59:37 INFO  Progress (1): 8.2/137 kB[0m
2026.04.10 14:59:37 INFO  Progress (1): 25/137 kB [0m
2026.04.10 14:59:37 INFO  Progress (1): 41/137 kB[0m
2026.04.10 14:59:37 INFO  Progress (1): 57/137 kB[0m
2026.04.10 14:59:37 INFO  Progress (1): 74/137 kB[0m
2026.04.10 14:59:37 INFO  Progress (1): 90/137 kB[0m
2026.04.10 14:59:37 INFO  Progress (1): 106/137 kB[0m
2026.04.10 14:59:37 INFO  Progress (1): 123/137 kB[0m
2026.04.10 14:59:37 INFO  Progress (1): 137 kB    [0m
2026.04.10 14:59:37 INFO                      [0m
2026.04.10 14:59:37 INFO  Downloaded from central: https://repo.maven.apache.org/maven2/org/springframework/boot/spring-boot-maven-plugin/3.4.2/spring-boot-maven-plugin-3.4.2.jar (137 kB at 3.3 MB/s)[0m
2026.04.10 14:59:37 INFO  Downloading from central: https://repo.maven.apache.org/maven2/org/apache/maven/plugins/maven-failsafe-plugin/3.5.2/maven-failsafe-plugin-3.5.2.pom[0m
2026.04.10 14:59:37 INFO  Progress (1): 812 B[0m
2026.04.10 14:59:37 INFO  Progress (1): 3.2 kB[0m
2026.04.10 14:59:37 INFO  Progress (1): 6.1 kB[0m
2026.04.10 14:59:37 INFO  Progress (1): 9.9 kB[0m
2026.04.10 14:59:37 INFO  Progress (1): 11 kB [0m
2026.04.10 14:59:37 INFO                     [0m
2026.04.10 14:59:37 INFO  Downloaded from central: https://repo.maven.apache.org/maven2/org/apache/maven/plugins/maven-failsafe-plugin/3.5.2/maven-failsafe-plugin-3.5.2.pom (11 kB at 437 kB/s)[0m
2026.04.10 14:59:37 INFO  Downloading from central: https://repo.maven.apache.org/maven2/org/apache/maven/surefire/surefire/3.5.2/surefire-3.5.2.pom[0m
2026.04.10 14:59:37 INFO  Progress (1): 787 B[0m
2026.04.10 14:59:37 INFO  Progress (1): 2.4 kB[0m
2026.04.10 14:59:37 INFO  Progress (1): 4.1 kB[0m
2026.04.10 14:59:37 INFO  Progress (1): 7.5 kB[0m
2026.04.10 14:59:37 INFO  Progress (1): 11 kB [0m
2026.04.10 14:59:37 INFO  Progress (1): 13 kB[0m
2026.04.10 14:59:37 INFO  Progress (1): 16 kB[0m
2026.04.10 14:59:37 INFO  Progress (1): 18 kB[0m
2026.04.10 14:59:37 INFO  Progress (1): 20 kB[0m
2026.04.10 14:59:37 INFO                     [0m
2026.04.10 14:59:37 INFO  Downloaded from central: https://repo.maven.apache.org/maven2/org/apache/maven/surefire/surefire/3.5.2/surefire-3.5.2.pom (20 kB at 776 kB/s)[0m
2026.04.10 14:59:37 INFO  Downloading from central: https://repo.maven.apache.org/maven2/org/apache/maven/maven-parent/43/maven-parent-43.pom[0m
2026.04.10 14:59:37 INFO  Progress (1): 720 B[0m
2026.04.10 14:59:37 INFO  Progress (1): 1.9 kB[0m
2026.04.10 14:59:37 INFO  Progress (1): 5.5 kB[0m
2026.04.10 14:59:37 INFO  Progress (1): 9.9 kB[0m
2026.04.10 14:59:37 INFO  Progress (1): 14 kB [0m
2026.04.10 14:59:37 INFO  Progress (1): 19 kB[0m
2026.04.10 14:59:37 INFO  Progress (1): 23 kB[0m
2026.04.10 14:59:37 INFO  Progress (1): 26 kB[0m
2026.04.10 14:59:37 INFO  Progress (1): 28 kB[0m
2026.04.10 14:59:37 INFO  Progress (1): 31 kB[0m
2026.04.10 14:59:37 INFO  Progress (1): 34 kB[0m
2026.04.10 14:59:37 INFO  Progress (1): 38 kB[0m
2026.04.10 14:59:37 INFO  Progress (1): 41 kB[0m
2026.04.10 14:59:37 INFO  Progress (1): 43 kB[0m
2026.04.10 14:59:37 INFO  Progress (1): 48 kB[0m
2026.04.10 14:59:37 INFO  Progress (1): 48 kB[0m
2026.04.10 14:59:37 INFO  Progress (1): 50 kB[0m
2026.04.10 14:59:37 INFO                     [0m
2026.04.10 14:59:37 INFO  Downloaded from central: https://repo.maven.apache.org/maven2/org/apache/maven/maven-parent/43/maven-parent-43.pom (50 kB at 1.9 MB/s)[0m
2026.04.10 14:59:37 INFO  Downloading from central: https://repo.maven.apache.org/maven2/org/apache/maven/plugins/maven-failsafe-plugin/3.5.2/maven-failsafe-plugin-3.5.2.jar[0m
2026.04.10 14:59:37 INFO  Progress (1): 7.7/57 kB[0m
2026.04.10 14:59:37 INFO  Progress (1): 16/57 kB [0m
2026.04.10 14:59:37 INFO  Progress (1): 29/57 kB[0m
2026.04.10 14:59:37 INFO  Progress (1): 45/57 kB[0m
2026.04.10 14:59:37 INFO  Progress (1): 57 kB   [0m
2026.04.10 14:59:37 INFO                     [0m
2026.04.10 14:59:37 INFO  Downloaded from central: https://repo.maven.apache.org/maven2/org/apache/maven/plugins/maven-failsafe-plugin/3.5.2/maven-failsafe-plugin-3.5.2.jar (57 kB at 2.4 MB/s)[0m
2026.04.10 14:59:37 INFO  Downloading from central: https://repo.maven.apache.org/maven2/org/jacoco/jacoco-maven-plugin/0.8.12/jacoco-maven-plugin-0.8.12.pom[0m
2026.04.10 14:59:37 INFO  Progress (1): 876 B[0m
2026.04.10 14:59:37 INFO  Progress (1): 3.3 kB[0m
2026.04.10 14:59:37 INFO  Progress (1): 4.2 kB[0m
2026.04.10 14:59:37 INFO                      [0m
2026.04.10 14:59:37 INFO  Downloaded from central: https://repo.maven.apache.org/maven2/org/jacoco/jacoco-maven-plugin/0.8.12/jacoco-maven-plugin-0.8.12.pom (4.2 kB at 141 kB/s)[0m
2026.04.10 14:59:37 INFO  Downloading from central: https://repo.maven.apache.org/maven2/org/jacoco/org.jacoco.build/0.8.12/org.jacoco.build-0.8.12.pom[0m
2026.04.10 14:59:37 INFO  Progress (1): 748 B[0m
2026.04.10 14:59:37 INFO  Progress (1): 2.6 kB[0m
2026.04.10 14:59:37 INFO  Progress (1): 4.6 kB[0m
2026.04.10 14:59:37 INFO  Progress (1): 8.5 kB[0m
2026.04.10 14:59:37 INFO  Progress (1): 13 kB [0m
2026.04.10 14:59:37 INFO  Progress (1): 17 kB[0m
2026.04.10 14:59:37 INFO  Progress (1): 19 kB[0m
2026.04.10 14:59:37 INFO  Progress (1): 23 kB[0m
2026.04.10 14:59:37 INFO  Progress (1): 25 kB[0m
2026.04.10 14:59:37 INFO  Progress (1): 27 kB[0m
2026.04.10 14:59:37 INFO  Progress (1): 31 kB[0m
2026.04.10 14:59:37 INFO  Progress (1): 37 kB[0m
2026.04.10 14:59:37 INFO  Progress (1): 43 kB[0m
2026.04.10 14:59:37 INFO                     [0m
2026.04.10 14:59:37 INFO  Downloaded from central: https://repo.maven.apache.org/maven2/org/jacoco/org.jacoco.build/0.8.12/org.jacoco.build-0.8.12.pom (43 kB at 1.5 MB/s)[0m
2026.04.10 14:59:37 INFO  Downloading from central: https://repo.maven.apache.org/maven2/org/ow2/asm/asm-bom/9.7/asm-bom-9.7.pom[0m
2026.04.10 14:59:38 INFO  Progress (1): 1.1 kB[0m
2026.04.10 14:59:38 INFO  Progress (1): 3.3 kB[0m
2026.04.10 14:59:38 INFO                      [0m
2026.04.10 14:59:38 INFO  Downloaded from central: https://repo.maven.apache.org/maven2/org/ow2/asm/asm-bom/9.7/asm-bom-9.7.pom (3.3 kB at 108 kB/s)[0m
2026.04.10 14:59:38 INFO  Downloading from central: https://repo.maven.apache.org/maven2/org/jacoco/jacoco-maven-plugin/0.8.12/jacoco-maven-plugin-0.8.12.jar[0m
2026.04.10 14:59:38 INFO  Progress (1): 7.7/57 kB[0m
2026.04.10 14:59:38 INFO  Progress (1): 16/57 kB [0m
2026.04.10 14:59:38 INFO  Progress (1): 32/57 kB[0m
2026.04.10 14:59:38 INFO  Progress (1): 48/57 kB[0m
2026.04.10 14:59:38 INFO  Progress (1): 57 kB   [0m
2026.04.10 14:59:38 INFO                     [0m
2026.04.10 14:59:38 INFO  Downloaded from central: https://repo.maven.apache.org/maven2/org/jacoco/jacoco-maven-plugin/0.8.12/jacoco-maven-plugin-0.8.12.jar (57 kB at 2.3 MB/s)[0m
2026.04.10 14:59:38 INFO  Downloading from central: https://repo.maven.apache.org/maven2/org/springframework/boot/spring-boot-starter-data-jpa/3.4.2/spring-boot-starter-data-jpa-3.4.2.pom[0m
2026.04.10 14:59:38 INFO  Progress (1): 976 B[0m
2026.04.10 14:59:38 INFO  Progress (1): 2.9 kB[0m
2026.04.10 14:59:38 INFO                      [0m
2026.04.10 14:59:38 INFO  Downloaded from central: https://repo.maven.apache.org/maven2/org/springframework/boot/spring-boot-starter-data-jpa/3.4.2/spring-boot-starter-data-jpa-3.4.2.pom (2.9 kB at 106 kB/s)[0m
2026.04.10 14:59:38 INFO  Downloading from central: https://repo.maven.apache.org/maven2/org/springframework/boot/spring-boot-starter/3.4.2/spring-boot-starter-3.4.2.pom[0m
2026.04.10 14:59:38 INFO  Progress (1): 947 B[0m
2026.04.10 14:59:38 INFO  Progress (1): 3.0 kB[0m
2026.04.10 14:59:38 INFO                      [0m
2026.04.10 14:59:38 INFO  Downloaded from central: https://repo.maven.apache.org/maven2/org/springframework/boot/spring-boot-starter/3.4.2/spring-boot-starter-3.4.2.pom (3.0 kB at 122 kB/s)[0m
2026.04.10 14:59:38 INFO  Downloading from central: https://repo.maven.apache.org/maven2/org/springframework/boot/spring-boot/3.4.2/spring-boot-3.4.2.pom[0m
2026.04.10 14:59:38 INFO  Progress (1): 1.0 kB[0m
2026.04.10 14:59:38 INFO  Progress (1): 2.2 kB[0m
2026.04.10 14:59:38 INFO                      [0m
2026.04.10 14:59:38 INFO  Downloaded from central: https://repo.maven.apache.org/maven2/org/springframework/boot/spring-boot/3.4.2/spring-boot-3.4.2.pom (2.2 kB at 73 kB/s)[0m
2026.04.10 14:59:38 INFO  Downloading from central: https://repo.maven.apache.org/maven2/org/springframework/spring-core/6.2.2/spring-core-6.2.2.pom[0m
2026.04.10 14:59:38 INFO  Progress (1): 1.1 kB[0m
2026.04.10 14:59:38 INFO  Progress (1): 2.0 kB[0m
2026.04.10 14:59:38 INFO                      [0m
2026.04.10 14:59:38 INFO  Downloaded from central: https://repo.maven.apache.org/maven2/org/springframework/spring-core/6.2.2/spring-core-6.2.2.pom (2.0 kB at 70 kB/s)[0m
2026.04.10 14:59:38 INFO  Downloading from central: https://repo.maven.apache.org/maven2/org/springframework/spring-jcl/6.2.2/spring-jcl-6.2.2.pom[0m
2026.04.10 14:59:38 INFO  Progress (1): 1.1 kB[0m
2026.04.10 14:59:38 INFO  Progress (1): 1.8 kB[0m
2026.04.10 14:59:38 INFO                      [0m
2026.04.10 14:59:38 INFO  Downloaded from central: https://repo.maven.apache.org/maven2/org/springframework/spring-jcl/6.2.2/spring-jcl-6.2.2.pom (1.8 kB at 77 kB/s)[0m
2026.04.10 14:59:38 INFO  Downloading from central: https://repo.maven.apache.org/maven2/org/springframework/spring-context/6.2.2/spring-context-6.2.2.pom[0m
2026.04.10 14:59:38 INFO  Progress (1): 1.0 kB[0m
2026.04.10 14:59:38 INFO  Progress (1): 2.8 kB[0m
2026.04.10 14:59:38 INFO                      [0m
2026.04.10 14:59:38 INFO  Downloaded from central: https://repo.maven.apache.org/maven2/org/springframework/spring-context/6.2.2/spring-context-6.2.2.pom (2.8 kB at 107 kB/s)[0m
2026.04.10 14:59:38 INFO  Downloading from central: https://repo.maven.apache.org/maven2/org/springframework/spring-aop/6.2.2/spring-aop-6.2.2.pom[0m
2026.04.10 14:59:38 INFO  Progress (1): 1.1 kB[0m
2026.04.10 14:59:38 INFO  Progress (1): 2.2 kB[0m
2026.04.10 14:59:38 INFO                      [0m
2026.04.10 14:59:38 INFO  Downloaded from central: https://repo.maven.apache.org/maven2/org/springframework/spring-aop/6.2.2/spring-aop-6.2.2.pom (2.2 kB at 92 kB/s)[0m
2026.04.10 14:59:38 INFO  Downloading from central: https://repo.maven.apache.org/maven2/org/springframework/spring-beans/6.2.2/spring-beans-6.2.2.pom[0m
2026.04.10 14:59:38 INFO  Progress (1): 1.1 kB[0m
2026.04.10 14:59:38 INFO  Progress (1): 2.0 kB[0m
2026.04.10 14:59:38 INFO                      [0m
2026.04.10 14:59:38 INFO  Downloaded from central: https://repo.maven.apache.org/maven2/org/springframework/spring-beans/6.2.2/spring-beans-6.2.2.pom (2.0 kB at 75 kB/s)[0m
2026.04.10 14:59:38 INFO  Downloading from central: https://repo.maven.apache.org/maven2/org/springframework/spring-expression/6.2.2/spring-expression-6.2.2.pom[0m
2026.04.10 14:59:38 INFO  Progress (1): 1.1 kB[0m
2026.04.10 14:59:38 INFO  Progress (1): 2.1 kB[0m
2026.04.10 14:59:38 INFO                      [0m
2026.04.10 14:59:38 INFO  Downloaded from central: https://repo.maven.apache.org/maven2/org/springframework/spring-expression/6.2.2/spring-expression-6.2.2.pom (2.1 kB at 80 kB/s)[0m
2026.04.10 14:59:38 INFO  Downloading from central: https://repo.maven.apache.org/maven2/io/micrometer/micrometer-observation/1.14.3/micrometer-observation-1.14.3.pom[0m
2026.04.10 14:59:38 INFO  Progress (1): 1.1 kB[0m
2026.04.10 14:59:38 INFO  Progress (1): 3.4 kB[0m
2026.04.10 14:59:38 INFO  Progress (1): 3.8 kB[0m
2026.04.10 14:59:38 INFO                      [0m
2026.04.10 14:59:38 INFO  Downloaded from central: https://repo.maven.apache.org/maven2/io/micrometer/micrometer-observation/1.14.3/micrometer-observation-1.14.3.pom (3.8 kB at 167 kB/s)[0m
2026.04.10 14:59:38 INFO  Downloading from central: https://repo.maven.apache.org/maven2/io/micrometer/micrometer-commons/1.14.3/micrometer-commons-1.14.3.pom[0m
2026.04.10 14:59:38 INFO  Progress (1): 1.1 kB[0m
2026.04.10 14:59:38 INFO  Progress (1): 3.1 kB[0m
2026.04.10 14:59:38 INFO  Progress (1): 3.4 kB[0m
2026.04.10 14:59:38 INFO                      [0m
2026.04.10 14:59:38 INFO  Downloaded from central: https://repo.maven.apache.org/maven2/io/micrometer/micrometer-commons/1.14.3/micrometer-commons-1.14.3.pom (3.4 kB at 142 kB/s)[0m
2026.04.10 14:59:38 INFO  Downloading from central: https://repo.maven.apache.org/maven2/org/springframework/boot/spring-boot-autoconfigure/3.4.2/spring-boot-autoconfigure-3.4.2.pom[0m
2026.04.10 14:59:38 INFO  Progress (1): 1.0 kB[0m
2026.04.10 14:59:38 INFO  Progress (1): 2.1 kB[0m
2026.04.10 14:59:38 INFO                      [0m
2026.04.10 14:59:38 INFO  Downloaded from central: https://repo.maven.apache.org/maven2/org/springframework/boot/spring-boot-autoconfigure/3.4.2/spring-boot-autoconfigure-3.4.2.pom (2.1 kB at 79 kB/s)[0m
2026.04.10 14:59:38 INFO  Downloading from central: https://repo.maven.apache.org/maven2/org/springframework/boot/spring-boot-starter-logging/3.4.2/spring-boot-starter-logging-3.4.2.pom[0m
2026.04.10 14:59:38 INFO  Progress (1): 983 B[0m
2026.04.10 14:59:38 INFO  Progress (1): 2.5 kB[0m
2026.04.10 14:59:38 INFO                      [0m
2026.04.10 14:59:38 INFO  Downloaded from central: https://repo.maven.apache.org/maven2/org/springframework/boot/spring-boot-starter-logging/3.4.2/spring-boot-starter-logging-3.4.2.pom (2.5 kB at 95 kB/s)[0m
2026.04.10 14:59:38 INFO  Downloading from central: https://repo.maven.apache.org/maven2/ch/qos/logback/logback-classic/1.5.16/logback-classic-1.5.16.pom[0m
2026.04.10 14:59:38 INFO  Progress (1): 1.7 kB[0m
2026.04.10 14:59:38 INFO  Progress (1): 4.8 kB[0m
2026.04.10 14:59:38 INFO  Progress (1): 8.2 kB[0m
2026.04.10 14:59:38 INFO  Progress (1): 11 kB [0m
2026.04.10 14:59:38 INFO  Progress (1): 13 kB[0m
2026.04.10 14:59:38 INFO  Progress (1): 13 kB[0m
2026.04.10 14:59:38 INFO                     [0m
2026.04.10 14:59:38 INFO  Downloaded from central: https://repo.maven.apache.org/maven2/ch/qos/logback/logback-classic/1.5.16/logback-classic-1.5.16.pom (13 kB at 500 kB/s)[0m
2026.04.10 14:59:38 INFO  Downloading from central: https://repo.maven.apache.org/maven2/ch/qos/logback/logback-parent/1.5.16/logback-parent-1.5.16.pom[0m
2026.04.10 14:59:38 INFO  Progress (1): 1.1 kB[0m
2026.04.10 14:59:38 INFO  Progress (1): 2.7 kB[0m
2026.04.10 14:59:38 INFO  Progress (1): 4.9 kB[0m
2026.04.10 14:59:38 INFO  Progress (1): 10 kB [0m
2026.04.10 14:59:38 INFO  Progress (1): 14 kB[0m
2026.04.10 14:59:38 INFO  Progress (1): 17 kB[0m
2026.04.10 14:59:38 INFO  Progress (1): 18 kB[0m
2026.04.10 14:59:38 INFO                     [0m
2026.04.10 14:59:38 INFO  Downloaded from central: https://repo.maven.apache.org/maven2/ch/qos/logback/logback-parent/1.5.16/logback-parent-1.5.16.pom (18 kB at 635 kB/s)[0m
2026.04.10 14:59:38 INFO  Downloading from central: https://repo.maven.apache.org/maven2/ch/qos/logback/logback-core/1.5.16/logback-core-1.5.16.pom[0m
2026.04.10 14:59:38 INFO  Progress (1): 1.8 kB[0m
2026.04.10 14:59:38 INFO  Progress (1): 5.1 kB[0m
2026.04.10 14:59:38 INFO  Progress (1): 7.9 kB[0m
2026.04.10 14:59:38 INFO                      [0m
2026.04.10 14:59:38 INFO  Downloaded from central: https://repo.maven.apache.org/maven2/ch/qos/logback/logback-core/1.5.16/logback-core-1.5.16.pom (7.9 kB at 305 kB/s)[0m
2026.04.10 14:59:38 INFO  Downloading from central: https://repo.maven.apache.org/maven2/org/apache/logging/log4j/log4j-to-slf4j/2.24.3/log4j-to-slf4j-2.24.3.pom[0m
2026.04.10 14:59:38 INFO  Progress (1): 813 B[0m
2026.04.10 14:59:38 INFO  Progress (1): 2.2 kB[0m
2026.04.10 14:59:38 INFO  Progress (1): 5.0 kB[0m
2026.04.10 14:59:38 INFO                      [0m
2026.04.10 14:59:38 INFO  Downloaded from central: https://repo.maven.apache.org/maven2/org/apache/logging/log4j/log4j-to-slf4j/2.24.3/log4j-to-slf4j-2.24.3.pom (5.0 kB at 201 kB/s)[0m
2026.04.10 14:59:38 INFO  Downloading from central: https://repo.maven.apache.org/maven2/org/apache/logging/log4j/log4j/2.24.3/log4j-2.24.3.pom[0m
2026.04.10 14:59:38 INFO  Progress (1): 728 B[0m
2026.04.10 14:59:38 INFO  Progress (1): 2.1 kB[0m
2026.04.10 14:59:38 INFO  Progress (1): 4.0 kB[0m
2026.04.10 14:59:38 INFO  Progress (1): 6.1 kB[0m
2026.04.10 14:59:38 INFO  Progress (1): 12 kB [0m
2026.04.10 14:59:38 INFO  Progress (1): 18 kB[0m
2026.04.10 14:59:38 INFO  Progress (1): 25 kB[0m
2026.04.10 14:59:38 INFO  Progress (1): 28 kB[0m
2026.04.10 14:59:38 INFO  Progress (1): 30 kB[0m
2026.04.10 14:59:38 INFO  Progress (1): 32 kB[0m
2026.04.10 14:59:38 INFO  Progress (1): 35 kB[0m
2026.04.10 14:59:38 INFO                     [0m
2026.04.10 14:59:38 INFO  Downloaded from central: https://repo.maven.apache.org/maven2/org/apache/logging/log4j/log4j/2.24.3/log4j-2.24.3.pom (35 kB at 1.3 MB/s)[0m
2026.04.10 14:59:38 INFO  Downloading from central: https://repo.maven.apache.org/maven2/org/apache/logging/log4j/log4j-api/2.24.3/log4j-api-2.24.3.pom[0m
2026.04.10 14:59:38 INFO  Progress (1): 817 B[0m
2026.04.10 14:59:38 INFO  Progress (1): 2.1 kB[0m
2026.04.10 14:59:38 INFO  Progress (1): 4.4 kB[0m
2026.04.10 14:59:38 INFO                      [0m
2026.04.10 14:59:38 INFO  Downloaded from central: https://repo.maven.apache.org/maven2/org/apache/logging/log4j/log4j-api/2.24.3/log4j-api-2.24.3.pom (4.4 kB at 200 kB/s)[0m
2026.04.10 14:59:38 INFO  Downloading from central: https://repo.maven.apache.org/maven2/org/yaml/snakeyaml/2.3/snakeyaml-2.3.pom[0m
2026.04.10 14:59:38 INFO  Progress (1): 1.1 kB[0m
2026.04.10 14:59:38 INFO  Progress (1): 2.9 kB[0m
2026.04.10 14:59:38 INFO  Progress (1): 6.7 kB[0m
2026.04.10 14:59:38 INFO  Progress (1): 11 kB [0m
2026.04.10 14:59:38 INFO  Progress (1): 15 kB[0m
2026.04.10 14:59:38 INFO  Progress (1): 19 kB[0m
2026.04.10 14:59:38 INFO  Progress (1): 22 kB[0m
2026.04.10 14:59:38 INFO                     [0m
2026.04.10 14:59:38 INFO  Downloaded from central: https://repo.maven.apache.org/maven2/org/yaml/snakeyaml/2.3/snakeyaml-2.3.pom (22 kB at 804 kB/s)[0m
2026.04.10 14:59:38 INFO  Downloading from central: https://repo.maven.apache.org/maven2/org/springframework/boot/spring-boot-starter-jdbc/3.4.2/spring-boot-starter-jdbc-3.4.2.pom[0m
2026.04.10 14:59:38 INFO  Progress (1): 965 B[0m
2026.04.10 14:59:38 INFO  Progress (1): 2.5 kB[0m
2026.04.10 14:59:38 INFO                      [0m
2026.04.10 14:59:38 INFO  Downloaded from central: https://repo.maven.apache.org/maven2/org/springframework/boot/spring-boot-starter-jdbc/3.4.2/spring-boot-starter-jdbc-3.4.2.pom (2.5 kB at 102 kB/s)[0m
2026.04.10 14:59:38 INFO  Downloading from central: https://repo.maven.apache.org/maven2/com/zaxxer/HikariCP/5.1.0/HikariCP-5.1.0.pom[0m
2026.04.10 14:59:38 INFO  Progress (1): 1.1 kB[0m
2026.04.10 14:59:38 INFO  Progress (1): 2.7 kB[0m
2026.04.10 14:59:38 INFO  Progress (1): 6.2 kB[0m
2026.04.10 14:59:38 INFO  Progress (1): 11 kB [0m
2026.04.10 14:59:38 INFO  Progress (1): 13 kB[0m
2026.04.10 14:59:38 INFO  Progress (1): 17 kB[0m
2026.04.10 14:59:38 INFO  Progress (1): 20 kB[0m
2026.04.10 14:59:38 INFO  Progress (1): 23 kB[0m
2026.04.10 14:59:38 INFO  Progress (1): 26 kB[0m
2026.04.10 14:59:38 INFO                     [0m
2026.04.10 14:59:38 INFO  Downloaded from central: https://repo.maven.apache.org/maven2/com/zaxxer/HikariCP/5.1.0/HikariCP-5.1.0.pom (26 kB at 841 kB/s)[0m
2026.04.10 14:59:38 INFO  Downloading from central: https://repo.maven.apache.org/maven2/org/springframework/spring-jdbc/6.2.2/spring-jdbc-6.2.2.pom[0m
2026.04.10 14:59:38 INFO  Progress (1): 1.0 kB[0m
2026.04.10 14:59:38 INFO  Progress (1): 2.4 kB[0m
2026.04.10 14:59:38 INFO                      [0m
2026.04.10 14:59:38 INFO  Downloaded from central: https://repo.maven.apache.org/maven2/org/springframework/spring-jdbc/6.2.2/spring-jdbc-6.2.2.pom (2.4 kB at 92 kB/s)[0m
2026.04.10 14:59:38 INFO  Downloading from central: https://repo.maven.apache.org/maven2/org/springframework/spring-tx/6.2.2/spring-tx-6.2.2.pom[0m
2026.04.10 14:59:38 INFO  Progress (1): 1.1 kB[0m
2026.04.10 14:59:38 INFO  Progress (1): 2.2 kB[0m
2026.04.10 14:59:38 INFO                      [0m
2026.04.10 14:59:38 INFO  Downloaded from central: https://repo.maven.apache.org/maven2/org/springframework/spring-tx/6.2.2/spring-tx-6.2.2.pom (2.2 kB at 89 kB/s)[0m
2026.04.10 14:59:38 INFO  Downloading from central: https://repo.maven.apache.org/maven2/org/hibernate/orm/hibernate-core/6.6.5.Final/hibernate-core-6.6.5.Final.pom[0m
2026.04.10 14:59:38 INFO  Progress (1): 1.1 kB[0m
2026.04.10 14:59:38 INFO  Progress (1): 5.5 kB[0m
2026.04.10 14:59:38 INFO  Progress (1): 5.8 kB[0m
2026.04.10 14:59:38 INFO                      [0m
2026.04.10 14:59:38 INFO  Downloaded from central: https://repo.maven.apache.org/maven2/org/hibernate/orm/hibernate-core/6.6.5.Final/hibernate-core-6.6.5.Final.pom (5.8 kB at 198 kB/s)[0m
2026.04.10 14:59:38 INFO  Downloading from central: https://repo.maven.apache.org/maven2/jakarta/persistence/jakarta.persistence-api/3.1.0/jakarta.persistence-api-3.1.0.pom[0m
2026.04.10 14:59:38 INFO  Progress (1): 862 B[0m
2026.04.10 14:59:38 INFO  Progress (1): 3.0 kB[0m
2026.04.10 14:59:38 INFO  Progress (1): 6.5 kB[0m
2026.04.10 14:59:38 INFO  Progress (1): 10.0 kB[0m
2026.04.10 14:59:38 INFO  Progress (1): 13 kB  [0m
2026.04.10 14:59:38 INFO  Progress (1): 16 kB[0m
2026.04.10 14:59:38 INFO                     [0m
2026.04.10 14:59:38 INFO  Downloaded from central: https://repo.maven.apache.org/maven2/jakarta/persistence/jakarta.persistence-api/3.1.0/jakarta.persistence-api-3.1.0.pom (16 kB at 536 kB/s)[0m
2026.04.10 14:59:38 INFO  Downloading from central: https://repo.maven.apache.org/maven2/jakarta/transaction/jakarta.transaction-api/2.0.1/jakarta.transaction-api-2.0.1.pom[0m
2026.04.10 14:59:38 INFO  Progress (1): 827 B[0m
2026.04.10 14:59:38 INFO  Progress (1): 2.6 kB[0m
2026.04.10 14:59:38 INFO  Progress (1): 4.6 kB[0m
2026.04.10 14:59:38 INFO  Progress (1): 7.7 kB[0m
2026.04.10 14:59:38 INFO  Progress (1): 11 kB [0m
2026.04.10 14:59:38 INFO  Progress (1): 14 kB[0m
2026.04.10 14:59:38 INFO                     [0m
2026.04.10 14:59:38 INFO  Downloaded from central: https://repo.maven.apache.org/maven2/jakarta/transaction/jakarta.transaction-api/2.0.1/jakarta.transaction-api-2.0.1.pom (14 kB at 545 kB/s)[0m
2026.04.10 14:59:38 INFO  Downloading from central: https://repo.maven.apache.org/maven2/org/jboss/logging/jboss-logging/3.6.1.Final/jboss-logging-3.6.1.Final.pom[0m
2026.04.10 14:59:38 INFO  Progress (1): 755 B[0m
2026.04.10 14:59:38 INFO  Progress (1): 2.4 kB[0m
2026.04.10 14:59:38 INFO  Progress (1): 5.5 kB[0m
2026.04.10 14:59:38 INFO  Progress (1): 9.3 kB[0m
2026.04.10 14:59:38 INFO  Progress (1): 17 kB [0m
2026.04.10 14:59:38 INFO  Progress (1): 18 kB[0m
2026.04.10 14:59:38 INFO                     [0m
2026.04.10 14:59:38 INFO  Downloaded from central: https://repo.maven.apache.org/maven2/org/jboss/logging/jboss-logging/3.6.1.Final/jboss-logging-3.6.1.Final.pom (18 kB at 705 kB/s)[0m
2026.04.10 14:59:38 INFO  Downloading from central: https://repo.maven.apache.org/maven2/org/jboss/logging/logging-parent/1.0.3.Final/logging-parent-1.0.3.Final.pom[0m
2026.04.10 14:59:38 INFO  Progress (1): 1.2 kB[0m
2026.04.10 14:59:38 INFO  Progress (1): 3.6 kB[0m
2026.04.10 14:59:38 INFO  Progress (1): 5.7 kB[0m
2026.04.10 14:59:38 INFO                      [0m
2026.04.10 14:59:38 INFO  Downloaded from central: https://repo.maven.apache.org/maven2/org/jboss/logging/logging-parent/1.0.3.Final/logging-parent-1.0.3.Final.pom (5.7 kB at 246 kB/s)[0m
2026.04.10 14:59:38 INFO  Downloading from central: https://repo.maven.apache.org/maven2/org/jboss/jboss-parent/42/jboss-parent-42.pom[0m
2026.04.10 14:59:38 INFO  Progress (1): 701 B[0m
2026.04.10 14:59:38 INFO  Progress (1): 2.1 kB[0m
2026.04.10 14:59:38 INFO  Progress (1): 4.6 kB[0m
2026.04.10 14:59:38 INFO  Progress (1): 7.0 kB[0m
2026.04.10 14:59:38 INFO  Progress (1): 9.1 kB[0m
2026.04.10 14:59:38 INFO  Progress (1): 13 kB [0m
2026.04.10 14:59:38 INFO  Progress (1): 19 kB[0m
2026.04.10 14:59:38 INFO  Progress (1): 27 kB[0m
2026.04.10 14:59:38 INFO  Progress (1): 32 kB[0m
2026.04.10 14:59:38 INFO  Progress (1): 35 kB[0m
2026.04.10 14:59:38 INFO  Progress (1): 38 kB[0m
2026.04.10 14:59:38 INFO  Progress (1): 44 kB[0m
2026.04.10 14:59:38 INFO  Progress (1): 60 kB[0m
2026.04.10 14:59:38 INFO  Progress (1): 76 kB[0m
2026.04.10 14:59:38 INFO                     [0m
2026.04.10 14:59:38 INFO  Downloaded from central: https://repo.maven.apache.org/maven2/org/jboss/jboss-parent/42/jboss-parent-42.pom (76 kB at 2.5 MB/s)[0m
2026.04.10 14:59:38 INFO  Downloading from central: https://repo.maven.apache.org/maven2/org/hibernate/common/hibernate-commons-annotations/7.0.3.Final/hibernate-commons-annotations-7.0.3.Final.pom[0m
2026.04.10 14:59:38 INFO  Progress (1): 1.0 kB[0m
2026.04.10 14:59:38 INFO  Progress (1): 2.0 kB[0m
2026.04.10 14:59:38 INFO                      [0m
2026.04.10 14:59:38 INFO  Downloaded from central: https://repo.maven.apache.org/maven2/org/hibernate/common/hibernate-commons-annotations/7.0.3.Final/hibernate-commons-annotations-7.0.3.Final.pom (2.0 kB at 75 kB/s)[0m
2026.04.10 14:59:38 INFO  Downloading from central: https://repo.maven.apache.org/maven2/io/smallrye/jandex/3.2.0/jandex-3.2.0.pom[0m
2026.04.10 14:59:38 INFO  Progress (1): 1.8 kB[0m
2026.04.10 14:59:38 INFO  Progress (1): 4.3 kB[0m
2026.04.10 14:59:38 INFO  Progress (1): 7.0 kB[0m
2026.04.10 14:59:38 INFO                      [0m
2026.04.10 14:59:38 INFO  Downloaded from central: https://repo.maven.apache.org/maven2/io/smallrye/jandex/3.2.0/jandex-3.2.0.pom (7.0 kB at 199 kB/s)[0m
2026.04.10 14:59:38 INFO  Downloading from central: https://repo.maven.apache.org/maven2/io/smallrye/jandex-parent/3.2.0/jandex-parent-3.2.0.pom[0m
2026.04.10 14:59:39 INFO  Progress (1): 1.3 kB[0m
2026.04.10 14:59:39 INFO  Progress (1): 4.7 kB[0m
2026.04.10 14:59:39 INFO  Progress (1): 7.2 kB[0m
2026.04.10 14:59:39 INFO                      [0m
2026.04.10 14:59:39 INFO  Downloaded from central: https://repo.maven.apache.org/maven2/io/smallrye/jandex-parent/3.2.0/jandex-parent-3.2.0.pom (7.2 kB at 288 kB/s)[0m
2026.04.10 14:59:39 INFO  Downloading from central: https://repo.maven.apache.org/maven2/io/smallrye/smallrye-build-parent/42/smallrye-build-parent-42.pom[0m
2026.04.10 14:59:39 INFO  Progress (1): 1.1 kB[0m
2026.04.10 14:59:39 INFO  Progress (1): 3.1 kB[0m
2026.04.10 14:59:39 INFO  Progress (1): 5.8 kB[0m
2026.04.10 14:59:39 INFO  Progress (1): 9.8 kB[0m
2026.04.10 14:59:39 INFO  Progress (1): 12 kB [0m
2026.04.10 14:59:39 INFO  Progress (1): 16 kB[0m
2026.04.10 14:59:39 INFO  Progress (1): 22 kB[0m
2026.04.10 14:59:39 INFO  Progress (1): 39 kB[0m
2026.04.10 14:59:39 INFO                     [0m
2026.04.10 14:59:39 INFO  Downloaded from central: https://repo.maven.apache.org/maven2/io/smallrye/smallrye-build-parent/42/smallrye-build-parent-42.pom (39 kB at 1.4 MB/s)[0m
2026.04.10 14:59:39 INFO  Downloading from central: https://repo.maven.apache.org/maven2/net/bytebuddy/byte-buddy/1.15.11/byte-buddy-1.15.11.pom[0m
2026.04.10 14:59:39 INFO  Progress (1): 959 B[0m
2026.04.10 14:59:39 INFO  Progress (1): 3.7 kB[0m
2026.04.10 14:59:39 INFO  Progress (1): 6.8 kB[0m
2026.04.10 14:59:39 INFO  Progress (1): 15 kB [0m
2026.04.10 14:59:39 INFO  Progress (1): 17 kB[0m
2026.04.10 14:59:39 INFO                     [0m
2026.04.10 14:59:39 INFO  Downloaded from central: https://repo.maven.apache.org/maven2/net/bytebuddy/byte-buddy/1.15.11/byte-buddy-1.15.11.pom (17 kB at 559 kB/s)[0m
2026.04.10 14:59:39 INFO  Downloading from central: https://repo.maven.apache.org/maven2/net/bytebuddy/byte-buddy-parent/1.15.11/byte-buddy-parent-1.15.11.pom[0m
2026.04.10 14:59:39 INFO  Progress (1): 836 B[0m
2026.04.10 14:59:39 INFO  Progress (1): 2.1 kB[0m
2026.04.10 14:59:39 INFO  Progress (1): 3.7 kB[0m
2026.04.10 14:59:39 INFO  Progress (1): 6.2 kB[0m
2026.04.10 14:59:39 INFO  Progress (1): 8.1 kB[0m
2026.04.10 14:59:39 INFO  Progress (1): 11 kB [0m
2026.04.10 14:59:39 INFO  Progress (1): 13 kB[0m
2026.04.10 14:59:39 INFO  Progress (1): 17 kB[0m
2026.04.10 14:59:39 INFO  Progress (1): 22 kB[0m
2026.04.10 14:59:39 INFO  Progress (1): 25 kB[0m
2026.04.10 14:59:39 INFO  Progress (1): 35 kB[0m
2026.04.10 14:59:39 INFO  Progress (1): 47 kB[0m
2026.04.10 14:59:39 INFO  Progress (1): 52 kB[0m
2026.04.10 14:59:39 INFO  Progress (1): 58 kB[0m
2026.04.10 14:59:39 INFO  Progress (1): 63 kB[0m
2026.04.10 14:59:39 INFO                     [0m
2026.04.10 14:59:39 INFO  Downloaded from central: https://repo.maven.apache.org/maven2/net/bytebuddy/byte-buddy-parent/1.15.11/byte-buddy-parent-1.15.11.pom (63 kB at 2.0 MB/s)[0m
2026.04.10 14:59:39 INFO  Downloading from central: https://repo.maven.apache.org/maven2/org/glassfish/jaxb/jaxb-runtime/4.0.5/jaxb-runtime-4.0.5.pom[0m
2026.04.10 14:59:39 INFO  Progress (1): 806 B[0m
2026.04.10 14:59:39 INFO  Progress (1): 3.1 kB[0m
2026.04.10 14:59:39 INFO  Progress (1): 6.9 kB[0m
2026.04.10 14:59:39 INFO  Progress (1): 10 kB [0m
2026.04.10 14:59:39 INFO  Progress (1): 11 kB[0m
2026.04.10 14:59:39 INFO                     [0m
2026.04.10 14:59:39 INFO  Downloaded from central: https://repo.maven.apache.org/maven2/org/glassfish/jaxb/jaxb-runtime/4.0.5/jaxb-runtime-4.0.5.pom (11 kB at 433 kB/s)[0m
2026.04.10 14:59:39 INFO  Downloading from central: https://repo.maven.apache.org/maven2/com/sun/xml/bind/mvn/jaxb-runtime-parent/4.0.5/jaxb-runtime-parent-4.0.5.pom[0m
2026.04.10 14:59:39 INFO  Progress (1): 932 B[0m
2026.04.10 14:59:39 INFO  Progress (1): 1.2 kB[0m
2026.04.10 14:59:39 INFO                      [0m
2026.04.10 14:59:39 INFO  Downloaded from central: https://repo.maven.apache.org/maven2/com/sun/xml/bind/mvn/jaxb-runtime-parent/4.0.5/jaxb-runtime-parent-4.0.5.pom (1.2 kB at 42 kB/s)[0m
2026.04.10 14:59:39 INFO  Downloading from central: https://repo.maven.apache.org/maven2/com/sun/xml/bind/mvn/jaxb-parent/4.0.5/jaxb-parent-4.0.5.pom[0m
2026.04.10 14:59:39 INFO  Progress (1): 778 B[0m
2026.04.10 14:59:39 INFO  Progress (1): 2.7 kB[0m
2026.04.10 14:59:39 INFO  Progress (1): 4.4 kB[0m
2026.04.10 14:59:39 INFO  Progress (1): 6.6 kB[0m
2026.04.10 14:59:39 INFO  Progress (1): 12 kB [0m
2026.04.10 14:59:39 INFO  Progress (1): 17 kB[0m
2026.04.10 14:59:39 INFO  Progress (1): 21 kB[0m
2026.04.10 14:59:39 INFO  Progress (1): 28 kB[0m
2026.04.10 14:59:39 INFO  Progress (1): 33 kB[0m
2026.04.10 14:59:39 INFO  Progress (1): 35 kB[0m
2026.04.10 14:59:39 INFO                     [0m
2026.04.10 14:59:39 INFO  Downloaded from central: https://repo.maven.apache.org/maven2/com/sun/xml/bind/mvn/jaxb-parent/4.0.5/jaxb-parent-4.0.5.pom (35 kB at 1.3 MB/s)[0m
2026.04.10 14:59:39 INFO  Downloading from central: https://repo.maven.apache.org/maven2/com/sun/xml/bind/jaxb-bom-ext/4.0.5/jaxb-bom-ext-4.0.5.pom[0m
2026.04.10 14:59:39 INFO  Progress (1): 863 B[0m
2026.04.10 14:59:39 INFO  Progress (1): 3.5 kB[0m
2026.04.10 14:59:39 INFO                      [0m
2026.04.10 14:59:39 INFO  Downloaded from central: https://repo.maven.apache.org/maven2/com/sun/xml/bind/jaxb-bom-ext/4.0.5/jaxb-bom-ext-4.0.5.pom (3.5 kB at 116 kB/s)[0m
2026.04.10 14:59:39 INFO  Downloading from central: https://repo.maven.apache.org/maven2/org/glassfish/jaxb/jaxb-core/4.0.5/jaxb-core-4.0.5.pom[0m
2026.04.10 14:59:39 INFO  Progress (1): 898 B[0m
2026.04.10 14:59:39 INFO  Progress (1): 3.1 kB[0m
2026.04.10 14:59:39 INFO  Progress (1): 3.7 kB[0m
2026.04.10 14:59:39 INFO                      [0m
2026.04.10 14:59:39 INFO  Downloaded from central: https://repo.maven.apache.org/maven2/org/glassfish/jaxb/jaxb-core/4.0.5/jaxb-core-4.0.5.pom (3.7 kB at 156 kB/s)[0m
2026.04.10 14:59:39 INFO  Downloading from central: https://repo.maven.apache.org/maven2/org/eclipse/angus/angus-activation/2.0.2/angus-activation-2.0.2.pom[0m
2026.04.10 14:59:39 INFO  Progress (1): 930 B[0m
2026.04.10 14:59:39 INFO  Progress (1): 3.4 kB[0m
2026.04.10 14:59:39 INFO  Progress (1): 4.0 kB[0m
2026.04.10 14:59:39 INFO                      [0m
2026.04.10 14:59:39 INFO  Downloaded from central: https://repo.maven.apache.org/maven2/org/eclipse/angus/angus-activation/2.0.2/angus-activation-2.0.2.pom (4.0 kB at 148 kB/s)[0m
2026.04.10 14:59:39 INFO  Downloading from central: https://repo.maven.apache.org/maven2/org/eclipse/angus/angus-activation-project/2.0.2/angus-activation-project-2.0.2.pom[0m
2026.04.10 14:59:39 INFO  Progress (1): 873 B[0m
2026.04.10 14:59:39 INFO  Progress (1): 2.6 kB[0m
2026.04.10 14:59:39 INFO  Progress (1): 5.6 kB[0m
2026.04.10 14:59:39 INFO  Progress (1): 10 kB [0m
2026.04.10 14:59:39 INFO  Progress (1): 14 kB[0m
2026.04.10 14:59:39 INFO  Progress (1): 18 kB[0m
2026.04.10 14:59:39 INFO  Progress (1): 20 kB[0m
2026.04.10 14:59:39 INFO  Progress (1): 21 kB[0m
2026.04.10 14:59:39 INFO                     [0m
2026.04.10 14:59:39 INFO  Downloaded from central: https://repo.maven.apache.org/maven2/org/eclipse/angus/angus-activation-project/2.0.2/angus-activation-project-2.0.2.pom (21 kB at 720 kB/s)[0m
2026.04.10 14:59:39 INFO  Downloading from central: https://repo.maven.apache.org/maven2/org/glassfish/jaxb/txw2/4.0.5/txw2-4.0.5.pom[0m
2026.04.10 14:59:39 INFO  Progress (1): 931 B[0m
2026.04.10 14:59:39 INFO  Progress (1): 1.8 kB[0m
2026.04.10 14:59:39 INFO                      [0m
2026.04.10 14:59:39 INFO  Downloaded from central: https://repo.maven.apache.org/maven2/org/glassfish/jaxb/txw2/4.0.5/txw2-4.0.5.pom (1.8 kB at 69 kB/s)[0m
2026.04.10 14:59:39 INFO  Downloading from central: https://repo.maven.apache.org/maven2/com/sun/xml/bind/mvn/jaxb-txw-parent/4.0.5/jaxb-txw-parent-4.0.5.pom[0m
2026.04.10 14:59:39 INFO  Progress (1): 930 B[0m
2026.04.10 14:59:39 INFO  Progress (1): 1.2 kB[0m
2026.04.10 14:59:39 INFO                      [0m
2026.04.10 14:59:39 INFO  Downloaded from central: https://repo.maven.apache.org/maven2/com/sun/xml/bind/mvn/jaxb-txw-parent/4.0.5/jaxb-txw-parent-4.0.5.pom (1.2 kB at 43 kB/s)[0m
2026.04.10 14:59:39 INFO  Downloading from central: https://repo.maven.apache.org/maven2/com/sun/istack/istack-commons-runtime/4.1.2/istack-commons-runtime-4.1.2.pom[0m
2026.04.10 14:59:39 INFO  Progress (1): 933 B[0m
2026.04.10 14:59:39 INFO  Progress (1): 1.6 kB[0m
2026.04.10 14:59:39 INFO                      [0m
2026.04.10 14:59:39 INFO  Downloaded from central: https://repo.maven.apache.org/maven2/com/sun/istack/istack-commons-runtime/4.1.2/istack-commons-runtime-4.1.2.pom (1.6 kB at 64 kB/s)[0m
2026.04.10 14:59:39 INFO  Downloading from central: https://repo.maven.apache.org/maven2/com/sun/istack/istack-commons/4.1.2/istack-commons-4.1.2.pom[0m
2026.04.10 14:59:39 INFO  Progress (1): 794 B[0m
2026.04.10 14:59:39 INFO  Progress (1): 2.6 kB[0m
2026.04.10 14:59:39 INFO  Progress (1): 4.8 kB[0m
2026.04.10 14:59:39 INFO  Progress (1): 12 kB [0m
2026.04.10 14:59:39 INFO  Progress (1): 17 kB[0m
2026.04.10 14:59:39 INFO  Progress (1): 21 kB[0m
2026.04.10 14:59:39 INFO  Progress (1): 26 kB[0m
2026.04.10 14:59:39 INFO  Progress (1): 26 kB[0m
2026.04.10 14:59:39 INFO                     [0m
2026.04.10 14:59:39 INFO  Downloaded from central: https://repo.maven.apache.org/maven2/com/sun/istack/istack-commons/4.1.2/istack-commons-4.1.2.pom (26 kB at 849 kB/s)[0m
2026.04.10 14:59:39 INFO  Downloading from central: https://repo.maven.apache.org/maven2/jakarta/inject/jakarta.inject-api/2.0.1/jakarta.inject-api-2.0.1.pom[0m
2026.04.10 14:59:39 INFO  Progress (1): 1.2 kB[0m
2026.04.10 14:59:39 INFO  Progress (1): 3.4 kB[0m
2026.04.10 14:59:39 INFO  Progress (1): 5.4 kB[0m
2026.04.10 14:59:39 INFO  Progress (1): 5.9 kB[0m
2026.04.10 14:59:39 INFO                      [0m
2026.04.10 14:59:39 INFO  Downloaded from central: https://repo.maven.apache.org/maven2/jakarta/inject/jakarta.inject-api/2.0.1/jakarta.inject-api-2.0.1.pom (5.9 kB at 204 kB/s)[0m
2026.04.10 14:59:39 INFO  Downloading from central: https://repo.maven.apache.org/maven2/org/antlr/antlr4-runtime/4.13.0/antlr4-runtime-4.13.0.pom[0m
2026.04.10 14:59:39 INFO  Progress (1): 901 B[0m
2026.04.10 14:59:39 INFO  Progress (1): 3.0 kB[0m
2026.04.10 14:59:39 INFO  Progress (1): 3.6 kB[0m
2026.04.10 14:59:39 INFO                      [0m
2026.04.10 14:59:39 INFO  Downloaded from central: https://repo.maven.apache.org/maven2/org/antlr/antlr4-runtime/4.13.0/antlr4-runtime-4.13.0.pom (3.6 kB at 132 kB/s)[0m
2026.04.10 14:59:39 INFO  Downloading from central: https://repo.maven.apache.org/maven2/org/antlr/antlr4-master/4.13.0/antlr4-master-4.13.0.pom[0m
2026.04.10 14:59:39 INFO  Progress (1): 964 B[0m
2026.04.10 14:59:39 INFO  Progress (1): 2.9 kB[0m
2026.04.10 14:59:39 INFO  Progress (1): 4.8 kB[0m
2026.04.10 14:59:39 INFO                      [0m
2026.04.10 14:59:39 INFO  Downloaded from central: https://repo.maven.apache.org/maven2/org/antlr/antlr4-master/4.13.0/antlr4-master-4.13.0.pom (4.8 kB at 185 kB/s)[0m
2026.04.10 14:59:39 INFO  Downloading from central: https://repo.maven.apache.org/maven2/org/springframework/data/spring-data-jpa/3.4.2/spring-data-jpa-3.4.2.pom[0m
2026.04.10 14:59:39 INFO  Progress (1): 1.4 kB[0m
2026.04.10 14:59:39 INFO  Progress (1): 5.2 kB[0m
2026.04.10 14:59:39 INFO  Progress (1): 8.3 kB[0m
2026.04.10 14:59:39 INFO  Progress (1): 11 kB [0m
2026.04.10 14:59:39 INFO  Progress (1): 12 kB[0m
2026.04.10 14:59:39 INFO                     [0m
2026.04.10 14:59:39 INFO  Downloaded from central: https://repo.maven.apache.org/maven2/org/springframework/data/spring-data-jpa/3.4.2/spring-data-jpa-3.4.2.pom (12 kB at 384 kB/s)[0m
2026.04.10 14:59:39 INFO  Downloading from central: https://repo.maven.apache.org/maven2/org/springframework/data/spring-data-jpa-parent/3.4.2/spring-data-jpa-parent-3.4.2.pom[0m
2026.04.10 14:59:39 INFO  Progress (1): 1.2 kB[0m
2026.04.10 14:59:39 INFO  Progress (1): 3.6 kB[0m
2026.04.10 14:59:39 INFO  Progress (1): 6.5 kB[0m
2026.04.10 14:59:39 INFO  Progress (1): 8.4 kB[0m
2026.04.10 14:59:39 INFO                      [0m
2026.04.10 14:59:39 INFO  Downloaded from central: https://repo.maven.apache.org/maven2/org/springframework/data/spring-data-jpa-parent/3.4.2/spring-data-jpa-parent-3.4.2.pom (8.4 kB at 298 kB/s)[0m
2026.04.10 14:59:39 INFO  Downloading from central: https://repo.maven.apache.org/maven2/org/springframework/data/build/spring-data-parent/3.4.2/spring-data-parent-3.4.2.pom[0m
2026.04.10 14:59:39 INFO  Progress (1): 732 B[0m
2026.04.10 14:59:39 INFO  Progress (1): 2.3 kB[0m
2026.04.10 14:59:39 INFO  Progress (1): 3.4 kB[0m
2026.04.10 14:59:39 INFO  Progress (1): 4.7 kB[0m
2026.04.10 14:59:39 INFO  Progress (1): 6.2 kB[0m
2026.04.10 14:59:39 INFO  Progress (1): 8.3 kB[0m
2026.04.10 14:59:39 INFO  Progress (1): 12 kB [0m
2026.04.10 14:59:39 INFO  Progress (1): 15 kB[0m
2026.04.10 14:59:39 INFO  Progress (1): 18 kB[0m
2026.04.10 14:59:39 INFO  Progress (1): 21 kB[0m
2026.04.10 14:59:39 INFO  Progress (1): 28 kB[0m
2026.04.10 14:59:39 INFO  Progress (1): 32 kB[0m
2026.04.10 14:59:39 INFO  Progress (1): 36 kB[0m
2026.04.10 14:59:39 INFO  Progress (1): 40 kB[0m
2026.04.10 14:59:39 INFO  Progress (1): 43 kB[0m
2026.04.10 14:59:39 INFO                     [0m
2026.04.10 14:59:39 INFO  Downloaded from central: https://repo.maven.apache.org/maven2/org/springframework/data/build/spring-data-parent/3.4.2/spring-data-parent-3.4.2.pom (43 kB at 1.3 MB/s)[0m
2026.04.10 14:59:39 INFO  Downloading from central: https://repo.maven.apache.org/maven2/org/springframework/data/build/spring-data-build/3.4.2/spring-data-build-3.4.2.pom[0m
2026.04.10 14:59:39 INFO  Progress (1): 954 B[0m
2026.04.10 14:59:39 INFO  Progress (1): 2.5 kB[0m
2026.04.10 14:59:39 INFO  Progress (1): 4.7 kB[0m
2026.04.10 14:59:39 INFO  Progress (1): 7.1 kB[0m
2026.04.10 14:59:39 INFO                      [0m
2026.04.10 14:59:39 INFO  Downloaded from central: https://repo.maven.apache.org/maven2/org/springframework/data/build/spring-data-build/3.4.2/spring-data-build-3.4.2.pom (7.1 kB at 263 kB/s)[0m
2026.04.10 14:59:39 INFO  Downloading from central: https://repo.maven.apache.org/maven2/org/jetbrains/kotlinx/kotlinx-coroutines-bom/1.9.0/kotlinx-coroutines-bom-1.9.0.pom[0m
2026.04.10 14:59:39 INFO  Progress (1): 1.2 kB[0m
2026.04.10 14:59:39 INFO  Progress (1): 4.3 kB[0m
2026.04.10 14:59:39 INFO                      [0m
2026.04.10 14:59:39 INFO  Downloaded from central: https://repo.maven.apache.org/maven2/org/jetbrains/kotlinx/kotlinx-coroutines-bom/1.9.0/kotlinx-coroutines-bom-1.9.0.pom (4.3 kB at 153 kB/s)[0m
2026.04.10 14:59:39 INFO  Downloading from central: https://repo.maven.apache.org/maven2/org/springframework/data/spring-data-commons/3.4.2/spring-data-commons-3.4.2.pom[0m
2026.04.10 14:59:39 INFO  Progress (1): 1.2 kB[0m
2026.04.10 14:59:39 INFO  Progress (1): 5.3 kB[0m
2026.04.10 14:59:39 INFO  Progress (1): 9.2 kB[0m
2026.04.10 14:59:39 INFO  Progress (1): 9.9 kB[0m
2026.04.10 14:59:39 INFO                      [0m
2026.04.10 14:59:39 INFO  Downloaded from central: https://repo.maven.apache.org/maven2/org/springframework/data/spring-data-commons/3.4.2/spring-data-commons-3.4.2.pom (9.9 kB at 292 kB/s)[0m
2026.04.10 14:59:39 INFO  Downloading from central: https://repo.maven.apache.org/maven2/org/springframework/spring-orm/6.2.2/spring-orm-6.2.2.pom[0m
2026.04.10 14:59:39 INFO  Progress (1): 1.1 kB[0m
2026.04.10 14:59:39 INFO  Progress (1): 2.6 kB[0m
2026.04.10 14:59:39 INFO                      [0m
2026.04.10 14:59:39 INFO  Downloaded from central: https://repo.maven.apache.org/maven2/org/springframework/spring-orm/6.2.2/spring-orm-6.2.2.pom (2.6 kB at 87 kB/s)[0m
2026.04.10 14:59:39 INFO  Downloading from central: https://repo.maven.apache.org/maven2/org/springframework/spring-aspects/6.2.2/spring-aspects-6.2.2.pom[0m
2026.04.10 14:59:39 INFO  Progress (1): 1.1 kB[0m
2026.04.10 14:59:39 INFO  Progress (1): 2.0 kB[0m
2026.04.10 14:59:39 INFO                      [0m
2026.04.10 14:59:39 INFO  Downloaded from central: https://repo.maven.apache.org/maven2/org/springframework/spring-aspects/6.2.2/spring-aspects-6.2.2.pom (2.0 kB at 78 kB/s)[0m
2026.04.10 14:59:39 INFO  Downloading from central: https://repo.maven.apache.org/maven2/org/aspectj/aspectjweaver/1.9.22.1/aspectjweaver-1.9.22.1.pom[0m
2026.04.10 14:59:39 INFO  Progress (1): 984 B[0m
2026.04.10 14:59:39 INFO  Progress (1): 2.2 kB[0m
2026.04.10 14:59:39 INFO                      [0m
2026.04.10 14:59:39 INFO  Downloaded from central: https://repo.maven.apache.org/maven2/org/aspectj/aspectjweaver/1.9.22.1/aspectjweaver-1.9.22.1.pom (2.2 kB at 86 kB/s)[0m
2026.04.10 14:59:39 INFO  Downloading from central: https://repo.maven.apache.org/maven2/org/springframework/boot/spring-boot-starter-web/3.4.2/spring-boot-starter-web-3.4.2.pom[0m
2026.04.10 14:59:39 INFO  Progress (1): 926 B[0m
2026.04.10 14:59:39 INFO  Progress (1): 2.9 kB[0m
2026.04.10 14:59:39 INFO                      [0m
2026.04.10 14:59:39 INFO  Downloaded from central: https://repo.maven.apache.org/maven2/org/springframework/boot/spring-boot-starter-web/3.4.2/spring-boot-starter-web-3.4.2.pom (2.9 kB at 127 kB/s)[0m
2026.04.10 14:59:39 INFO  Downloading from central: https://repo.maven.apache.org/maven2/org/springframework/boot/spring-boot-starter-json/3.4.2/spring-boot-starter-json-3.4.2.pom[0m
2026.04.10 14:59:39 INFO  Progress (1): 965 B[0m
2026.04.10 14:59:39 INFO  Progress (1): 3.1 kB[0m
2026.04.10 14:59:39 INFO                      [0m
2026.04.10 14:59:39 INFO  Downloaded from central: https://repo.maven.apache.org/maven2/org/springframework/boot/spring-boot-starter-json/3.4.2/spring-boot-starter-json-3.4.2.pom (3.1 kB at 123 kB/s)[0m
2026.04.10 14:59:39 INFO  Downloading from central: https://repo.maven.apache.org/maven2/org/springframework/spring-web/6.2.2/spring-web-6.2.2.pom[0m
2026.04.10 14:59:39 INFO  Progress (1): 1.1 kB[0m
2026.04.10 14:59:39 INFO  Progress (1): 2.4 kB[0m
2026.04.10 14:59:39 INFO                      [0m
2026.04.10 14:59:39 INFO  Downloaded from central: https://repo.maven.apache.org/maven2/org/springframework/spring-web/6.2.2/spring-web-6.2.2.pom (2.4 kB at 109 kB/s)[0m
2026.04.10 14:59:39 INFO  Downloading from central: https://repo.maven.apache.org/maven2/com/fasterxml/jackson/core/jackson-databind/2.18.2/jackson-databind-2.18.2.pom[0m
2026.04.10 14:59:39 INFO  Progress (1): 973 B[0m
2026.04.10 14:59:39 INFO  Progress (1): 2.3 kB[0m
2026.04.10 14:59:39 INFO  Progress (1): 4.0 kB[0m
2026.04.10 14:59:39 INFO  Progress (1): 6.4 kB[0m
2026.04.10 14:59:39 INFO  Progress (1): 8.1 kB[0m
2026.04.10 14:59:39 INFO  Progress (1): 10 kB [0m
2026.04.10 14:59:39 INFO  Progress (1): 12 kB[0m
2026.04.10 14:59:39 INFO  Progress (1): 17 kB[0m
2026.04.10 14:59:39 INFO  Progress (1): 19 kB[0m
2026.04.10 14:59:39 INFO  Progress (1): 21 kB[0m
2026.04.10 14:59:39 INFO  Progress (1): 21 kB[0m
2026.04.10 14:59:39 INFO                     [0m
2026.04.10 14:59:39 INFO  Downloaded from central: https://repo.maven.apache.org/maven2/com/fasterxml/jackson/core/jackson-databind/2.18.2/jackson-databind-2.18.2.pom (21 kB at 759 kB/s)[0m
2026.04.10 14:59:39 INFO  Downloading from central: https://repo.maven.apache.org/maven2/com/fasterxml/jackson/jackson-base/2.18.2/jackson-base-2.18.2.pom[0m
2026.04.10 14:59:39 INFO  Progress (1): 919 B[0m
2026.04.10 14:59:39 INFO  Progress (1): 2.7 kB[0m
2026.04.10 14:59:39 INFO  Progress (1): 4.5 kB[0m
2026.04.10 14:59:39 INFO  Progress (1): 6.6 kB[0m
2026.04.10 14:59:39 INFO  Progress (1): 8.7 kB[0m
2026.04.10 14:59:39 INFO  Progress (1): 11 kB [0m
2026.04.10 14:59:39 INFO  Progress (1): 12 kB[0m
2026.04.10 14:59:39 INFO                     [0m
2026.04.10 14:59:39 INFO  Downloaded from central: https://repo.maven.apache.org/maven2/com/fasterxml/jackson/jackson-base/2.18.2/jackson-base-2.18.2.pom (12 kB at 473 kB/s)[0m
2026.04.10 14:59:39 INFO  Downloading from central: https://repo.maven.apache.org/maven2/com/fasterxml/jackson/core/jackson-annotations/2.18.2/jackson-annotations-2.18.2.pom[0m
2026.04.10 14:59:39 INFO  Progress (1): 945 B[0m
2026.04.10 14:59:39 INFO  Progress (1): 2.4 kB[0m
2026.04.10 14:59:39 INFO  Progress (1): 3.9 kB[0m
2026.04.10 14:59:39 INFO  Progress (1): 6.3 kB[0m
2026.04.10 14:59:39 INFO  Progress (1): 7.1 kB[0m
2026.04.10 14:59:39 INFO                      [0m
2026.04.10 14:59:39 INFO  Downloaded from central: https://repo.maven.apache.org/maven2/com/fasterxml/jackson/core/jackson-annotations/2.18.2/jackson-annotations-2.18.2.pom (7.1 kB at 263 kB/s)[0m
2026.04.10 14:59:39 INFO  Downloading from central: https://repo.maven.apache.org/maven2/com/fasterxml/jackson/core/jackson-core/2.18.2/jackson-core-2.18.2.pom[0m
2026.04.10 14:59:40 INFO  Progress (1): 981 B[0m
2026.04.10 14:59:40 INFO  Progress (1): 2.9 kB[0m
2026.04.10 14:59:40 INFO  Progress (1): 7.1 kB[0m
2026.04.10 14:59:40 INFO  Progress (1): 9.6 kB[0m
2026.04.10 14:59:40 INFO  Progress (1): 10 kB [0m
2026.04.10 14:59:40 INFO                     [0m
2026.04.10 14:59:40 INFO  Downloaded from central: https://repo.maven.apache.org/maven2/com/fasterxml/jackson/core/jackson-core/2.18.2/jackson-core-2.18.2.pom (10 kB at 358 kB/s)[0m
2026.04.10 14:59:40 INFO  Downloading from central: https://repo.maven.apache.org/maven2/com/fasterxml/jackson/datatype/jackson-datatype-jdk8/2.18.2/jackson-datatype-jdk8-2.18.2.pom[0m
2026.04.10 14:59:40 INFO  Progress (1): 1.0 kB[0m
2026.04.10 14:59:40 INFO  Progress (1): 2.6 kB[0m
2026.04.10 14:59:40 INFO                      [0m
2026.04.10 14:59:40 INFO  Downloaded from central: https://repo.maven.apache.org/maven2/com/fasterxml/jackson/datatype/jackson-datatype-jdk8/2.18.2/jackson-datatype-jdk8-2.18.2.pom (2.6 kB at 86 kB/s)[0m
2026.04.10 14:59:40 INFO  Downloading from central: https://repo.maven.apache.org/maven2/com/fasterxml/jackson/module/jackson-modules-java8/2.18.2/jackson-modules-java8-2.18.2.pom[0m
2026.04.10 14:59:40 INFO  Progress (1): 1.4 kB[0m
2026.04.10 14:59:40 INFO  Progress (1): 3.1 kB[0m
2026.04.10 14:59:40 INFO  Progress (1): 3.3 kB[0m
2026.04.10 14:59:40 INFO                      [0m
2026.04.10 14:59:40 INFO  Downloaded from central: https://repo.maven.apache.org/maven2/com/fasterxml/jackson/module/jackson-modules-java8/2.18.2/jackson-modules-java8-2.18.2.pom (3.3 kB at 118 kB/s)[0m
2026.04.10 14:59:40 INFO  Downloading from central: https://repo.maven.apache.org/maven2/com/fasterxml/jackson/datatype/jackson-datatype-jsr310/2.18.2/jackson-datatype-jsr310-2.18.2.pom[0m
2026.04.10 14:59:40 INFO  Progress (1): 979 B[0m
2026.04.10 14:59:40 INFO  Progress (1): 2.4 kB[0m
2026.04.10 14:59:40 INFO  Progress (1): 4.6 kB[0m
2026.04.10 14:59:40 INFO  Progress (1): 4.9 kB[0m
2026.04.10 14:59:40 INFO                      [0m
2026.04.10 14:59:40 INFO  Downloaded from central: https://repo.maven.apache.org/maven2/com/fasterxml/jackson/datatype/jackson-datatype-jsr310/2.18.2/jackson-datatype-jsr310-2.18.2.pom (4.9 kB at 182 kB/s)[0m
2026.04.10 14:59:40 INFO  Downloading from central: https://repo.maven.apache.org/maven2/com/fasterxml/jackson/module/jackson-module-parameter-names/2.18.2/jackson-module-parameter-names-2.18.2.pom[0m
2026.04.10 14:59:40 INFO  Progress (1): 973 B[0m
2026.04.10 14:59:40 INFO  Progress (1): 2.8 kB[0m
2026.04.10 14:59:40 INFO  Progress (1): 4.2 kB[0m
2026.04.10 14:59:40 INFO                      [0m
2026.04.10 14:59:40 INFO  Downloaded from central: https://repo.maven.apache.org/maven2/com/fasterxml/jackson/module/jackson-module-parameter-names/2.18.2/jackson-module-parameter-names-2.18.2.pom (4.2 kB at 163 kB/s)[0m
2026.04.10 14:59:40 INFO  Downloading from central: https://repo.maven.apache.org/maven2/org/springframework/boot/spring-boot-starter-tomcat/3.4.2/spring-boot-starter-tomcat-3.4.2.pom[0m
2026.04.10 14:59:40 INFO  Progress (1): 974 B[0m
2026.04.10 14:59:40 INFO  Progress (1): 3.1 kB[0m
2026.04.10 14:59:40 INFO                      [0m
2026.04.10 14:59:40 INFO  Downloaded from central: https://repo.maven.apache.org/maven2/org/springframework/boot/spring-boot-starter-tomcat/3.4.2/spring-boot-starter-tomcat-3.4.2.pom (3.1 kB at 120 kB/s)[0m
2026.04.10 14:59:40 INFO  Downloading from central: https://repo.maven.apache.org/maven2/org/apache/tomcat/embed/tomcat-embed-core/10.1.34/tomcat-embed-core-10.1.34.pom[0m
2026.04.10 14:59:40 INFO  Progress (1): 843 B[0m
2026.04.10 14:59:40 INFO  Progress (1): 1.7 kB[0m
2026.04.10 14:59:40 INFO                      [0m
2026.04.10 14:59:40 INFO  Downloaded from central: https://repo.maven.apache.org/maven2/org/apache/tomcat/embed/tomcat-embed-core/10.1.34/tomcat-embed-core-10.1.34.pom (1.7 kB at 69 kB/s)[0m
2026.04.10 14:59:40 INFO  Downloading from central: https://repo.maven.apache.org/maven2/org/apache/tomcat/embed/tomcat-embed-el/10.1.34/tomcat-embed-el-10.1.34.pom[0m
2026.04.10 14:59:40 INFO  Progress (1): 843 B[0m
2026.04.10 14:59:40 INFO  Progress (1): 1.5 kB[0m
2026.04.10 14:59:40 INFO                      [0m
2026.04.10 14:59:40 INFO  Downloaded from central: https://repo.maven.apache.org/maven2/org/apache/tomcat/embed/tomcat-embed-el/10.1.34/tomcat-embed-el-10.1.34.pom (1.5 kB at 75 kB/s)[0m
2026.04.10 14:59:40 INFO  Downloading from central: https://repo.maven.apache.org/maven2/org/apache/tomcat/embed/tomcat-embed-websocket/10.1.34/tomcat-embed-websocket-10.1.34.pom[0m
2026.04.10 14:59:40 INFO  Progress (1): 842 B[0m
2026.04.10 14:59:40 INFO  Progress (1): 1.7 kB[0m
2026.04.10 14:59:40 INFO                      [0m
2026.04.10 14:59:40 INFO  Downloaded from central: https://repo.maven.apache.org/maven2/org/apache/tomcat/embed/tomcat-embed-websocket/10.1.34/tomcat-embed-websocket-10.1.34.pom (1.7 kB at 76 kB/s)[0m
2026.04.10 14:59:40 INFO  Downloading from central: https://repo.maven.apache.org/maven2/org/springframework/spring-webmvc/6.2.2/spring-webmvc-6.2.2.pom[0m
2026.04.10 14:59:40 INFO  Progress (1): 1.0 kB[0m
2026.04.10 14:59:40 INFO  Progress (1): 3.0 kB[0m
2026.04.10 14:59:40 INFO                      [0m
2026.04.10 14:59:40 INFO  Downloaded from central: https://repo.maven.apache.org/maven2/org/springframework/spring-webmvc/6.2.2/spring-webmvc-6.2.2.pom (3.0 kB at 114 kB/s)[0m
2026.04.10 14:59:40 INFO  Downloading from central: https://repo.maven.apache.org/maven2/org/springframework/boot/spring-boot-starter-validation/3.4.2/spring-boot-starter-validation-3.4.2.pom[0m
2026.04.10 14:59:40 INFO  Progress (1): 976 B[0m
2026.04.10 14:59:40 INFO  Progress (1): 2.5 kB[0m
2026.04.10 14:59:40 INFO                      [0m
2026.04.10 14:59:40 INFO  Downloaded from central: https://repo.maven.apache.org/maven2/org/springframework/boot/spring-boot-starter-validation/3.4.2/spring-boot-starter-validation-3.4.2.pom (2.5 kB at 97 kB/s)[0m
2026.04.10 14:59:40 INFO  Downloading from central: https://repo.maven.apache.org/maven2/org/hibernate/validator/hibernate-validator/8.0.2.Final/hibernate-validator-8.0.2.Final.pom[0m
2026.04.10 14:59:40 INFO  Progress (1): 974 B[0m
2026.04.10 14:59:40 INFO  Progress (1): 3.0 kB[0m
2026.04.10 14:59:40 INFO  Progress (1): 6.1 kB[0m
2026.04.10 14:59:40 INFO  Progress (1): 9.0 kB[0m
2026.04.10 14:59:40 INFO  Progress (1): 13 kB [0m
2026.04.10 14:59:40 INFO  Progress (1): 15 kB[0m
2026.04.10 14:59:40 INFO                     [0m
2026.04.10 14:59:40 INFO  Downloaded from central: https://repo.maven.apache.org/maven2/org/hibernate/validator/hibernate-validator/8.0.2.Final/hibernate-validator-8.0.2.Final.pom (15 kB at 502 kB/s)[0m
2026.04.10 14:59:40 INFO  Downloading from central: https://repo.maven.apache.org/maven2/org/hibernate/validator/hibernate-validator-parent/8.0.2.Final/hibernate-validator-parent-8.0.2.Final.pom[0m
2026.04.10 14:59:40 INFO  Progress (1): 885 B[0m
2026.04.10 14:59:40 INFO  Progress (1): 3.5 kB[0m
2026.04.10 14:59:40 INFO  Progress (1): 5.4 kB[0m
2026.04.10 14:59:40 INFO  Progress (1): 7.4 kB[0m
2026.04.10 14:59:40 INFO  Progress (1): 9.6 kB[0m
2026.04.10 14:59:40 INFO  Progress (1): 12 kB [0m
2026.04.10 14:59:40 INFO  Progress (1): 14 kB[0m
2026.04.10 14:59:40 INFO  Progress (1): 16 kB[0m
2026.04.10 14:59:40 INFO  Progress (1): 18 kB[0m
2026.04.10 14:59:40 INFO  Progress (1): 24 kB[0m
2026.04.10 14:59:40 INFO  Progress (1): 31 kB[0m
2026.04.10 14:59:40 INFO  Progress (1): 35 kB[0m
2026.04.10 14:59:40 INFO  Progress (1): 38 kB[0m
2026.04.10 14:59:40 INFO  Progress (1): 41 kB[0m
2026.04.10 14:59:40 INFO  Progress (1): 47 kB[0m
2026.04.10 14:59:40 INFO  Progress (1): 48 kB[0m
2026.04.10 14:59:40 INFO  Progress (1): 52 kB[0m
2026.04.10 14:59:40 INFO  Progress (1): 56 kB[0m
2026.04.10 14:59:40 INFO  Progress (1): 60 kB[0m
2026.04.10 14:59:40 INFO  Progress (1): 67 kB[0m
2026.04.10 14:59:40 INFO  Progress (1): 70 kB[0m
2026.04.10 14:59:40 INFO  Progress (1): 73 kB[0m
2026.04.10 14:59:40 INFO  Progress (1): 79 kB[0m
2026.04.10 14:59:40 INFO  Progress (1): 82 kB[0m
2026.04.10 14:59:40 INFO  Progress (1): 82 kB[0m
2026.04.10 14:59:40 INFO                     [0m
2026.04.10 14:59:40 INFO  Downloaded from central: https://repo.maven.apache.org/maven2/org/hibernate/validator/hibernate-validator-parent/8.0.2.Final/hibernate-validator-parent-8.0.2.Final.pom (82 kB at 2.3 MB/s)[0m
2026.04.10 14:59:40 INFO  Downloading from central: https://repo.maven.apache.org/maven2/org/testcontainers/testcontainers/1.20.4/testcontainers-1.20.4.pom[0m
2026.04.10 14:59:40 INFO  Progress (1): 1.3 kB[0m
2026.04.10 14:59:40 INFO  Progress (1): 2.6 kB[0m
2026.04.10 14:59:40 INFO                      [0m
2026.04.10 14:59:40 INFO  Downloaded from central: https://repo.maven.apache.org/maven2/org/testcontainers/testcontainers/1.20.4/testcontainers-1.20.4.pom (2.6 kB at 119 kB/s)[0m
2026.04.10 14:59:40 INFO  Downloading from central: https://repo.maven.apache.org/maven2/junit/junit/4.13.2/junit-4.13.2.pom[0m
2026.04.10 14:59:40 INFO  Progress (1): 1.0 kB[0m
2026.04.10 14:59:40 INFO  Progress (1): 3.3 kB[0m
2026.04.10 14:59:40 INFO  Progress (1): 5.1 kB[0m
2026.04.10 14:59:40 INFO  Progress (1): 7.2 kB[0m
2026.04.10 14:59:40 INFO  Progress (1): 9.8 kB[0m
2026.04.10 14:59:40 INFO  Progress (1): 13 kB [0m
2026.04.10 14:59:40 INFO  Progress (1): 16 kB[0m
2026.04.10 14:59:40 INFO  Progress (1): 21 kB[0m
2026.04.10 14:59:40 INFO  Progress (1): 26 kB[0m
2026.04.10 14:59:40 INFO  Progress (1): 27 kB[0m
2026.04.10 14:59:40 INFO                     [0m
2026.04.10 14:59:40 INFO  Downloaded from central: https://repo.maven.apache.org/maven2/junit/junit/4.13.2/junit-4.13.2.pom (27 kB at 965 kB/s)[0m
2026.04.10 14:59:40 INFO  Downloading from central: https://repo.maven.apache.org/maven2/org/hamcrest/hamcrest-core/2.2/hamcrest-core-2.2.pom[0m
2026.04.10 14:59:40 INFO  Progress (1): 1.3 kB[0m
2026.04.10 14:59:40 INFO  Progress (1): 1.4 kB[0m
2026.04.10 14:59:40 INFO                      [0m
2026.04.10 14:59:40 INFO  Downloaded from central: https://repo.maven.apache.org/maven2/org/hamcrest/hamcrest-core/2.2/hamcrest-core-2.2.pom (1.4 kB at 59 kB/s)[0m
2026.04.10 14:59:40 INFO  Downloading from central: https://repo.maven.apache.org/maven2/org/apache/commons/commons-compress/1.24.0/commons-compress-1.24.0.pom[0m
2026.04.10 14:59:40 INFO  Progress (1): 753 B[0m
2026.04.10 14:59:40 INFO  Progress (1): 1.9 kB[0m
2026.04.10 14:59:40 INFO  Progress (1): 3.5 kB[0m
2026.04.10 14:59:40 INFO  Progress (1): 6.5 kB[0m
2026.04.10 14:59:40 INFO  Progress (1): 9.4 kB[0m
2026.04.10 14:59:40 INFO  Progress (1): 11 kB [0m
2026.04.10 14:59:40 INFO  Progress (1): 14 kB[0m
2026.04.10 14:59:40 INFO  Progress (1): 17 kB[0m
2026.04.10 14:59:40 INFO  Progress (1): 22 kB[0m
2026.04.10 14:59:40 INFO  Progress (1): 22 kB[0m
2026.04.10 14:59:40 INFO                     [0m
2026.04.10 14:59:40 INFO  Downloaded from central: https://repo.maven.apache.org/maven2/org/apache/commons/commons-compress/1.24.0/commons-compress-1.24.0.pom (22 kB at 872 kB/s)[0m
2026.04.10 14:59:40 INFO  Downloading from central: https://repo.maven.apache.org/maven2/org/apache/commons/commons-parent/61/commons-parent-61.pom[0m
2026.04.10 14:59:40 INFO  Progress (1): 707 B[0m
2026.04.10 14:59:40 INFO  Progress (1): 1.9 kB[0m
2026.04.10 14:59:40 INFO  Progress (1): 3.1 kB[0m
2026.04.10 14:59:40 INFO  Progress (1): 4.6 kB[0m
2026.04.10 14:59:40 INFO  Progress (1): 6.6 kB[0m
2026.04.10 14:59:40 INFO  Progress (1): 8.5 kB[0m
2026.04.10 14:59:40 INFO  Progress (1): 10 kB [0m
2026.04.10 14:59:40 INFO  Progress (1): 13 kB[0m
2026.04.10 14:59:40 INFO  Progress (1): 15 kB[0m
2026.04.10 14:59:40 INFO  Progress (1): 18 kB[0m
2026.04.10 14:59:40 INFO  Progress (1): 20 kB[0m
2026.04.10 14:59:40 INFO  Progress (1): 23 kB[0m
2026.04.10 14:59:40 INFO  Progress (1): 25 kB[0m
2026.04.10 14:59:40 INFO  Progress (1): 29 kB[0m
2026.04.10 14:59:40 INFO  Progress (1): 32 kB[0m
2026.04.10 14:59:40 INFO  Progress (1): 32 kB[0m
2026.04.10 14:59:40 INFO  Progress (1): 36 kB[0m
2026.04.10 14:59:40 INFO  Progress (1): 41 kB[0m
2026.04.10 14:59:40 INFO  Progress (1): 44 kB[0m
2026.04.10 14:59:40 INFO  Progress (1): 46 kB[0m
2026.04.10 14:59:40 INFO  Progress (1): 49 kB[0m
2026.04.10 14:59:40 INFO  Progress (1): 51 kB[0m
2026.04.10 14:59:40 INFO  Progress (1): 55 kB[0m
2026.04.10 14:59:40 INFO  Progress (1): 58 kB[0m
2026.04.10 14:59:40 INFO  Progress (1): 60 kB[0m
2026.04.10 14:59:40 INFO  Progress (1): 64 kB[0m
2026.04.10 14:59:40 INFO  Progress (1): 67 kB[0m
2026.04.10 14:59:40 INFO  Progress (1): 71 kB[0m
2026.04.10 14:59:40 INFO  Progress (1): 74 kB[0m
2026.04.10 14:59:40 INFO  Progress (1): 77 kB[0m
2026.04.10 14:59:40 INFO  Progress (1): 81 kB[0m
2026.04.10 14:59:40 INFO                     [0m
2026.04.10 14:59:40 INFO  Downloaded from central: https://repo.maven.apache.org/maven2/org/apache/commons/commons-parent/61/commons-parent-61.pom (81 kB at 1.6 MB/s)[0m
2026.04.10 14:59:40 INFO  Downloading from central: https://repo.maven.apache.org/maven2/org/rnorth/duct-tape/duct-tape/1.0.8/duct-tape-1.0.8.pom[0m
2026.04.10 14:59:40 INFO  Progress (1): 1.0 kB[0m
2026.04.10 14:59:40 INFO  Progress (1): 4.6 kB[0m
2026.04.10 14:59:40 INFO  Progress (1): 6.2 kB[0m
2026.04.10 14:59:40 INFO                      [0m
2026.04.10 14:59:40 INFO  Downloaded from central: https://repo.maven.apache.org/maven2/org/rnorth/duct-tape/duct-tape/1.0.8/duct-tape-1.0.8.pom (6.2 kB at 230 kB/s)[0m
2026.04.10 14:59:40 INFO  Downloading from central: https://repo.maven.apache.org/maven2/com/github/docker-java/docker-java-api/3.4.0/docker-java-api-3.4.0.pom[0m
2026.04.10 14:59:40 INFO  Progress (1): 1.4 kB[0m
2026.04.10 14:59:40 INFO  Progress (1): 2.4 kB[0m
2026.04.10 14:59:40 INFO                      [0m
2026.04.10 14:59:40 INFO  Downloaded from central: https://repo.maven.apache.org/maven2/com/github/docker-java/docker-java-api/3.4.0/docker-java-api-3.4.0.pom (2.4 kB at 89 kB/s)[0m
2026.04.10 14:59:40 INFO  Downloading from central: https://repo.maven.apache.org/maven2/com/github/docker-java/docker-java-parent/3.4.0/docker-java-parent-3.4.0.pom[0m
2026.04.10 14:59:40 INFO  Progress (1): 1.1 kB[0m
2026.04.10 14:59:40 INFO  Progress (1): 2.8 kB[0m
2026.04.10 14:59:40 INFO  Progress (1): 5.7 kB[0m
2026.04.10 14:59:40 INFO  Progress (1): 8.9 kB[0m
2026.04.10 14:59:40 INFO  Progress (1): 12 kB [0m
2026.04.10 14:59:40 INFO  Progress (1): 12 kB[0m
2026.04.10 14:59:40 INFO                     [0m
2026.04.10 14:59:40 INFO  Downloaded from central: https://repo.maven.apache.org/maven2/com/github/docker-java/docker-java-parent/3.4.0/docker-java-parent-3.4.0.pom (12 kB at 436 kB/s)[0m
2026.04.10 14:59:40 INFO  Downloading from central: https://repo.maven.apache.org/maven2/com/github/docker-java/docker-java-transport-zerodep/3.4.0/docker-java-transport-zerodep-3.4.0.pom[0m
2026.04.10 14:59:40 INFO  Progress (1): 1.4 kB[0m
2026.04.10 14:59:40 INFO  Progress (1): 4.1 kB[0m
2026.04.10 14:59:40 INFO                      [0m
2026.04.10 14:59:40 INFO  Downloaded from central: https://repo.maven.apache.org/maven2/com/github/docker-java/docker-java-transport-zerodep/3.4.0/docker-java-transport-zerodep-3.4.0.pom (4.1 kB at 186 kB/s)[0m
2026.04.10 14:59:40 INFO  Downloading from central: https://repo.maven.apache.org/maven2/com/github/docker-java/docker-java-transport/3.4.0/docker-java-transport-3.4.0.pom[0m
2026.04.10 14:59:40 INFO  Progress (1): 1.4 kB[0m
2026.04.10 14:59:40 INFO  Progress (1): 1.6 kB[0m
2026.04.10 14:59:40 INFO                      [0m
2026.04.10 14:59:40 INFO  Downloaded from central: https://repo.maven.apache.org/maven2/com/github/docker-java/docker-java-transport/3.4.0/docker-java-transport-3.4.0.pom (1.6 kB at 68 kB/s)[0m
2026.04.10 14:59:40 INFO  Downloading from central: https://repo.maven.apache.org/maven2/org/testcontainers/jdbc/1.20.4/jdbc-1.20.4.pom[0m
2026.04.10 14:59:40 INFO  Progress (1): 1.3 kB[0m
2026.04.10 14:59:40 INFO  Progress (1): 1.5 kB[0m
2026.04.10 14:59:40 INFO                      [0m
2026.04.10 14:59:40 INFO  Downloaded from central: https://repo.maven.apache.org/maven2/org/testcontainers/jdbc/1.20.4/jdbc-1.20.4.pom (1.5 kB at 60 kB/s)[0m
2026.04.10 14:59:40 INFO  Downloading from central: https://repo.maven.apache.org/maven2/org/testcontainers/database-commons/1.20.4/database-commons-1.20.4.pom[0m
2026.04.10 14:59:40 INFO  Progress (1): 1.3 kB[0m
2026.04.10 14:59:40 INFO  Progress (1): 1.5 kB[0m
2026.04.10 14:59:40 INFO                      [0m
2026.04.10 14:59:40 INFO  Downloaded from central: https://repo.maven.apache.org/maven2/org/testcontainers/database-commons/1.20.4/database-commons-1.20.4.pom (1.5 kB at 67 kB/s)[0m
2026.04.10 14:59:40 INFO  Downloading from central: https://repo.maven.apache.org/maven2/org/testcontainers/postgresql/1.20.4/postgresql-1.20.4.pom[0m
2026.04.10 14:59:40 INFO  Progress (1): 1.3 kB[0m
2026.04.10 14:59:40 INFO  Progress (1): 1.5 kB[0m
2026.04.10 14:59:40 INFO                      [0m
2026.04.10 14:59:40 INFO  Downloaded from central: https://repo.maven.apache.org/maven2/org/testcontainers/postgresql/1.20.4/postgresql-1.20.4.pom (1.5 kB at 61 kB/s)[0m
2026.04.10 14:59:40 INFO  Downloading from central: https://repo.maven.apache.org/maven2/org/springframework/boot/spring-boot-starter-actuator/3.4.2/spring-boot-starter-actuator-3.4.2.pom[0m
2026.04.10 14:59:40 INFO  Progress (1): 952 B[0m
2026.04.10 14:59:40 INFO  Progress (1): 2.8 kB[0m
2026.04.10 14:59:40 INFO                      [0m
2026.04.10 14:59:40 INFO  Downloaded from central: https://repo.maven.apache.org/maven2/org/springframework/boot/spring-boot-starter-actuator/3.4.2/spring-boot-starter-actuator-3.4.2.pom (2.8 kB at 115 kB/s)[0m
2026.04.10 14:59:40 INFO  Downloading from central: https://repo.maven.apache.org/maven2/org/springframework/boot/spring-boot-actuator-autoconfigure/3.4.2/spring-boot-actuator-autoconfigure-3.4.2.pom[0m
2026.04.10 14:59:40 INFO  Progress (1): 993 B[0m
2026.04.10 14:59:40 INFO  Progress (1): 2.9 kB[0m
2026.04.10 14:59:40 INFO                      [0m
2026.04.10 14:59:40 INFO  Downloaded from central: https://repo.maven.apache.org/maven2/org/springframework/boot/spring-boot-actuator-autoconfigure/3.4.2/spring-boot-actuator-autoconfigure-3.4.2.pom (2.9 kB at 126 kB/s)[0m
2026.04.10 14:59:40 INFO  Downloading from central: https://repo.maven.apache.org/maven2/org/springframework/boot/spring-boot-actuator/3.4.2/spring-boot-actuator-3.4.2.pom[0m
2026.04.10 14:59:40 INFO  Progress (1): 1.0 kB[0m
2026.04.10 14:59:40 INFO  Progress (1): 2.0 kB[0m
2026.04.10 14:59:40 INFO                      [0m
2026.04.10 14:59:40 INFO  Downloaded from central: https://repo.maven.apache.org/maven2/org/springframework/boot/spring-boot-actuator/3.4.2/spring-boot-actuator-3.4.2.pom (2.0 kB at 82 kB/s)[0m
2026.04.10 14:59:40 INFO  Downloading from central: https://repo.maven.apache.org/maven2/io/micrometer/micrometer-jakarta9/1.14.3/micrometer-jakarta9-1.14.3.pom[0m
2026.04.10 14:59:40 INFO  Progress (1): 1.0 kB[0m
2026.04.10 14:59:40 INFO  Progress (1): 3.4 kB[0m
2026.04.10 14:59:40 INFO  Progress (1): 3.8 kB[0m
2026.04.10 14:59:40 INFO                      [0m
2026.04.10 14:59:40 INFO  Downloaded from central: https://repo.maven.apache.org/maven2/io/micrometer/micrometer-jakarta9/1.14.3/micrometer-jakarta9-1.14.3.pom (3.8 kB at 151 kB/s)[0m
2026.04.10 14:59:40 INFO  Downloading from central: https://repo.maven.apache.org/maven2/io/micrometer/micrometer-core/1.14.3/micrometer-core-1.14.3.pom[0m
2026.04.10 14:59:40 INFO  Progress (1): 986 B[0m
2026.04.10 14:59:40 INFO  Progress (1): 5.1 kB[0m
2026.04.10 14:59:40 INFO  Progress (1): 9.5 kB[0m
2026.04.10 14:59:40 INFO  Progress (1): 11 kB [0m
2026.04.10 14:59:40 INFO                     [0m
2026.04.10 14:59:40 INFO  Downloaded from central: https://repo.maven.apache.org/maven2/io/micrometer/micrometer-core/1.14.3/micrometer-core-1.14.3.pom (11 kB at 444 kB/s)[0m
2026.04.10 14:59:40 INFO  Downloading from central: https://repo.maven.apache.org/maven2/org/hdrhistogram/HdrHistogram/2.2.2/HdrHistogram-2.2.2.pom[0m
2026.04.10 14:59:40 INFO  Progress (1): 961 B[0m
2026.04.10 14:59:40 INFO  Progress (1): 2.8 kB[0m
2026.04.10 14:59:40 INFO  Progress (1): 6.1 kB[0m
2026.04.10 14:59:40 INFO  Progress (1): 10.0 kB[0m
2026.04.10 14:59:40 INFO  Progress (1): 13 kB  [0m
2026.04.10 14:59:40 INFO                     [0m
2026.04.10 14:59:40 INFO  Downloaded from central: https://repo.maven.apache.org/maven2/org/hdrhistogram/HdrHistogram/2.2.2/HdrHistogram-2.2.2.pom (13 kB at 396 kB/s)[0m
2026.04.10 14:59:40 INFO  Downloading from central: https://repo.maven.apache.org/maven2/org/latencyutils/LatencyUtils/2.0.3/LatencyUtils-2.0.3.pom[0m
2026.04.10 14:59:40 INFO  Progress (1): 1.0 kB[0m
2026.04.10 14:59:40 INFO  Progress (1): 3.9 kB[0m
2026.04.10 14:59:40 INFO  Progress (1): 7.2 kB[0m
2026.04.10 14:59:40 INFO                      [0m
2026.04.10 14:59:40 INFO  Downloaded from central: https://repo.maven.apache.org/maven2/org/latencyutils/LatencyUtils/2.0.3/LatencyUtils-2.0.3.pom (7.2 kB at 219 kB/s)[0m
2026.04.10 14:59:40 INFO  Downloading from central: https://repo.maven.apache.org/maven2/org/postgresql/postgresql/42.7.5/postgresql-42.7.5.pom[0m
2026.04.10 14:59:40 INFO  Progress (1): 1.3 kB[0m
2026.04.10 14:59:40 INFO  Progress (1): 3.3 kB[0m
2026.04.10 14:59:40 INFO                      [0m
2026.04.10 14:59:40 INFO  Downloaded from central: https://repo.maven.apache.org/maven2/org/postgresql/postgresql/42.7.5/postgresql-42.7.5.pom (3.3 kB at 96 kB/s)[0m
2026.04.10 14:59:40 INFO  Downloading from central: https://repo.maven.apache.org/maven2/org/checkerframework/checker-qual/3.48.3/checker-qual-3.48.3.pom[0m
2026.04.10 14:59:41 INFO  Progress (1): 950 B[0m
2026.04.10 14:59:41 INFO  Progress (1): 2.1 kB[0m
2026.04.10 14:59:41 INFO                      [0m
2026.04.10 14:59:41 INFO  Downloaded from central: https://repo.maven.apache.org/maven2/org/checkerframework/checker-qual/3.48.3/checker-qual-3.48.3.pom (2.1 kB at 70 kB/s)[0m
2026.04.10 14:59:41 INFO  Downloading from central: https://repo.maven.apache.org/maven2/org/springframework/boot/spring-boot-starter-test/3.4.2/spring-boot-starter-test-3.4.2.pom[0m
2026.04.10 14:59:41 INFO  Progress (1): 929 B[0m
2026.04.10 14:59:41 INFO  Progress (1): 4.1 kB[0m
2026.04.10 14:59:41 INFO  Progress (1): 5.1 kB[0m
2026.04.10 14:59:41 INFO                      [0m
2026.04.10 14:59:41 INFO  Downloaded from central: https://repo.maven.apache.org/maven2/org/springframework/boot/spring-boot-starter-test/3.4.2/spring-boot-starter-test-3.4.2.pom (5.1 kB at 180 kB/s)[0m
2026.04.10 14:59:41 INFO  Downloading from central: https://repo.maven.apache.org/maven2/org/springframework/boot/spring-boot-test/3.4.2/spring-boot-test-3.4.2.pom[0m
2026.04.10 14:59:41 INFO  Progress (1): 1.0 kB[0m
2026.04.10 14:59:41 INFO  Progress (1): 2.2 kB[0m
2026.04.10 14:59:41 INFO                      [0m
2026.04.10 14:59:41 INFO  Downloaded from central: https://repo.maven.apache.org/maven2/org/springframework/boot/spring-boot-test/3.4.2/spring-boot-test-3.4.2.pom (2.2 kB at 85 kB/s)[0m
2026.04.10 14:59:41 INFO  Downloading from central: https://repo.maven.apache.org/maven2/org/springframework/spring-test/6.2.2/spring-test-6.2.2.pom[0m
2026.04.10 14:59:41 INFO  Progress (1): 1.1 kB[0m
2026.04.10 14:59:41 INFO  Progress (1): 2.1 kB[0m
2026.04.10 14:59:41 INFO                      [0m
2026.04.10 14:59:41 INFO  Downloaded from central: https://repo.maven.apache.org/maven2/org/springframework/spring-test/6.2.2/spring-test-6.2.2.pom (2.1 kB at 64 kB/s)[0m
2026.04.10 14:59:41 INFO  Downloading from central: https://repo.maven.apache.org/maven2/org/springframework/boot/spring-boot-test-autoconfigure/3.4.2/spring-boot-test-autoconfigure-3.4.2.pom[0m
2026.04.10 14:59:41 INFO  Progress (1): 1.0 kB[0m
2026.04.10 14:59:41 INFO  Progress (1): 2.5 kB[0m
2026.04.10 14:59:41 INFO                      [0m
2026.04.10 14:59:41 INFO  Downloaded from central: https://repo.maven.apache.org/maven2/org/springframework/boot/spring-boot-test-autoconfigure/3.4.2/spring-boot-test-autoconfigure-3.4.2.pom (2.5 kB at 91 kB/s)[0m
2026.04.10 14:59:41 INFO  Downloading from central: https://repo.maven.apache.org/maven2/org/assertj/assertj-core/3.26.3/assertj-core-3.26.3.pom[0m
2026.04.10 14:59:41 INFO  Progress (1): 1.1 kB[0m
2026.04.10 14:59:41 INFO  Progress (1): 3.8 kB[0m
2026.04.10 14:59:41 INFO                      [0m
2026.04.10 14:59:41 INFO  Downloaded from central: https://repo.maven.apache.org/maven2/org/assertj/assertj-core/3.26.3/assertj-core-3.26.3.pom (3.8 kB at 136 kB/s)[0m
2026.04.10 14:59:41 INFO  Downloading from central: https://repo.maven.apache.org/maven2/org/junit/jupiter/junit-jupiter/5.11.4/junit-jupiter-5.11.4.pom[0m
2026.04.10 14:59:41 INFO  Progress (1): 944 B[0m
2026.04.10 14:59:41 INFO  Progress (1): 3.2 kB[0m
2026.04.10 14:59:41 INFO                      [0m
2026.04.10 14:59:41 INFO  Downloaded from central: https://repo.maven.apache.org/maven2/org/junit/jupiter/junit-jupiter/5.11.4/junit-jupiter-5.11.4.pom (3.2 kB at 123 kB/s)[0m
2026.04.10 14:59:41 INFO  Downloading from central: https://repo.maven.apache.org/maven2/org/junit/jupiter/junit-jupiter-api/5.11.4/junit-jupiter-api-5.11.4.pom[0m
2026.04.10 14:59:41 INFO  Progress (1): 954 B[0m
2026.04.10 14:59:41 INFO  Progress (1): 3.2 kB[0m
2026.04.10 14:59:41 INFO                      [0m
2026.04.10 14:59:41 INFO  Downloaded from central: https://repo.maven.apache.org/maven2/org/junit/jupiter/junit-jupiter-api/5.11.4/junit-jupiter-api-5.11.4.pom (3.2 kB at 122 kB/s)[0m
2026.04.10 14:59:41 INFO  Downloading from central: https://repo.maven.apache.org/maven2/org/junit/platform/junit-platform-commons/1.11.4/junit-platform-commons-1.11.4.pom[0m
2026.04.10 14:59:41 INFO  Progress (1): 966 B[0m
2026.04.10 14:59:41 INFO  Progress (1): 2.8 kB[0m
2026.04.10 14:59:41 INFO                      [0m
2026.04.10 14:59:41 INFO  Downloaded from central: https://repo.maven.apache.org/maven2/org/junit/platform/junit-platform-commons/1.11.4/junit-platform-commons-1.11.4.pom (2.8 kB at 101 kB/s)[0m
2026.04.10 14:59:41 INFO  Downloading from central: https://repo.maven.apache.org/maven2/org/junit/jupiter/junit-jupiter-params/5.11.4/junit-jupiter-params-5.11.4.pom[0m
2026.04.10 14:59:41 INFO  Progress (1): 964 B[0m
2026.04.10 14:59:41 INFO  Progress (1): 3.0 kB[0m
2026.04.10 14:59:41 INFO                      [0m
2026.04.10 14:59:41 INFO  Downloaded from central: https://repo.maven.apache.org/maven2/org/junit/jupiter/junit-jupiter-params/5.11.4/junit-jupiter-params-5.11.4.pom (3.0 kB at 131 kB/s)[0m
2026.04.10 14:59:41 INFO  Downloading from central: https://repo.maven.apache.org/maven2/org/junit/jupiter/junit-jupiter-engine/5.11.4/junit-jupiter-engine-5.11.4.pom[0m
2026.04.10 14:59:41 INFO  Progress (1): 963 B[0m
2026.04.10 14:59:41 INFO  Progress (1): 3.2 kB[0m
2026.04.10 14:59:41 INFO                      [0m
2026.04.10 14:59:41 INFO  Downloaded from central: https://repo.maven.apache.org/maven2/org/junit/jupiter/junit-jupiter-engine/5.11.4/junit-jupiter-engine-5.11.4.pom (3.2 kB at 114 kB/s)[0m
2026.04.10 14:59:41 INFO  Downloading from central: https://repo.maven.apache.org/maven2/org/junit/platform/junit-platform-engine/1.11.4/junit-platform-engine-1.11.4.pom[0m
2026.04.10 14:59:41 INFO  Progress (1): 957 B[0m
2026.04.10 14:59:41 INFO  Progress (1): 3.2 kB[0m
2026.04.10 14:59:41 INFO                      [0m
2026.04.10 14:59:41 INFO  Downloaded from central: https://repo.maven.apache.org/maven2/org/junit/platform/junit-platform-engine/1.11.4/junit-platform-engine-1.11.4.pom (3.2 kB at 134 kB/s)[0m
2026.04.10 14:59:41 INFO  Downloading from central: https://repo.maven.apache.org/maven2/org/mockito/mockito-core/5.14.2/mockito-core-5.14.2.pom[0m
2026.04.10 14:59:41 INFO  Progress (1): 1.5 kB[0m
2026.04.10 14:59:41 INFO  Progress (1): 2.5 kB[0m
2026.04.10 14:59:41 INFO                      [0m
2026.04.10 14:59:41 INFO  Downloaded from central: https://repo.maven.apache.org/maven2/org/mockito/mockito-core/5.14.2/mockito-core-5.14.2.pom (2.5 kB at 82 kB/s)[0m
2026.04.10 14:59:41 INFO  Downloading from central: https://repo.maven.apache.org/maven2/net/bytebuddy/byte-buddy-agent/1.15.11/byte-buddy-agent-1.15.11.pom[0m
2026.04.10 14:59:41 INFO  Progress (1): 1.2 kB[0m
2026.04.10 14:59:41 INFO  Progress (1): 3.6 kB[0m
2026.04.10 14:59:41 INFO  Progress (1): 6.1 kB[0m
2026.04.10 14:59:41 INFO  Progress (1): 11 kB [0m
2026.04.10 14:59:41 INFO  Progress (1): 12 kB[0m
2026.04.10 14:59:41 INFO                     [0m
2026.04.10 14:59:41 INFO  Downloaded from central: https://repo.maven.apache.org/maven2/net/bytebuddy/byte-buddy-agent/1.15.11/byte-buddy-agent-1.15.11.pom (12 kB at 377 kB/s)[0m
2026.04.10 14:59:41 INFO  Downloading from central: https://repo.maven.apache.org/maven2/org/mockito/mockito-junit-jupiter/5.14.2/mockito-junit-jupiter-5.14.2.pom[0m
2026.04.10 14:59:41 INFO  Progress (1): 1.6 kB[0m
2026.04.10 14:59:41 INFO  Progress (1): 2.3 kB[0m
2026.04.10 14:59:41 INFO                      [0m
2026.04.10 14:59:41 INFO  Downloaded from central: https://repo.maven.apache.org/maven2/org/mockito/mockito-junit-jupiter/5.14.2/mockito-junit-jupiter-5.14.2.pom (2.3 kB at 82 kB/s)[0m
2026.04.10 14:59:41 INFO  Downloading from central: https://repo.maven.apache.org/maven2/org/xmlunit/xmlunit-core/2.10.0/xmlunit-core-2.10.0.pom[0m
2026.04.10 14:59:41 INFO  Progress (1): 851 B[0m
2026.04.10 14:59:41 INFO  Progress (1): 2.4 kB[0m
2026.04.10 14:59:41 INFO                      [0m
2026.04.10 14:59:41 INFO  Downloaded from central: https://repo.maven.apache.org/maven2/org/xmlunit/xmlunit-core/2.10.0/xmlunit-core-2.10.0.pom (2.4 kB at 102 kB/s)[0m
2026.04.10 14:59:41 INFO  Downloading from central: https://repo.maven.apache.org/maven2/org/xmlunit/xmlunit-parent/2.10.0/xmlunit-parent-2.10.0.pom[0m
2026.04.10 14:59:41 INFO  Progress (1): 785 B[0m
2026.04.10 14:59:41 INFO  Progress (1): 2.2 kB[0m
2026.04.10 14:59:41 INFO  Progress (1): 4.6 kB[0m
2026.04.10 14:59:41 INFO  Progress (1): 7.7 kB[0m
2026.04.10 14:59:41 INFO  Progress (1): 11 kB [0m
2026.04.10 14:59:41 INFO  Progress (1): 13 kB[0m
2026.04.10 14:59:41 INFO  Progress (1): 17 kB[0m
2026.04.10 14:59:41 INFO  Progress (1): 21 kB[0m
2026.04.10 14:59:41 INFO                     [0m
2026.04.10 14:59:41 INFO  Downloaded from central: https://repo.maven.apache.org/maven2/org/xmlunit/xmlunit-parent/2.10.0/xmlunit-parent-2.10.0.pom (21 kB at 742 kB/s)[0m
2026.04.10 14:59:41 INFO  Downloading from central: https://repo.maven.apache.org/maven2/org/springframework/boot/spring-boot-starter-data-jpa/3.4.2/spring-boot-starter-data-jpa-3.4.2.jar[0m
2026.04.10 14:59:41 INFO  Progress (1): 4.8 kB[0m
2026.04.10 14:59:41 INFO                      [0m
2026.04.10 14:59:41 INFO  Downloaded from central: https://repo.maven.apache.org/maven2/org/springframework/boot/spring-boot-starter-data-jpa/3.4.2/spring-boot-starter-data-jpa-3.4.2.jar (4.8 kB at 190 kB/s)[0m
2026.04.10 14:59:41 INFO  Downloading from central: https://repo.maven.apache.org/maven2/org/springframework/boot/spring-boot-starter/3.4.2/spring-boot-starter-3.4.2.jar[0m
2026.04.10 14:59:41 INFO  Downloading from central: https://repo.maven.apache.org/maven2/org/springframework/boot/spring-boot/3.4.2/spring-boot-3.4.2.jar[0m
2026.04.10 14:59:41 INFO  Downloading from central: https://repo.maven.apache.org/maven2/org/springframework/boot/spring-boot-autoconfigure/3.4.2/spring-boot-autoconfigure-3.4.2.jar[0m
2026.04.10 14:59:41 INFO  Downloading from central: https://repo.maven.apache.org/maven2/org/springframework/boot/spring-boot-starter-logging/3.4.2/spring-boot-starter-logging-3.4.2.jar[0m
2026.04.10 14:59:41 INFO  Downloading from central: https://repo.maven.apache.org/maven2/ch/qos/logback/logback-classic/1.5.16/logback-classic-1.5.16.jar[0m
2026.04.10 14:59:41 INFO  Progress (1): 0/1.8 MB[0m
2026.04.10 14:59:41 INFO  Progress (1): 0/1.8 MB[0m
2026.04.10 14:59:41 INFO  Progress (1): 0/1.8 MB[0m
2026.04.10 14:59:41 INFO  Progress (1): 0/1.8 MB[0m
2026.04.10 14:59:41 INFO  Progress (1): 0.1/1.8 MB[0m
2026.04.10 14:59:41 INFO  Progress (1): 0.1/1.8 MB[0m
2026.04.10 14:59:41 INFO  Progress (1): 0.1/1.8 MB[0m
2026.04.10 14:59:41 INFO  Progress (1): 0.1/1.8 MB[0m
2026.04.10 14:59:41 INFO  Progress (1): 0.1/1.8 MB[0m
2026.04.10 14:59:41 INFO  Progress (1): 0.1/1.8 MB[0m
2026.04.10 14:59:41 INFO  Progress (1): 0.2/1.8 MB[0m
2026.04.10 14:59:41 INFO  Progress (1): 0.2/1.8 MB[0m
2026.04.10 14:59:41 INFO  Progress (1): 0.2/1.8 MB[0m
2026.04.10 14:59:41 INFO  Progress (1): 0.2/1.8 MB[0m
2026.04.10 14:59:41 INFO  Progress (1): 0.2/1.8 MB[0m
2026.04.10 14:59:41 INFO  Progress (1): 0.2/1.8 MB[0m
2026.04.10 14:59:41 INFO  Progress (1): 0.3/1.8 MB[0m
2026.04.10 14:59:41 INFO  Progress (1): 0.3/1.8 MB[0m
2026.04.10 14:59:41 INFO  Progress (1): 0.3/1.8 MB[0m
2026.04.10 14:59:41 INFO  Progress (1): 0.3/1.8 MB[0m
2026.04.10 14:59:41 INFO  Progress (1): 0.3/1.8 MB[0m
2026.04.10 14:59:41 INFO  Progress (1): 0.3/1.8 MB[0m
2026.04.10 14:59:41 INFO  Progress (1): 0.4/1.8 MB[0m
2026.04.10 14:59:41 INFO  Progress (1): 0.4/1.8 MB[0m
2026.04.10 14:59:41 INFO  Progress (1): 0.4/1.8 MB[0m
2026.04.10 14:59:41 INFO  Progress (1): 0.4/1.8 MB[0m
2026.04.10 14:59:41 INFO  Progress (1): 0.4/1.8 MB[0m
2026.04.10 14:59:41 INFO  Progress (1): 0.4/1.8 MB[0m
2026.04.10 14:59:41 INFO  Progress (1): 0.5/1.8 MB[0m
2026.04.10 14:59:41 INFO  Progress (1): 0.5/1.8 MB[0m
2026.04.10 14:59:41 INFO  Progress (1): 0.5/1.8 MB[0m
2026.04.10 14:59:41 INFO  Progress (1): 0.5/1.8 MB[0m
2026.04.10 14:59:41 INFO  Progress (1): 0.5/1.8 MB[0m
2026.04.10 14:59:41 INFO  Progress (1): 0.5/1.8 MB[0m
2026.04.10 14:59:41 INFO  Progress (1): 0.5/1.8 MB[0m
2026.04.10 14:59:41 INFO  Progress (1): 0.6/1.8 MB[0m
2026.04.10 14:59:41 INFO  Progress (1): 0.6/1.8 MB[0m
2026.04.10 14:59:41 INFO  Progress (1): 0.6/1.8 MB[0m
2026.04.10 14:59:41 INFO  Progress (1): 0.6/1.8 MB[0m
2026.04.10 14:59:41 INFO  Progress (1): 0.6/1.8 MB[0m
2026.04.10 14:59:41 INFO  Progress (1): 0.6/1.8 MB[0m
2026.04.10 14:59:41 INFO  Progress (1): 0.7/1.8 MB[0m
2026.04.10 14:59:41 INFO  Progress (1): 0.7/1.8 MB[0m
2026.04.10 14:59:41 INFO  Progress (1): 0.7/1.8 MB[0m
2026.04.10 14:59:41 INFO  Progress (1): 0.7/1.8 MB[0m
2026.04.10 14:59:41 INFO  Progress (1): 0.7/1.8 MB[0m
2026.04.10 14:59:41 INFO  Progress (1): 0.7/1.8 MB[0m
2026.04.10 14:59:41 INFO  Progress (1): 0.8/1.8 MB[0m
2026.04.10 14:59:41 INFO  Progress (1): 0.8/1.8 MB[0m
2026.04.10 14:59:41 INFO  Progress (1): 0.8/1.8 MB[0m
2026.04.10 14:59:41 INFO  Progress (1): 0.8/1.8 MB[0m
2026.04.10 14:59:41 INFO  Progress (1): 0.8/1.8 MB[0m
2026.04.10 14:59:41 INFO  Progress (1): 0.8/1.8 MB[0m
2026.04.10 14:59:41 INFO  Progress (1): 0.9/1.8 MB[0m
2026.04.10 14:59:41 INFO  Progress (1): 0.9/1.8 MB[0m
2026.04.10 14:59:41 INFO  Progress (1): 0.9/1.8 MB[0m
2026.04.10 14:59:41 INFO  Progress (1): 0.9/1.8 MB[0m
2026.04.10 14:59:41 INFO  Progress (1): 0.9/1.8 MB[0m
2026.04.10 14:59:41 INFO  Progress (1): 0.9/1.8 MB[0m
2026.04.10 14:59:41 INFO  Progress (1): 1.0/1.8 MB[0m
2026.04.10 14:59:41 INFO  Progress (1): 1.0/1.8 MB[0m
2026.04.10 14:59:41 INFO  Progress (1): 1.0/1.8 MB[0m
2026.04.10 14:59:41 INFO  Progress (1): 1.0/1.8 MB[0m
2026.04.10 14:59:41 INFO  Progress (1): 1.0/1.8 MB[0m
2026.04.10 14:59:41 INFO  Progress (2): 1.0/1.8 MB | 0.9/4.8 kB[0m
2026.04.10 14:59:41 INFO  Progress (2): 1.0/1.8 MB | 2.3/4.8 kB[0m
2026.04.10 14:59:41 INFO  Progress (2): 1.0/1.8 MB | 3.4/4.8 kB[0m
2026.04.10 14:59:41 INFO  Progress (2): 1.0/1.8 MB | 4.7/4.8 kB[0m
2026.04.10 14:59:41 INFO  Progress (3): 1.0/1.8 MB | 4.7/4.8 kB | 0.9/4.8 kB[0m
2026.04.10 14:59:41 INFO  Progress (3): 1.0/1.8 MB | 4.7/4.8 kB | 2.3/4.8 kB[0m
2026.04.10 14:59:41 INFO  Progress (3): 1.0/1.8 MB | 4.7/4.8 kB | 3.6/4.8 kB[0m
2026.04.10 14:59:41 INFO  Progress (3): 1.0/1.8 MB | 4.7/4.8 kB | 3.6/4.8 kB[0m
2026.04.10 14:59:41 INFO  Progress (3): 1.0/1.8 MB | 4.7/4.8 kB | 4.8 kB    [0m
2026.04.10 14:59:41 INFO  Progress (3): 1.0/1.8 MB | 4.8 kB | 4.8 kB    [0m
2026.04.10 14:59:41 INFO  Progress (3): 1.0/1.8 MB | 4.8 kB | 4.8 kB[0m
2026.04.10 14:59:41 INFO  Progress (4): 1.0/1.8 MB | 4.8 kB | 4.8 kB | 0/2.0 MB[0m
2026.04.10 14:59:41 INFO  Progress (4): 1.1/1.8 MB | 4.8 kB | 4.8 kB | 0/2.0 MB[0m
2026.04.10 14:59:41 INFO  Progress (4): 1.1/1.8 MB | 4.8 kB | 4.8 kB | 0/2.0 MB[0m
2026.04.10 14:59:41 INFO  Progress (4): 1.1/1.8 MB | 4.8 kB | 4.8 kB | 0/2.0 MB[0m
2026.04.10 14:59:41 INFO  Progress (4): 1.1/1.8 MB | 4.8 kB | 4.8 kB | 0/2.0 MB[0m
2026.04.10 14:59:41 INFO  Progress (4): 1.1/1.8 MB | 4.8 kB | 4.8 kB | 0/2.0 MB[0m
2026.04.10 14:59:41 INFO  Progress (4): 1.1/1.8 MB | 4.8 kB | 4.8 kB | 0/2.0 MB[0m
2026.04.10 14:59:41 INFO  Progress (4): 1.1/1.8 MB | 4.8 kB | 4.8 kB | 0/2.0 MB[0m
2026.04.10 14:59:41 INFO  Progress (4): 1.1/1.8 MB | 4.8 kB | 4.8 kB | 0/2.0 MB[0m
2026.04.10 14:59:41 INFO  Progress (4): 1.1/1.8 MB | 4.8 kB | 4.8 kB | 0/2.0 MB[0m
2026.04.10 14:59:41 INFO  Progress (4): 1.1/1.8 MB | 4.8 kB | 4.8 kB | 0/2.0 MB[0m
2026.04.10 14:59:41 INFO  Progress (4): 1.1/1.8 MB | 4.8 kB | 4.8 kB | 0/2.0 MB[0m
2026.04.10 14:59:41 INFO  Progress (4): 1.1/1.8 MB | 4.8 kB | 4.8 kB | 0/2.0 MB[0m
2026.04.10 14:59:41 INFO  Progress (4): 1.1/1.8 MB | 4.8 kB | 4.8 kB | 0/2.0 MB[0m
2026.04.10 14:59:41 INFO  Progress (4): 1.1/1.8 MB | 4.8 kB | 4.8 kB | 0/2.0 MB[0m
2026.04.10 14:59:41 INFO  Progress (4): 1.1/1.8 MB | 4.8 kB | 4.8 kB | 0/2.0 MB[0m
2026.04.10 14:59:41 INFO  Progress (4): 1.1/1.8 MB | 4.8 kB | 4.8 kB | 0/2.0 MB[0m
2026.04.10 14:59:41 INFO  Progress (4): 1.1/1.8 MB | 4.8 kB | 4.8 kB | 0/2.0 MB[0m
2026.04.10 14:59:41 INFO  Progress (4): 1.1/1.8 MB | 4.8 kB | 4.8 kB | 0/2.0 MB[0m
2026.04.10 14:59:41 INFO  Progress (5): 1.1/1.8 MB | 4.8 kB | 4.8 kB | 0/2.0 MB | 0.9/307 kB[0m
2026.04.10 14:59:41 INFO  Progress (5): 1.1/1.8 MB | 4.8 kB | 4.8 kB | 0/2.0 MB | 0.9/307 kB[0m
2026.04.10 14:59:41 INFO  Progress (5): 1.1/1.8 MB | 4.8 kB | 4.8 kB | 0/2.0 MB | 0.9/307 kB[0m
2026.04.10 14:59:41 INFO  Progress (5): 1.1/1.8 MB | 4.8 kB | 4.8 kB | 0/2.0 MB | 0.9/307 kB[0m
2026.04.10 14:59:41 INFO  Progress (5): 1.1/1.8 MB | 4.8 kB | 4.8 kB | 0/2.0 MB | 2.3/307 kB[0m
2026.04.10 14:59:41 INFO  Progress (5): 1.1/1.8 MB | 4.8 kB | 4.8 kB | 0/2.0 MB | 3.6/307 kB[0m
2026.04.10 14:59:41 INFO  Progress (5): 1.1/1.8 MB | 4.8 kB | 4.8 kB | 0/2.0 MB | 3.6/307 kB[0m
2026.04.10 14:59:41 INFO  Progress (5): 1.1/1.8 MB | 4.8 kB | 4.8 kB | 0/2.0 MB | 5.0/307 kB[0m
2026.04.10 14:59:41 INFO  Progress (5): 1.1/1.8 MB | 4.8 kB | 4.8 kB | 0/2.0 MB | 6.4/307 kB[0m
2026.04.10 14:59:41 INFO  Progress (5): 1.1/1.8 MB | 4.8 kB | 4.8 kB | 0/2.0 MB | 7.7/307 kB[0m
2026.04.10 14:59:41 INFO  Progress (5): 1.1/1.8 MB | 4.8 kB | 4.8 kB | 0/2.0 MB | 9.1/307 kB[0m
2026.04.10 14:59:41 INFO  Progress (5): 1.1/1.8 MB | 4.8 kB | 4.8 kB | 0/2.0 MB | 10/307 kB [0m
2026.04.10 14:59:41 INFO  Progress (5): 1.1/1.8 MB | 4.8 kB | 4.8 kB | 0/2.0 MB | 12/307 kB[0m
2026.04.10 14:59:41 INFO  Progress (5): 1.1/1.8 MB | 4.8 kB | 4.8 kB | 0/2.0 MB | 13/307 kB[0m
2026.04.10 14:59:41 INFO  Progress (5): 1.1/1.8 MB | 4.8 kB | 4.8 kB | 0/2.0 MB | 13/307 kB[0m
2026.04.10 14:59:41 INFO  Progress (5): 1.1/1.8 MB | 4.8 kB | 4.8 kB | 0/2.0 MB | 13/307 kB[0m
2026.04.10 14:59:41 INFO  Progress (5): 1.1/1.8 MB | 4.8 kB | 4.8 kB | 0/2.0 MB | 13/307 kB[0m
2026.04.10 14:59:41 INFO  Progress (5): 1.1/1.8 MB | 4.8 kB | 4.8 kB | 0/2.0 MB | 13/307 kB[0m
2026.04.10 14:59:41 INFO  Progress (5): 1.1/1.8 MB | 4.8 kB | 4.8 kB | 0/2.0 MB | 13/307 kB[0m
2026.04.10 14:59:41 INFO                                                                   [0m
2026.04.10 14:59:41 INFO  Downloaded from central: https://repo.maven.apache.org/maven2/org/springframework/boot/spring-boot-starter-logging/3.4.2/spring-boot-starter-logging-3.4.2.jar (4.8 kB at 52 kB/s)[0m
2026.04.10 14:59:41 INFO  Downloading from central: https://repo.maven.apache.org/maven2/ch/qos/logback/logback-core/1.5.16/logback-core-1.5.16.jar[0m
2026.04.10 14:59:41 INFO  Downloaded from central: https://repo.maven.apache.org/maven2/org/springframework/boot/spring-boot-starter/3.4.2/spring-boot-starter-3.4.2.jar (4.8 kB at 51 kB/s)[0m
2026.04.10 14:59:41 INFO  Downloading from central: https://repo.maven.apache.org/maven2/org/apache/logging/log4j/log4j-to-slf4j/2.24.3/log4j-to-slf4j-2.24.3.jar[0m
2026.04.10 14:59:41 INFO  Progress (3): 1.1/1.8 MB | 0/2.0 MB | 13/307 kB[0m
2026.04.10 14:59:41 INFO  Progress (3): 1.1/1.8 MB | 0/2.0 MB | 13/307 kB[0m
2026.04.10 14:59:41 INFO  Progress (3): 1.1/1.8 MB | 0/2.0 MB | 13/307 kB[0m
2026.04.10 14:59:41 INFO  Progress (3): 1.1/1.8 MB | 0/2.0 MB | 13/307 kB[0m
2026.04.10 14:59:41 INFO  Progress (3): 1.1/1.8 MB | 0/2.0 MB | 13/307 kB[0m
2026.04.10 14:59:41 INFO  Progress (3): 1.2/1.8 MB | 0/2.0 MB | 13/307 kB[0m
2026.04.10 14:59:41 INFO  Progress (3): 1.2/1.8 MB | 0/2.0 MB | 13/307 kB[0m
2026.04.10 14:59:41 INFO  Progress (3): 1.2/1.8 MB | 0/2.0 MB | 13/307 kB[0m
2026.04.10 14:59:41 INFO  Progress (3): 1.2/1.8 MB | 0/2.0 MB | 13/307 kB[0m
2026.04.10 14:59:41 INFO  Progress (3): 1.2/1.8 MB | 0/2.0 MB | 13/307 kB[0m
2026.04.10 14:59:41 INFO  Progress (3): 1.2/1.8 MB | 0/2.0 MB | 13/307 kB[0m
2026.04.10 14:59:41 INFO  Progress (3): 1.2/1.8 MB | 0/2.0 MB | 13/307 kB[0m
2026.04.10 14:59:41 INFO  Progress (3): 1.2/1.8 MB | 0/2.0 MB | 13/307 kB[0m
2026.04.10 14:59:41 INFO  Progress (3): 1.2/1.8 MB | 0/2.0 MB | 13/307 kB[0m
2026.04.10 14:59:41 INFO  Progress (3): 1.2/1.8 MB | 0/2.0 MB | 13/307 kB[0m
2026.04.10 14:59:41 INFO  Progress (3): 1.2/1.8 MB | 0/2.0 MB | 13/307 kB[0m
2026.04.10 14:59:41 INFO  Progress (3): 1.2/1.8 MB | 0/2.0 MB | 13/307 kB[0m
2026.04.10 14:59:41 INFO  Progress (3): 1.2/1.8 MB | 0/2.0 MB | 13/307 kB[0m
2026.04.10 14:59:41 INFO  Progress (3): 1.3/1.8 MB | 0/2.0 MB | 13/307 kB[0m
2026.04.10 14:59:41 INFO  Progress (3): 1.3/1.8 MB | 0/2.0 MB | 13/307 kB[0m
2026.04.10 14:59:41 INFO  Progress (3): 1.3/1.8 MB | 0/2.0 MB | 13/307 kB[0m
2026.04.10 14:59:41 INFO  Progress (3): 1.3/1.8 MB | 0/2.0 MB | 13/307 kB[0m
2026.04.10 14:59:41 INFO  Progress (3): 1.3/1.8 MB | 0/2.0 MB | 13/307 kB[0m
2026.04.10 14:59:41 INFO  Progress (3): 1.3/1.8 MB | 0.1/2.0 MB | 13/307 kB[0m
2026.04.10 14:59:41 INFO  Progress (3): 1.3/1.8 MB | 0.1/2.0 MB | 13/307 kB[0m
2026.04.10 14:59:41 INFO  Progress (3): 1.3/1.8 MB | 0.1/2.0 MB | 13/307 kB[0m
2026.04.10 14:59:41 INFO  Progress (3): 1.3/1.8 MB | 0.1/2.0 MB | 13/307 kB[0m
2026.04.10 14:59:41 INFO  Progress (3): 1.3/1.8 MB | 0.1/2.0 MB | 13/307 kB[0m
2026.04.10 14:59:41 INFO  Progress (3): 1.3/1.8 MB | 0.1/2.0 MB | 13/307 kB[0m
2026.04.10 14:59:41 INFO  Progress (3): 1.3/1.8 MB | 0.1/2.0 MB | 13/307 kB[0m
2026.04.10 14:59:41 INFO  Progress (3): 1.3/1.8 MB | 0.1/2.0 MB | 13/307 kB[0m
2026.04.10 14:59:41 INFO  Progress (3): 1.3/1.8 MB | 0.1/2.0 MB | 15/307 kB[0m
2026.04.10 14:59:41 INFO  Progress (3): 1.3/1.8 MB | 0.1/2.0 MB | 16/307 kB[0m
2026.04.10 14:59:41 INFO  Progress (3): 1.3/1.8 MB | 0.1/2.0 MB | 17/307 kB[0m
2026.04.10 14:59:41 INFO  Progress (3): 1.3/1.8 MB | 0.1/2.0 MB | 17/307 kB[0m
2026.04.10 14:59:41 INFO  Progress (3): 1.3/1.8 MB | 0.1/2.0 MB | 18/307 kB[0m
2026.04.10 14:59:41 INFO  Progress (3): 1.3/1.8 MB | 0.1/2.0 MB | 20/307 kB[0m
2026.04.10 14:59:41 INFO  Progress (3): 1.3/1.8 MB | 0.1/2.0 MB | 21/307 kB[0m
2026.04.10 14:59:41 INFO  Progress (3): 1.3/1.8 MB | 0.1/2.0 MB | 22/307 kB[0m
2026.04.10 14:59:41 INFO  Progress (3): 1.3/1.8 MB | 0.1/2.0 MB | 24/307 kB[0m
2026.04.10 14:59:41 INFO  Progress (3): 1.3/1.8 MB | 0.1/2.0 MB | 25/307 kB[0m
2026.04.10 14:59:41 INFO  Progress (3): 1.3/1.8 MB | 0.1/2.0 MB | 25/307 kB[0m
2026.04.10 14:59:41 INFO  Progress (3): 1.3/1.8 MB | 0.1/2.0 MB | 27/307 kB[0m
2026.04.10 14:59:41 INFO  Progress (3): 1.3/1.8 MB | 0.1/2.0 MB | 28/307 kB[0m
2026.04.10 14:59:41 INFO  Progress (3): 1.3/1.8 MB | 0.1/2.0 MB | 28/307 kB[0m
2026.04.10 14:59:41 INFO  Progress (3): 1.3/1.8 MB | 0.1/2.0 MB | 28/307 kB[0m
2026.04.10 14:59:41 INFO  Progress (3): 1.3/1.8 MB | 0.1/2.0 MB | 28/307 kB[0m
2026.04.10 14:59:41 INFO  Progress (3): 1.4/1.8 MB | 0.1/2.0 MB | 28/307 kB[0m
2026.04.10 14:59:41 INFO  Progress (3): 1.4/1.8 MB | 0.1/2.0 MB | 28/307 kB[0m
2026.04.10 14:59:41 INFO  Progress (3): 1.4/1.8 MB | 0.1/2.0 MB | 28/307 kB[0m
2026.04.10 14:59:41 INFO  Progress (3): 1.4/1.8 MB | 0.1/2.0 MB | 28/307 kB[0m
2026.04.10 14:59:41 INFO  Progress (3): 1.4/1.8 MB | 0.1/2.0 MB | 28/307 kB[0m
2026.04.10 14:59:41 INFO  Progress (3): 1.4/1.8 MB | 0.1/2.0 MB | 28/307 kB[0m
2026.04.10 14:59:41 INFO  Progress (3): 1.5/1.8 MB | 0.1/2.0 MB | 28/307 kB[0m
2026.04.10 14:59:41 INFO  Progress (3): 1.5/1.8 MB | 0.1/2.0 MB | 28/307 kB[0m
2026.04.10 14:59:41 INFO  Progress (3): 1.5/1.8 MB | 0.1/2.0 MB | 28/307 kB[0m
2026.04.10 14:59:41 INFO  Progress (3): 1.5/1.8 MB | 0.1/2.0 MB | 28/307 kB[0m
2026.04.10 14:59:41 INFO  Progress (3): 1.5/1.8 MB | 0.1/2.0 MB | 28/307 kB[0m
2026.04.10 14:59:41 INFO  Progress (3): 1.5/1.8 MB | 0.1/2.0 MB | 28/307 kB[0m
2026.04.10 14:59:41 INFO  Progress (3): 1.5/1.8 MB | 0.1/2.0 MB | 29/307 kB[0m
2026.04.10 14:59:41 INFO  Progress (3): 1.5/1.8 MB | 0.1/2.0 MB | 31/307 kB[0m
2026.04.10 14:59:41 INFO  Progress (3): 1.5/1.8 MB | 0.1/2.0 MB | 31/307 kB[0m
2026.04.10 14:59:41 INFO  Progress (3): 1.5/1.8 MB | 0.1/2.0 MB | 32/307 kB[0m
2026.04.10 14:59:41 INFO  Progress (3): 1.5/1.8 MB | 0.1/2.0 MB | 32/307 kB[0m
2026.04.10 14:59:41 INFO  Progress (3): 1.5/1.8 MB | 0.1/2.0 MB | 32/307 kB[0m
2026.04.10 14:59:41 INFO  Progress (3): 1.5/1.8 MB | 0.1/2.0 MB | 33/307 kB[0m
2026.04.10 14:59:41 INFO  Progress (3): 1.5/1.8 MB | 0.1/2.0 MB | 35/307 kB[0m
2026.04.10 14:59:41 INFO  Progress (3): 1.5/1.8 MB | 0.1/2.0 MB | 35/307 kB[0m
2026.04.10 14:59:41 INFO  Progress (3): 1.5/1.8 MB | 0.1/2.0 MB | 36/307 kB[0m
2026.04.10 14:59:41 INFO  Progress (3): 1.5/1.8 MB | 0.1/2.0 MB | 36/307 kB[0m
2026.04.10 14:59:41 INFO  Progress (3): 1.5/1.8 MB | 0.1/2.0 MB | 38/307 kB[0m
2026.04.10 14:59:41 INFO  Progress (3): 1.5/1.8 MB | 0.1/2.0 MB | 39/307 kB[0m
2026.04.10 14:59:41 INFO  Progress (3): 1.5/1.8 MB | 0.1/2.0 MB | 40/307 kB[0m
2026.04.10 14:59:41 INFO  Progress (3): 1.5/1.8 MB | 0.1/2.0 MB | 40/307 kB[0m
2026.04.10 14:59:41 INFO  Progress (3): 1.5/1.8 MB | 0.1/2.0 MB | 40/307 kB[0m
2026.04.10 14:59:41 INFO  Progress (3): 1.5/1.8 MB | 0.1/2.0 MB | 42/307 kB[0m
2026.04.10 14:59:41 INFO  Progress (3): 1.5/1.8 MB | 0.1/2.0 MB | 43/307 kB[0m
2026.04.10 14:59:41 INFO  Progress (3): 1.5/1.8 MB | 0.1/2.0 MB | 44/307 kB[0m
2026.04.10 14:59:41 INFO  Progress (3): 1.5/1.8 MB | 0.1/2.0 MB | 46/307 kB[0m
2026.04.10 14:59:41 INFO  Progress (3): 1.5/1.8 MB | 0.1/2.0 MB | 46/307 kB[0m
2026.04.10 14:59:41 INFO  Progress (3): 1.5/1.8 MB | 0.1/2.0 MB | 47/307 kB[0m
2026.04.10 14:59:41 INFO  Progress (3): 1.6/1.8 MB | 0.1/2.0 MB | 47/307 kB[0m
2026.04.10 14:59:41 INFO  Progress (3): 1.6/1.8 MB | 0.1/2.0 MB | 48/307 kB[0m
2026.04.10 14:59:41 INFO  Progress (3): 1.6/1.8 MB | 0.1/2.0 MB | 48/307 kB[0m
2026.04.10 14:59:41 INFO  Progress (3): 1.6/1.8 MB | 0.1/2.0 MB | 48/307 kB[0m
2026.04.10 14:59:41 INFO  Progress (3): 1.6/1.8 MB | 0.1/2.0 MB | 50/307 kB[0m
2026.04.10 14:59:41 INFO  Progress (3): 1.6/1.8 MB | 0.1/2.0 MB | 51/307 kB[0m
2026.04.10 14:59:41 INFO  Progress (3): 1.6/1.8 MB | 0.1/2.0 MB | 53/307 kB[0m
2026.04.10 14:59:41 INFO  Progress (3): 1.6/1.8 MB | 0.1/2.0 MB | 53/307 kB[0m
2026.04.10 14:59:41 INFO  Progress (3): 1.6/1.8 MB | 0.1/2.0 MB | 53/307 kB[0m
2026.04.10 14:59:41 INFO  Progress (3): 1.6/1.8 MB | 0.1/2.0 MB | 53/307 kB[0m
2026.04.10 14:59:41 INFO  Progress (3): 1.6/1.8 MB | 0.1/2.0 MB | 53/307 kB[0m
2026.04.10 14:59:41 INFO  Progress (3): 1.6/1.8 MB | 0.1/2.0 MB | 53/307 kB[0m
2026.04.10 14:59:41 INFO  Progress (3): 1.6/1.8 MB | 0.1/2.0 MB | 53/307 kB[0m
2026.04.10 14:59:41 INFO  Progress (3): 1.6/1.8 MB | 0.1/2.0 MB | 53/307 kB[0m
2026.04.10 14:59:41 INFO  Progress (3): 1.6/1.8 MB | 0.1/2.0 MB | 53/307 kB[0m
2026.04.10 14:59:41 INFO  Progress (3): 1.6/1.8 MB | 0.1/2.0 MB | 53/307 kB[0m
2026.04.10 14:59:41 INFO  Progress (3): 1.6/1.8 MB | 0.1/2.0 MB | 53/307 kB[0m
2026.04.10 14:59:41 INFO  Progress (3): 1.6/1.8 MB | 0.1/2.0 MB | 53/307 kB[0m
2026.04.10 14:59:41 INFO  Progress (3): 1.6/1.8 MB | 0.1/2.0 MB | 53/307 kB[0m
2026.04.10 14:59:41 INFO  Progress (3): 1.6/1.8 MB | 0.1/2.0 MB | 53/307 kB[0m
2026.04.10 14:59:41 INFO  Progress (3): 1.7/1.8 MB | 0.1/2.0 MB | 53/307 kB[0m
2026.04.10 14:59:41 INFO  Progress (3): 1.7/1.8 MB | 0.1/2.0 MB | 53/307 kB[0m
2026.04.10 14:59:41 INFO  Progress (3): 1.7/1.8 MB | 0.1/2.0 MB | 53/307 kB[0m
2026.04.10 14:59:41 INFO  Progress (3): 1.7/1.8 MB | 0.1/2.0 MB | 53/307 kB[0m
2026.04.10 14:59:41 INFO  Progress (3): 1.7/1.8 MB | 0.2/2.0 MB | 53/307 kB[0m
2026.04.10 14:59:41 INFO  Progress (3): 1.7/1.8 MB | 0.2/2.0 MB | 53/307 kB[0m
2026.04.10 14:59:41 INFO  Progress (3): 1.7/1.8 MB | 0.2/2.0 MB | 53/307 kB[0m
2026.04.10 14:59:41 INFO  Progress (3): 1.7/1.8 MB | 0.2/2.0 MB | 53/307 kB[0m
2026.04.10 14:59:41 INFO  Progress (3): 1.7/1.8 MB | 0.2/2.0 MB | 53/307 kB[0m
2026.04.10 14:59:41 INFO  Progress (3): 1.7/1.8 MB | 0.2/2.0 MB | 53/307 kB[0m
2026.04.10 14:59:41 INFO  Progress (3): 1.7/1.8 MB | 0.2/2.0 MB | 53/307 kB[0m
2026.04.10 14:59:41 INFO  Progress (3): 1.7/1.8 MB | 0.2/2.0 MB | 53/307 kB[0m
2026.04.10 14:59:41 INFO  Progress (3): 1.7/1.8 MB | 0.2/2.0 MB | 53/307 kB[0m
2026.04.10 14:59:41 INFO  Progress (3): 1.7/1.8 MB | 0.2/2.0 MB | 53/307 kB[0m
2026.04.10 14:59:41 INFO  Progress (3): 1.7/1.8 MB | 0.2/2.0 MB | 53/307 kB[0m
2026.04.10 14:59:41 INFO  Progress (3): 1.8/1.8 MB | 0.2/2.0 MB | 53/307 kB[0m
2026.04.10 14:59:41 INFO  Progress (4): 1.8/1.8 MB | 0.2/2.0 MB | 53/307 kB | 0.9/622 kB[0m
2026.04.10 14:59:41 INFO  Progress (4): 1.8/1.8 MB | 0.2/2.0 MB | 53/307 kB | 2.3/622 kB[0m
2026.04.10 14:59:41 INFO  Progress (4): 1.8/1.8 MB | 0.2/2.0 MB | 53/307 kB | 3.6/622 kB[0m
2026.04.10 14:59:41 INFO  Progress (4): 1.8/1.8 MB | 0.2/2.0 MB | 53/307 kB | 5.0/622 kB[0m
2026.04.10 14:59:41 INFO  Progress (4): 1.8/1.8 MB | 0.2/2.0 MB | 53/307 kB | 6.4/622 kB[0m
2026.04.10 14:59:41 INFO  Progress (4): 1.8/1.8 MB | 0.2/2.0 MB | 53/307 kB | 7.7/622 kB[0m
2026.04.10 14:59:41 INFO  Progress (4): 1.8/1.8 MB | 0.2/2.0 MB | 53/307 kB | 9.1/622 kB[0m
2026.04.10 14:59:41 INFO  Progress (4): 1.8/1.8 MB | 0.2/2.0 MB | 53/307 kB | 10/622 kB [0m
2026.04.10 14:59:41 INFO  Progress (4): 1.8 MB | 0.2/2.0 MB | 53/307 kB | 10/622 kB    [0m
2026.04.10 14:59:41 INFO  Progress (4): 1.8 MB | 0.2/2.0 MB | 53/307 kB | 12/622 kB[0m
2026.04.10 14:59:41 INFO  Progress (4): 1.8 MB | 0.2/2.0 MB | 53/307 kB | 13/622 kB[0m
2026.04.10 14:59:41 INFO  Progress (4): 1.8 MB | 0.2/2.0 MB | 53/307 kB | 15/622 kB[0m
2026.04.10 14:59:41 INFO  Progress (4): 1.8 MB | 0.2/2.0 MB | 53/307 kB | 16/622 kB[0m
2026.04.10 14:59:41 INFO  Progress (4): 1.8 MB | 0.2/2.0 MB | 54/307 kB | 16/622 kB[0m
2026.04.10 14:59:41 INFO  Progress (4): 1.8 MB | 0.2/2.0 MB | 54/307 kB | 17/622 kB[0m
2026.04.10 14:59:41 INFO  Progress (4): 1.8 MB | 0.2/2.0 MB | 54/307 kB | 17/622 kB[0m
2026.04.10 14:59:41 INFO  Progress (5): 1.8 MB | 0.2/2.0 MB | 54/307 kB | 17/622 kB | 0.9/24 kB[0m
2026.04.10 14:59:41 INFO  Progress (5): 1.8 MB | 0.2/2.0 MB | 55/307 kB | 17/622 kB | 0.9/24 kB[0m
2026.04.10 14:59:41 INFO  Progress (5): 1.8 MB | 0.2/2.0 MB | 55/307 kB | 19/622 kB | 0.9/24 kB[0m
2026.04.10 14:59:41 INFO  Progress (5): 1.8 MB | 0.2/2.0 MB | 55/307 kB | 19/622 kB | 2.3/24 kB[0m
2026.04.10 14:59:41 INFO  Progress (5): 1.8 MB | 0.2/2.0 MB | 55/307 kB | 19/622 kB | 3.6/24 kB[0m
2026.04.10 14:59:41 INFO  Progress (5): 1.8 MB | 0.2/2.0 MB | 55/307 kB | 19/622 kB | 5.0/24 kB[0m
2026.04.10 14:59:41 INFO  Progress (5): 1.8 MB | 0.2/2.0 MB | 55/307 kB | 19/622 kB | 5.0/24 kB[0m
2026.04.10 14:59:41 INFO  Progress (5): 1.8 MB | 0.2/2.0 MB | 55/307 kB | 19/622 kB | 6.4/24 kB[0m
2026.04.10 14:59:41 INFO  Progress (5): 1.8 MB | 0.2/2.0 MB | 55/307 kB | 19/622 kB | 7.7/24 kB[0m
2026.04.10 14:59:41 INFO  Progress (5): 1.8 MB | 0.2/2.0 MB | 55/307 kB | 20/622 kB | 7.7/24 kB[0m
2026.04.10 14:59:41 INFO  Progress (5): 1.8 MB | 0.2/2.0 MB | 55/307 kB | 20/622 kB | 9.1/24 kB[0m
2026.04.10 14:59:41 INFO  Progress (5): 1.8 MB | 0.2/2.0 MB | 55/307 kB | 20/622 kB | 10/24 kB [0m
2026.04.10 14:59:41 INFO  Progress (5): 1.8 MB | 0.2/2.0 MB | 55/307 kB | 20/622 kB | 12/24 kB[0m
2026.04.10 14:59:41 INFO  Progress (5): 1.8 MB | 0.2/2.0 MB | 60/307 kB | 20/622 kB | 12/24 kB[0m
2026.04.10 14:59:41 INFO  Progress (5): 1.8 MB | 0.2/2.0 MB | 60/307 kB | 20/622 kB | 13/24 kB[0m
2026.04.10 14:59:41 INFO  Progress (5): 1.8 MB | 0.2/2.0 MB | 64/307 kB | 20/622 kB | 13/24 kB[0m
2026.04.10 14:59:41 INFO  Progress (5): 1.8 MB | 0.2/2.0 MB | 64/307 kB | 20/622 kB | 15/24 kB[0m
2026.04.10 14:59:41 INFO  Progress (5): 1.8 MB | 0.2/2.0 MB | 64/307 kB | 20/622 kB | 16/24 kB[0m
2026.04.10 14:59:41 INFO  Progress (5): 1.8 MB | 0.2/2.0 MB | 64/307 kB | 20/622 kB | 17/24 kB[0m
2026.04.10 14:59:41 INFO  Progress (5): 1.8 MB | 0.2/2.0 MB | 68/307 kB | 20/622 kB | 17/24 kB[0m
2026.04.10 14:59:41 INFO  Progress (5): 1.8 MB | 0.2/2.0 MB | 68/307 kB | 20/622 kB | 17/24 kB[0m
2026.04.10 14:59:41 INFO  Progress (5): 1.8 MB | 0.2/2.0 MB | 72/307 kB | 20/622 kB | 17/24 kB[0m
2026.04.10 14:59:41 INFO  Progress (5): 1.8 MB | 0.2/2.0 MB | 72/307 kB | 20/622 kB | 17/24 kB[0m
2026.04.10 14:59:41 INFO  Progress (5): 1.8 MB | 0.2/2.0 MB | 76/307 kB | 20/622 kB | 17/24 kB[0m
2026.04.10 14:59:41 INFO  Progress (5): 1.8 MB | 0.2/2.0 MB | 76/307 kB | 20/622 kB | 17/24 kB[0m
2026.04.10 14:59:41 INFO  Progress (5): 1.8 MB | 0.2/2.0 MB | 76/307 kB | 20/622 kB | 17/24 kB[0m
2026.04.10 14:59:41 INFO  Progress (5): 1.8 MB | 0.2/2.0 MB | 76/307 kB | 20/622 kB | 17/24 kB[0m
2026.04.10 14:59:41 INFO  Progress (5): 1.8 MB | 0.2/2.0 MB | 76/307 kB | 20/622 kB | 17/24 kB[0m
2026.04.10 14:59:41 INFO  Progress (5): 1.8 MB | 0.2/2.0 MB | 81/307 kB | 20/622 kB | 17/24 kB[0m
2026.04.10 14:59:41 INFO  Progress (5): 1.8 MB | 0.2/2.0 MB | 81/307 kB | 20/622 kB | 18/24 kB[0m
2026.04.10 14:59:41 INFO  Progress (5): 1.8 MB | 0.2/2.0 MB | 85/307 kB | 20/622 kB | 18/24 kB[0m
2026.04.10 14:59:41 INFO  Progress (5): 1.8 MB | 0.2/2.0 MB | 85/307 kB | 20/622 kB | 20/24 kB[0m
2026.04.10 14:59:41 INFO  Progress (5): 1.8 MB | 0.2/2.0 MB | 89/307 kB | 20/622 kB | 20/24 kB[0m
2026.04.10 14:59:41 INFO  Progress (5): 1.8 MB | 0.2/2.0 MB | 89/307 kB | 20/622 kB | 20/24 kB[0m
2026.04.10 14:59:41 INFO                                                                      [0m
2026.04.10 14:59:41 INFO  Downloaded from central: https://repo.maven.apache.org/maven2/org/springframework/boot/spring-boot/3.4.2/spring-boot-3.4.2.jar (1.8 MB at 15 MB/s)[0m
2026.04.10 14:59:41 INFO  Downloading from central: https://repo.maven.apache.org/maven2/org/apache/logging/log4j/log4j-api/2.24.3/log4j-api-2.24.3.jar[0m
2026.04.10 14:59:41 INFO  Progress (4): 0.2/2.0 MB | 93/307 kB | 20/622 kB | 20/24 kB[0m
2026.04.10 14:59:41 INFO  Progress (4): 0.2/2.0 MB | 98/307 kB | 20/622 kB | 20/24 kB[0m
2026.04.10 14:59:41 INFO  Progress (4): 0.2/2.0 MB | 102/307 kB | 20/622 kB | 20/24 kB[0m
2026.04.10 14:59:41 INFO  Progress (4): 0.2/2.0 MB | 102/307 kB | 20/622 kB | 20/24 kB[0m
2026.04.10 14:59:41 INFO  Progress (4): 0.3/2.0 MB | 102/307 kB | 20/622 kB | 20/24 kB[0m
2026.04.10 14:59:41 INFO  Progress (4): 0.3/2.0 MB | 102/307 kB | 20/622 kB | 20/24 kB[0m
2026.04.10 14:59:41 INFO  Progress (4): 0.3/2.0 MB | 102/307 kB | 20/622 kB | 20/24 kB[0m
2026.04.10 14:59:41 INFO  Progress (4): 0.3/2.0 MB | 102/307 kB | 20/622 kB | 20/24 kB[0m
2026.04.10 14:59:41 INFO  Progress (4): 0.3/2.0 MB | 102/307 kB | 20/622 kB | 20/24 kB[0m
2026.04.10 14:59:41 INFO  Progress (4): 0.3/2.0 MB | 102/307 kB | 21/622 kB | 20/24 kB[0m
2026.04.10 14:59:41 INFO  Progress (4): 0.3/2.0 MB | 102/307 kB | 23/622 kB | 20/24 kB[0m
2026.04.10 14:59:41 INFO  Progress (4): 0.3/2.0 MB | 102/307 kB | 24/622 kB | 20/24 kB[0m
2026.04.10 14:59:41 INFO  Progress (4): 0.3/2.0 MB | 102/307 kB | 25/622 kB | 20/24 kB[0m
2026.04.10 14:59:41 INFO  Progress (4): 0.3/2.0 MB | 102/307 kB | 26/622 kB | 20/24 kB[0m
2026.04.10 14:59:41 INFO  Progress (4): 0.3/2.0 MB | 102/307 kB | 27/622 kB | 20/24 kB[0m
2026.04.10 14:59:41 INFO  Progress (4): 0.3/2.0 MB | 102/307 kB | 29/622 kB | 20/24 kB[0m
2026.04.10 14:59:41 INFO  Progress (4): 0.3/2.0 MB | 102/307 kB | 29/622 kB | 20/24 kB[0m
2026.04.10 14:59:41 INFO  Progress (4): 0.4/2.0 MB | 102/307 kB | 29/622 kB | 20/24 kB[0m
2026.04.10 14:59:41 INFO  Progress (4): 0.4/2.0 MB | 102/307 kB | 30/622 kB | 20/24 kB[0m
2026.04.10 14:59:41 INFO  Progress (4): 0.4/2.0 MB | 102/307 kB | 30/622 kB | 21/24 kB[0m
2026.04.10 14:59:41 INFO  Progress (4): 0.4/2.0 MB | 102/307 kB | 30/622 kB | 23/24 kB[0m
2026.04.10 14:59:41 INFO  Progress (4): 0.4/2.0 MB | 102/307 kB | 31/622 kB | 23/24 kB[0m
2026.04.10 14:59:41 INFO  Progress (4): 0.4/2.0 MB | 102/307 kB | 31/622 kB | 24 kB   [0m
2026.04.10 14:59:41 INFO  Progress (4): 0.4/2.0 MB | 102/307 kB | 33/622 kB | 24 kB[0m
2026.04.10 14:59:41 INFO  Progress (4): 0.4/2.0 MB | 102/307 kB | 33/622 kB | 24 kB[0m
2026.04.10 14:59:41 INFO  Progress (4): 0.4/2.0 MB | 102/307 kB | 34/622 kB | 24 kB[0m
2026.04.10 14:59:41 INFO  Progress (4): 0.4/2.0 MB | 102/307 kB | 36/622 kB | 24 kB[0m
2026.04.10 14:59:41 INFO  Progress (4): 0.4/2.0 MB | 102/307 kB | 37/622 kB | 24 kB[0m
2026.04.10 14:59:41 INFO  Progress (4): 0.4/2.0 MB | 102/307 kB | 38/622 kB | 24 kB[0m
2026.04.10 14:59:41 INFO  Progress (4): 0.4/2.0 MB | 102/307 kB | 38/622 kB | 24 kB[0m
2026.04.10 14:59:41 INFO  Progress (4): 0.4/2.0 MB | 102/307 kB | 38/622 kB | 24 kB[0m
2026.04.10 14:59:41 INFO                                                           [0m
2026.04.10 14:59:41 INFO  Downloaded from central: https://repo.maven.apache.org/maven2/org/apache/logging/log4j/log4j-to-slf4j/2.24.3/log4j-to-slf4j-2.24.3.jar (24 kB at 188 kB/s)[0m
2026.04.10 14:59:41 INFO  Downloading from central: https://repo.maven.apache.org/maven2/org/yaml/snakeyaml/2.3/snakeyaml-2.3.jar[0m
2026.04.10 14:59:41 INFO  Progress (3): 0.4/2.0 MB | 102/307 kB | 40/622 kB[0m
2026.04.10 14:59:41 INFO  Progress (3): 0.4/2.0 MB | 102/307 kB | 40/622 kB[0m
2026.04.10 14:59:41 INFO  Progress (3): 0.4/2.0 MB | 102/307 kB | 41/622 kB[0m
2026.04.10 14:59:41 INFO  Progress (3): 0.4/2.0 MB | 102/307 kB | 41/622 kB[0m
2026.04.10 14:59:41 INFO  Progress (3): 0.5/2.0 MB | 102/307 kB | 41/622 kB[0m
2026.04.10 14:59:41 INFO  Progress (3): 0.5/2.0 MB | 102/307 kB | 41/622 kB[0m
2026.04.10 14:59:41 INFO  Progress (3): 0.5/2.0 MB | 102/307 kB | 41/622 kB[0m
2026.04.10 14:59:41 INFO  Progress (3): 0.5/2.0 MB | 102/307 kB | 41/622 kB[0m
2026.04.10 14:59:41 INFO  Progress (3): 0.5/2.0 MB | 102/307 kB | 41/622 kB[0m
2026.04.10 14:59:41 INFO  Progress (3): 0.5/2.0 MB | 102/307 kB | 41/622 kB[0m
2026.04.10 14:59:41 INFO  Progress (3): 0.6/2.0 MB | 102/307 kB | 41/622 kB[0m
2026.04.10 14:59:41 INFO  Progress (3): 0.6/2.0 MB | 102/307 kB | 41/622 kB[0m
2026.04.10 14:59:41 INFO  Progress (3): 0.6/2.0 MB | 102/307 kB | 41/622 kB[0m
2026.04.10 14:59:41 INFO  Progress (3): 0.6/2.0 MB | 102/307 kB | 41/622 kB[0m
2026.04.10 14:59:41 INFO  Progress (3): 0.6/2.0 MB | 102/307 kB | 41/622 kB[0m
2026.04.10 14:59:41 INFO  Progress (3): 0.6/2.0 MB | 102/307 kB | 41/622 kB[0m
2026.04.10 14:59:41 INFO  Progress (3): 0.7/2.0 MB | 102/307 kB | 41/622 kB[0m
2026.04.10 14:59:41 INFO  Progress (3): 0.7/2.0 MB | 102/307 kB | 41/622 kB[0m
2026.04.10 14:59:41 INFO  Progress (3): 0.7/2.0 MB | 102/307 kB | 41/622 kB[0m
2026.04.10 14:59:41 INFO  Progress (3): 0.7/2.0 MB | 102/307 kB | 42/622 kB[0m
2026.04.10 14:59:41 INFO  Progress (3): 0.7/2.0 MB | 102/307 kB | 44/622 kB[0m
2026.04.10 14:59:41 INFO  Progress (3): 0.7/2.0 MB | 102/307 kB | 45/622 kB[0m
2026.04.10 14:59:41 INFO  Progress (3): 0.7/2.0 MB | 102/307 kB | 46/622 kB[0m
2026.04.10 14:59:41 INFO  Progress (3): 0.7/2.0 MB | 102/307 kB | 48/622 kB[0m
2026.04.10 14:59:41 INFO  Progress (3): 0.7/2.0 MB | 102/307 kB | 48/622 kB[0m
2026.04.10 14:59:41 INFO  Progress (3): 0.7/2.0 MB | 102/307 kB | 52/622 kB[0m
2026.04.10 14:59:41 INFO  Progress (3): 0.7/2.0 MB | 102/307 kB | 56/622 kB[0m
2026.04.10 14:59:41 INFO  Progress (3): 0.7/2.0 MB | 102/307 kB | 61/622 kB[0m
2026.04.10 14:59:41 INFO  Progress (3): 0.7/2.0 MB | 102/307 kB | 65/622 kB[0m
2026.04.10 14:59:41 INFO  Progress (3): 0.7/2.0 MB | 102/307 kB | 65/622 kB[0m
2026.04.10 14:59:41 INFO  Progress (3): 0.7/2.0 MB | 102/307 kB | 69/622 kB[0m
2026.04.10 14:59:41 INFO  Progress (3): 0.7/2.0 MB | 102/307 kB | 69/622 kB[0m
2026.04.10 14:59:41 INFO  Progress (3): 0.8/2.0 MB | 102/307 kB | 69/622 kB[0m
2026.04.10 14:59:41 INFO  Progress (3): 0.8/2.0 MB | 102/307 kB | 69/622 kB[0m
2026.04.10 14:59:41 INFO  Progress (3): 0.8/2.0 MB | 102/307 kB | 73/622 kB[0m
2026.04.10 14:59:41 INFO  Progress (3): 0.8/2.0 MB | 102/307 kB | 77/622 kB[0m
2026.04.10 14:59:41 INFO  Progress (3): 0.8/2.0 MB | 106/307 kB | 77/622 kB[0m
2026.04.10 14:59:41 INFO  Progress (3): 0.8/2.0 MB | 106/307 kB | 77/622 kB[0m
2026.04.10 14:59:41 INFO  Progress (3): 0.8/2.0 MB | 106/307 kB | 82/622 kB[0m
2026.04.10 14:59:41 INFO  Progress (3): 0.8/2.0 MB | 110/307 kB | 82/622 kB[0m
2026.04.10 14:59:41 INFO  Progress (3): 0.8/2.0 MB | 115/307 kB | 82/622 kB[0m
2026.04.10 14:59:41 INFO  Progress (3): 0.8/2.0 MB | 115/307 kB | 82/622 kB[0m
2026.04.10 14:59:41 INFO  Progress (4): 0.8/2.0 MB | 115/307 kB | 82/622 kB | 7.7/349 kB[0m
2026.04.10 14:59:41 INFO  Progress (4): 0.8/2.0 MB | 115/307 kB | 82/622 kB | 16/349 kB [0m
2026.04.10 14:59:41 INFO  Progress (4): 0.8/2.0 MB | 115/307 kB | 82/622 kB | 32/349 kB[0m
2026.04.10 14:59:41 INFO  Progress (4): 0.8/2.0 MB | 115/307 kB | 82/622 kB | 48/349 kB[0m
2026.04.10 14:59:41 INFO  Progress (4): 0.8/2.0 MB | 115/307 kB | 82/622 kB | 65/349 kB[0m
2026.04.10 14:59:41 INFO  Progress (4): 0.8/2.0 MB | 115/307 kB | 82/622 kB | 81/349 kB[0m
2026.04.10 14:59:41 INFO  Progress (4): 0.8/2.0 MB | 115/307 kB | 82/622 kB | 98/349 kB[0m
2026.04.10 14:59:41 INFO  Progress (4): 0.8/2.0 MB | 115/307 kB | 82/622 kB | 114/349 kB[0m
2026.04.10 14:59:41 INFO  Progress (4): 0.8/2.0 MB | 115/307 kB | 82/622 kB | 130/349 kB[0m
2026.04.10 14:59:41 INFO  Progress (4): 0.8/2.0 MB | 115/307 kB | 82/622 kB | 147/349 kB[0m
2026.04.10 14:59:41 INFO  Progress (4): 0.8/2.0 MB | 115/307 kB | 82/622 kB | 163/349 kB[0m
2026.04.10 14:59:41 INFO  Progress (4): 0.8/2.0 MB | 115/307 kB | 82/622 kB | 179/349 kB[0m
2026.04.10 14:59:41 INFO  Progress (4): 0.8/2.0 MB | 115/307 kB | 82/622 kB | 196/349 kB[0m
2026.04.10 14:59:41 INFO  Progress (4): 0.8/2.0 MB | 115/307 kB | 82/622 kB | 212/349 kB[0m
2026.04.10 14:59:41 INFO  Progress (4): 0.8/2.0 MB | 115/307 kB | 82/622 kB | 229/349 kB[0m
2026.04.10 14:59:41 INFO  Progress (4): 0.8/2.0 MB | 115/307 kB | 82/622 kB | 229/349 kB[0m
2026.04.10 14:59:41 INFO  Progress (4): 0.8/2.0 MB | 115/307 kB | 82/622 kB | 229/349 kB[0m
2026.04.10 14:59:41 INFO  Progress (4): 0.8/2.0 MB | 115/307 kB | 82/622 kB | 245/349 kB[0m
2026.04.10 14:59:41 INFO  Progress (4): 0.8/2.0 MB | 115/307 kB | 82/622 kB | 246/349 kB[0m
2026.04.10 14:59:41 INFO  Progress (4): 0.9/2.0 MB | 115/307 kB | 82/622 kB | 246/349 kB[0m
2026.04.10 14:59:41 INFO  Progress (4): 0.9/2.0 MB | 115/307 kB | 82/622 kB | 262/349 kB[0m
2026.04.10 14:59:41 INFO  Progress (4): 0.9/2.0 MB | 115/307 kB | 82/622 kB | 279/349 kB[0m
2026.04.10 14:59:41 INFO  Progress (4): 0.9/2.0 MB | 115/307 kB | 82/622 kB | 279/349 kB[0m
2026.04.10 14:59:41 INFO  Progress (4): 0.9/2.0 MB | 115/307 kB | 82/622 kB | 279/349 kB[0m
2026.04.10 14:59:41 INFO  Progress (4): 0.9/2.0 MB | 115/307 kB | 82/622 kB | 295/349 kB[0m
2026.04.10 14:59:41 INFO  Progress (4): 0.9/2.0 MB | 115/307 kB | 82/622 kB | 295/349 kB[0m
2026.04.10 14:59:41 INFO  Progress (4): 0.9/2.0 MB | 115/307 kB | 82/622 kB | 311/349 kB[0m
2026.04.10 14:59:41 INFO  Progress (4): 0.9/2.0 MB | 115/307 kB | 82/622 kB | 328/349 kB[0m
2026.04.10 14:59:41 INFO  Progress (4): 0.9/2.0 MB | 115/307 kB | 82/622 kB | 328/349 kB[0m
2026.04.10 14:59:41 INFO  Progress (4): 0.9/2.0 MB | 115/307 kB | 82/622 kB | 328/349 kB[0m
2026.04.10 14:59:41 INFO  Progress (4): 0.9/2.0 MB | 115/307 kB | 82/622 kB | 344/349 kB[0m
2026.04.10 14:59:41 INFO  Progress (4): 0.9/2.0 MB | 115/307 kB | 82/622 kB | 349 kB    [0m
2026.04.10 14:59:41 INFO  Progress (4): 1.0/2.0 MB | 115/307 kB | 82/622 kB | 349 kB[0m
2026.04.10 14:59:41 INFO  Progress (4): 1.0/2.0 MB | 115/307 kB | 82/622 kB | 349 kB[0m
2026.04.10 14:59:41 INFO                                                            [0m
2026.04.10 14:59:41 INFO  Downloaded from central: https://repo.maven.apache.org/maven2/org/apache/logging/log4j/log4j-api/2.24.3/log4j-api-2.24.3.jar (349 kB at 2.2 MB/s)[0m
2026.04.10 14:59:41 INFO  Downloading from central: https://repo.maven.apache.org/maven2/org/hibernate/orm/hibernate-core/6.6.5.Final/hibernate-core-6.6.5.Final.jar[0m
2026.04.10 14:59:41 INFO  Progress (3): 1.0/2.0 MB | 115/307 kB | 82/622 kB[0m
2026.04.10 14:59:41 INFO  Progress (3): 1.0/2.0 MB | 115/307 kB | 82/622 kB[0m
2026.04.10 14:59:41 INFO  Progress (3): 1.0/2.0 MB | 115/307 kB | 82/622 kB[0m
2026.04.10 14:59:41 INFO  Progress (3): 1.0/2.0 MB | 115/307 kB | 82/622 kB[0m
2026.04.10 14:59:41 INFO  Progress (3): 1.0/2.0 MB | 115/307 kB | 82/622 kB[0m
2026.04.10 14:59:41 INFO  Progress (3): 1.1/2.0 MB | 115/307 kB | 82/622 kB[0m
2026.04.10 14:59:41 INFO  Progress (3): 1.1/2.0 MB | 115/307 kB | 82/622 kB[0m
2026.04.10 14:59:41 INFO  Progress (3): 1.1/2.0 MB | 115/307 kB | 82/622 kB[0m
2026.04.10 14:59:41 INFO  Progress (3): 1.1/2.0 MB | 115/307 kB | 82/622 kB[0m
2026.04.10 14:59:41 INFO  Progress (3): 1.1/2.0 MB | 119/307 kB | 82/622 kB[0m
2026.04.10 14:59:41 INFO  Progress (3): 1.1/2.0 MB | 123/307 kB | 82/622 kB[0m
2026.04.10 14:59:41 INFO  Progress (3): 1.1/2.0 MB | 127/307 kB | 82/622 kB[0m
2026.04.10 14:59:41 INFO  Progress (3): 1.1/2.0 MB | 127/307 kB | 82/622 kB[0m
2026.04.10 14:59:41 INFO  Progress (3): 1.1/2.0 MB | 127/307 kB | 82/622 kB[0m
2026.04.10 14:59:41 INFO  Progress (3): 1.2/2.0 MB | 127/307 kB | 82/622 kB[0m
2026.04.10 14:59:41 INFO  Progress (3): 1.2/2.0 MB | 127/307 kB | 82/622 kB[0m
2026.04.10 14:59:41 INFO  Progress (3): 1.2/2.0 MB | 127/307 kB | 82/622 kB[0m
2026.04.10 14:59:41 INFO  Progress (3): 1.2/2.0 MB | 130/307 kB | 82/622 kB[0m
2026.04.10 14:59:41 INFO  Progress (3): 1.2/2.0 MB | 135/307 kB | 82/622 kB[0m
2026.04.10 14:59:41 INFO  Progress (3): 1.2/2.0 MB | 139/307 kB | 82/622 kB[0m
2026.04.10 14:59:41 INFO  Progress (3): 1.2/2.0 MB | 143/307 kB | 82/622 kB[0m
2026.04.10 14:59:41 INFO  Progress (4): 1.2/2.0 MB | 143/307 kB | 82/622 kB | 0.9/342 kB[0m
2026.04.10 14:59:41 INFO  Progress (4): 1.2/2.0 MB | 143/307 kB | 82/622 kB | 2.3/342 kB[0m
2026.04.10 14:59:41 INFO  Progress (4): 1.2/2.0 MB | 143/307 kB | 82/622 kB | 3.6/342 kB[0m
2026.04.10 14:59:41 INFO  Progress (4): 1.2/2.0 MB | 143/307 kB | 82/622 kB | 5.0/342 kB[0m
2026.04.10 14:59:41 INFO  Progress (4): 1.2/2.0 MB | 143/307 kB | 82/622 kB | 6.4/342 kB[0m
2026.04.10 14:59:41 INFO  Progress (4): 1.2/2.0 MB | 143/307 kB | 82/622 kB | 7.7/342 kB[0m
2026.04.10 14:59:41 INFO  Progress (4): 1.2/2.0 MB | 143/307 kB | 82/622 kB | 9.1/342 kB[0m
2026.04.10 14:59:41 INFO  Progress (4): 1.2/2.0 MB | 143/307 kB | 82/622 kB | 10/342 kB [0m
2026.04.10 14:59:41 INFO  Progress (4): 1.2/2.0 MB | 143/307 kB | 82/622 kB | 12/342 kB[0m
2026.04.10 14:59:41 INFO  Progress (4): 1.2/2.0 MB | 143/307 kB | 82/622 kB | 13/342 kB[0m
2026.04.10 14:59:41 INFO  Progress (4): 1.2/2.0 MB | 143/307 kB | 82/622 kB | 15/342 kB[0m
2026.04.10 14:59:41 INFO  Progress (4): 1.2/2.0 MB | 147/307 kB | 82/622 kB | 15/342 kB[0m
2026.04.10 14:59:41 INFO  Progress (4): 1.2/2.0 MB | 151/307 kB | 82/622 kB | 15/342 kB[0m
2026.04.10 14:59:41 INFO  Progress (4): 1.2/2.0 MB | 156/307 kB | 82/622 kB | 15/342 kB[0m
2026.04.10 14:59:41 INFO  Progress (4): 1.2/2.0 MB | 160/307 kB | 82/622 kB | 15/342 kB[0m
2026.04.10 14:59:41 INFO  Progress (5): 1.2/2.0 MB | 160/307 kB | 82/622 kB | 15/342 kB | 0/12 MB[0m
2026.04.10 14:59:41 INFO  Progress (5): 1.2/2.0 MB | 160/307 kB | 82/622 kB | 15/342 kB | 0/12 MB[0m
2026.04.10 14:59:41 INFO  Progress (5): 1.2/2.0 MB | 160/307 kB | 82/622 kB | 15/342 kB | 0/12 MB[0m
2026.04.10 14:59:41 INFO  Progress (5): 1.2/2.0 MB | 160/307 kB | 82/622 kB | 15/342 kB | 0/12 MB[0m
2026.04.10 14:59:41 INFO  Progress (5): 1.2/2.0 MB | 160/307 kB | 82/622 kB | 15/342 kB | 0.1/12 MB[0m
2026.04.10 14:59:41 INFO  Progress (5): 1.2/2.0 MB | 160/307 kB | 82/622 kB | 15/342 kB | 0.1/12 MB[0m
2026.04.10 14:59:41 INFO  Progress (5): 1.2/2.0 MB | 160/307 kB | 82/622 kB | 15/342 kB | 0.1/12 MB[0m
2026.04.10 14:59:41 INFO  Progress (5): 1.2/2.0 MB | 160/307 kB | 82/622 kB | 15/342 kB | 0.1/12 MB[0m
2026.04.10 14:59:41 INFO  Progress (5): 1.2/2.0 MB | 160/307 kB | 82/622 kB | 15/342 kB | 0.1/12 MB[0m
2026.04.10 14:59:41 INFO  Progress (5): 1.2/2.0 MB | 160/307 kB | 82/622 kB | 15/342 kB | 0.1/12 MB[0m
2026.04.10 14:59:41 INFO  Progress (5): 1.2/2.0 MB | 160/307 kB | 82/622 kB | 15/342 kB | 0.2/12 MB[0m
2026.04.10 14:59:41 INFO  Progress (5): 1.2/2.0 MB | 160/307 kB | 82/622 kB | 15/342 kB | 0.2/12 MB[0m
2026.04.10 14:59:41 INFO  Progress (5): 1.2/2.0 MB | 160/307 kB | 82/622 kB | 15/342 kB | 0.2/12 MB[0m
2026.04.10 14:59:41 INFO  Progress (5): 1.2/2.0 MB | 160/307 kB | 82/622 kB | 15/342 kB | 0.2/12 MB[0m
2026.04.10 14:59:41 INFO  Progress (5): 1.2/2.0 MB | 160/307 kB | 82/622 kB | 15/342 kB | 0.2/12 MB[0m
2026.04.10 14:59:41 INFO  Progress (5): 1.2/2.0 MB | 160/307 kB | 82/622 kB | 15/342 kB | 0.2/12 MB[0m
2026.04.10 14:59:41 INFO  Progress (5): 1.2/2.0 MB | 160/307 kB | 82/622 kB | 15/342 kB | 0.3/12 MB[0m
2026.04.10 14:59:41 INFO  Progress (5): 1.2/2.0 MB | 160/307 kB | 82/622 kB | 15/342 kB | 0.3/12 MB[0m
2026.04.10 14:59:41 INFO  Progress (5): 1.2/2.0 MB | 160/307 kB | 82/622 kB | 15/342 kB | 0.3/12 MB[0m
2026.04.10 14:59:41 INFO  Progress (5): 1.2/2.0 MB | 160/307 kB | 82/622 kB | 15/342 kB | 0.3/12 MB[0m
2026.04.10 14:59:41 INFO  Progress (5): 1.2/2.0 MB | 160/307 kB | 82/622 kB | 15/342 kB | 0.3/12 MB[0m
2026.04.10 14:59:41 INFO  Progress (5): 1.2/2.0 MB | 160/307 kB | 82/622 kB | 15/342 kB | 0.3/12 MB[0m
2026.04.10 14:59:41 INFO  Progress (5): 1.2/2.0 MB | 160/307 kB | 82/622 kB | 15/342 kB | 0.3/12 MB[0m
2026.04.10 14:59:41 INFO  Progress (5): 1.2/2.0 MB | 160/307 kB | 82/622 kB | 15/342 kB | 0.4/12 MB[0m
2026.04.10 14:59:41 INFO  Progress (5): 1.2/2.0 MB | 160/307 kB | 82/622 kB | 15/342 kB | 0.4/12 MB[0m
2026.04.10 14:59:41 INFO  Progress (5): 1.2/2.0 MB | 160/307 kB | 82/622 kB | 15/342 kB | 0.4/12 MB[0m
2026.04.10 14:59:41 INFO  Progress (5): 1.2/2.0 MB | 160/307 kB | 82/622 kB | 15/342 kB | 0.4/12 MB[0m
2026.04.10 14:59:41 INFO  Progress (5): 1.2/2.0 MB | 160/307 kB | 82/622 kB | 15/342 kB | 0.4/12 MB[0m
2026.04.10 14:59:41 INFO  Progress (5): 1.2/2.0 MB | 160/307 kB | 82/622 kB | 15/342 kB | 0.4/12 MB[0m
2026.04.10 14:59:41 INFO  Progress (5): 1.2/2.0 MB | 160/307 kB | 82/622 kB | 15/342 kB | 0.5/12 MB[0m
2026.04.10 14:59:41 INFO  Progress (5): 1.2/2.0 MB | 160/307 kB | 82/622 kB | 15/342 kB | 0.5/12 MB[0m
2026.04.10 14:59:41 INFO  Progress (5): 1.2/2.0 MB | 164/307 kB | 82/622 kB | 15/342 kB | 0.5/12 MB[0m
2026.04.10 14:59:41 INFO  Progress (5): 1.2/2.0 MB | 168/307 kB | 82/622 kB | 15/342 kB | 0.5/12 MB[0m
2026.04.10 14:59:41 INFO  Progress (5): 1.2/2.0 MB | 168/307 kB | 82/622 kB | 15/342 kB | 0.5/12 MB[0m
2026.04.10 14:59:41 INFO  Progress (5): 1.2/2.0 MB | 173/307 kB | 82/622 kB | 15/342 kB | 0.5/12 MB[0m
2026.04.10 14:59:41 INFO  Progress (5): 1.2/2.0 MB | 177/307 kB | 82/622 kB | 15/342 kB | 0.5/12 MB[0m
2026.04.10 14:59:41 INFO  Progress (5): 1.2/2.0 MB | 181/307 kB | 82/622 kB | 15/342 kB | 0.5/12 MB[0m
2026.04.10 14:59:41 INFO  Progress (5): 1.2/2.0 MB | 181/307 kB | 82/622 kB | 15/342 kB | 0.5/12 MB[0m
2026.04.10 14:59:41 INFO  Progress (5): 1.2/2.0 MB | 185/307 kB | 82/622 kB | 15/342 kB | 0.5/12 MB[0m
2026.04.10 14:59:41 INFO  Progress (5): 1.2/2.0 MB | 190/307 kB | 82/622 kB | 15/342 kB | 0.5/12 MB[0m
2026.04.10 14:59:41 INFO  Progress (5): 1.2/2.0 MB | 194/307 kB | 82/622 kB | 15/342 kB | 0.5/12 MB[0m
2026.04.10 14:59:41 INFO  Progress (5): 1.2/2.0 MB | 194/307 kB | 82/622 kB | 15/342 kB | 0.5/12 MB[0m
2026.04.10 14:59:41 INFO  Progress (5): 1.2/2.0 MB | 194/307 kB | 82/622 kB | 15/342 kB | 0.5/12 MB[0m
2026.04.10 14:59:41 INFO  Progress (5): 1.2/2.0 MB | 194/307 kB | 82/622 kB | 15/342 kB | 0.6/12 MB[0m
2026.04.10 14:59:41 INFO  Progress (5): 1.2/2.0 MB | 194/307 kB | 82/622 kB | 15/342 kB | 0.6/12 MB[0m
2026.04.10 14:59:41 INFO  Progress (5): 1.2/2.0 MB | 194/307 kB | 82/622 kB | 15/342 kB | 0.6/12 MB[0m
2026.04.10 14:59:41 INFO  Progress (5): 1.2/2.0 MB | 194/307 kB | 82/622 kB | 15/342 kB | 0.6/12 MB[0m
2026.04.10 14:59:41 INFO  Progress (5): 1.2/2.0 MB | 194/307 kB | 82/622 kB | 15/342 kB | 0.6/12 MB[0m
2026.04.10 14:59:41 INFO  Progress (5): 1.2/2.0 MB | 194/307 kB | 82/622 kB | 15/342 kB | 0.6/12 MB[0m
2026.04.10 14:59:41 INFO  Progress (5): 1.2/2.0 MB | 194/307 kB | 82/622 kB | 15/342 kB | 0.6/12 MB[0m
2026.04.10 14:59:41 INFO  Progress (5): 1.2/2.0 MB | 194/307 kB | 82/622 kB | 15/342 kB | 0.7/12 MB[0m
2026.04.10 14:59:41 INFO  Progress (5): 1.2/2.0 MB | 194/307 kB | 82/622 kB | 15/342 kB | 0.7/12 MB[0m
2026.04.10 14:59:41 INFO  Progress (5): 1.2/2.0 MB | 194/307 kB | 82/622 kB | 15/342 kB | 0.7/12 MB[0m
2026.04.10 14:59:41 INFO  Progress (5): 1.2/2.0 MB | 194/307 kB | 82/622 kB | 15/342 kB | 0.7/12 MB[0m
2026.04.10 14:59:41 INFO  Progress (5): 1.2/2.0 MB | 194/307 kB | 82/622 kB | 15/342 kB | 0.7/12 MB[0m
2026.04.10 14:59:41 INFO  Progress (5): 1.2/2.0 MB | 198/307 kB | 82/622 kB | 15/342 kB | 0.7/12 MB[0m
2026.04.10 14:59:41 INFO  Progress (5): 1.2/2.0 MB | 198/307 kB | 82/622 kB | 15/342 kB | 0.7/12 MB[0m
2026.04.10 14:59:41 INFO  Progress (5): 1.2/2.0 MB | 198/307 kB | 82/622 kB | 15/342 kB | 0.8/12 MB[0m
2026.04.10 14:59:41 INFO  Progress (5): 1.2/2.0 MB | 198/307 kB | 82/622 kB | 15/342 kB | 0.8/12 MB[0m
2026.04.10 14:59:41 INFO  Progress (5): 1.2/2.0 MB | 198/307 kB | 82/622 kB | 15/342 kB | 0.8/12 MB[0m
2026.04.10 14:59:41 INFO  Progress (5): 1.2/2.0 MB | 198/307 kB | 86/622 kB | 15/342 kB | 0.8/12 MB[0m
2026.04.10 14:59:41 INFO  Progress (5): 1.2/2.0 MB | 198/307 kB | 86/622 kB | 15/342 kB | 0.8/12 MB[0m
2026.04.10 14:59:41 INFO  Progress (5): 1.2/2.0 MB | 198/307 kB | 86/622 kB | 15/342 kB | 0.8/12 MB[0m
2026.04.10 14:59:41 INFO  Progress (5): 1.2/2.0 MB | 198/307 kB | 86/622 kB | 15/342 kB | 0.8/12 MB[0m
2026.04.10 14:59:41 INFO  Progress (5): 1.2/2.0 MB | 198/307 kB | 86/622 kB | 15/342 kB | 0.9/12 MB[0m
2026.04.10 14:59:41 INFO  Progress (5): 1.2/2.0 MB | 198/307 kB | 90/622 kB | 15/342 kB | 0.9/12 MB[0m
2026.04.10 14:59:41 INFO  Progress (5): 1.2/2.0 MB | 198/307 kB | 94/622 kB | 15/342 kB | 0.9/12 MB[0m
2026.04.10 14:59:41 INFO  Progress (5): 1.2/2.0 MB | 198/307 kB | 94/622 kB | 15/342 kB | 0.9/12 MB[0m
2026.04.10 14:59:41 INFO  Progress (5): 1.2/2.0 MB | 198/307 kB | 94/622 kB | 15/342 kB | 0.9/12 MB[0m
2026.04.10 14:59:41 INFO  Progress (5): 1.2/2.0 MB | 198/307 kB | 94/622 kB | 15/342 kB | 0.9/12 MB[0m
2026.04.10 14:59:41 INFO  Progress (5): 1.2/2.0 MB | 198/307 kB | 94/622 kB | 15/342 kB | 0.9/12 MB[0m
2026.04.10 14:59:41 INFO  Progress (5): 1.2/2.0 MB | 198/307 kB | 94/622 kB | 15/342 kB | 0.9/12 MB[0m
2026.04.10 14:59:41 INFO  Progress (5): 1.2/2.0 MB | 198/307 kB | 94/622 kB | 15/342 kB | 0.9/12 MB[0m
2026.04.10 14:59:41 INFO  Progress (5): 1.2/2.0 MB | 198/307 kB | 94/622 kB | 15/342 kB | 1.0/12 MB[0m
2026.04.10 14:59:41 INFO  Progress (5): 1.2/2.0 MB | 198/307 kB | 94/622 kB | 15/342 kB | 1.0/12 MB[0m
2026.04.10 14:59:41 INFO  Progress (5): 1.2/2.0 MB | 198/307 kB | 94/622 kB | 15/342 kB | 1.0/12 MB[0m
2026.04.10 14:59:41 INFO  Progress (5): 1.2/2.0 MB | 198/307 kB | 94/622 kB | 15/342 kB | 1.0/12 MB[0m
2026.04.10 14:59:41 INFO  Progress (5): 1.2/2.0 MB | 198/307 kB | 94/622 kB | 15/342 kB | 1.0/12 MB[0m
2026.04.10 14:59:41 INFO  Progress (5): 1.2/2.0 MB | 202/307 kB | 94/622 kB | 15/342 kB | 1.0/12 MB[0m
2026.04.10 14:59:41 INFO  Progress (5): 1.2/2.0 MB | 206/307 kB | 94/622 kB | 15/342 kB | 1.0/12 MB[0m
2026.04.10 14:59:41 INFO  Progress (5): 1.2/2.0 MB | 206/307 kB | 94/622 kB | 15/342 kB | 1.0/12 MB[0m
2026.04.10 14:59:41 INFO  Progress (5): 1.2/2.0 MB | 211/307 kB | 94/622 kB | 15/342 kB | 1.0/12 MB[0m
2026.04.10 14:59:41 INFO  Progress (5): 1.2/2.0 MB | 215/307 kB | 94/622 kB | 15/342 kB | 1.0/12 MB[0m
2026.04.10 14:59:41 INFO  Progress (5): 1.2/2.0 MB | 219/307 kB | 94/622 kB | 15/342 kB | 1.0/12 MB[0m
2026.04.10 14:59:41 INFO  Progress (5): 1.2/2.0 MB | 223/307 kB | 94/622 kB | 15/342 kB | 1.0/12 MB[0m
2026.04.10 14:59:41 INFO  Progress (5): 1.2/2.0 MB | 223/307 kB | 94/622 kB | 15/342 kB | 1.0/12 MB[0m
2026.04.10 14:59:41 INFO  Progress (5): 1.2/2.0 MB | 240/307 kB | 94/622 kB | 15/342 kB | 1.0/12 MB[0m
2026.04.10 14:59:41 INFO  Progress (5): 1.2/2.0 MB | 240/307 kB | 94/622 kB | 15/342 kB | 1.1/12 MB[0m
2026.04.10 14:59:41 INFO  Progress (5): 1.2/2.0 MB | 240/307 kB | 94/622 kB | 15/342 kB | 1.1/12 MB[0m
2026.04.10 14:59:41 INFO  Progress (5): 1.2/2.0 MB | 240/307 kB | 94/622 kB | 15/342 kB | 1.1/12 MB[0m
2026.04.10 14:59:41 INFO  Progress (5): 1.2/2.0 MB | 240/307 kB | 94/622 kB | 15/342 kB | 1.1/12 MB[0m
2026.04.10 14:59:41 INFO  Progress (5): 1.2/2.0 MB | 240/307 kB | 94/622 kB | 15/342 kB | 1.1/12 MB[0m
2026.04.10 14:59:41 INFO  Progress (5): 1.2/2.0 MB | 240/307 kB | 94/622 kB | 15/342 kB | 1.1/12 MB[0m
2026.04.10 14:59:41 INFO  Progress (5): 1.2/2.0 MB | 240/307 kB | 94/622 kB | 15/342 kB | 1.1/12 MB[0m
2026.04.10 14:59:41 INFO  Progress (5): 1.2/2.0 MB | 240/307 kB | 94/622 kB | 15/342 kB | 1.1/12 MB[0m
2026.04.10 14:59:41 INFO  Progress (5): 1.2/2.0 MB | 240/307 kB | 99/622 kB | 15/342 kB | 1.1/12 MB[0m
2026.04.10 14:59:41 INFO  Progress (5): 1.2/2.0 MB | 240/307 kB | 103/622 kB | 15/342 kB | 1.1/12 MB[0m
2026.04.10 14:59:41 INFO  Progress (5): 1.2/2.0 MB | 240/307 kB | 103/622 kB | 15/342 kB | 1.1/12 MB[0m
2026.04.10 14:59:41 INFO  Progress (5): 1.2/2.0 MB | 240/307 kB | 107/622 kB | 15/342 kB | 1.1/12 MB[0m
2026.04.10 14:59:41 INFO  Progress (5): 1.2/2.0 MB | 240/307 kB | 111/622 kB | 15/342 kB | 1.1/12 MB[0m
2026.04.10 14:59:41 INFO  Progress (5): 1.2/2.0 MB | 240/307 kB | 111/622 kB | 15/342 kB | 1.2/12 MB[0m
2026.04.10 14:59:41 INFO  Progress (5): 1.2/2.0 MB | 240/307 kB | 111/622 kB | 15/342 kB | 1.2/12 MB[0m
2026.04.10 14:59:41 INFO  Progress (5): 1.2/2.0 MB | 240/307 kB | 111/622 kB | 16/342 kB | 1.2/12 MB[0m
2026.04.10 14:59:41 INFO  Progress (5): 1.2/2.0 MB | 240/307 kB | 111/622 kB | 16/342 kB | 1.2/12 MB[0m
2026.04.10 14:59:41 INFO  Progress (5): 1.2/2.0 MB | 240/307 kB | 111/622 kB | 17/342 kB | 1.2/12 MB[0m
2026.04.10 14:59:41 INFO  Progress (5): 1.2/2.0 MB | 240/307 kB | 111/622 kB | 17/342 kB | 1.2/12 MB[0m
2026.04.10 14:59:41 INFO  Progress (5): 1.2/2.0 MB | 240/307 kB | 111/622 kB | 17/342 kB | 1.2/12 MB[0m
2026.04.10 14:59:41 INFO  Progress (5): 1.2/2.0 MB | 256/307 kB | 111/622 kB | 17/342 kB | 1.2/12 MB[0m
2026.04.10 14:59:41 INFO  Progress (5): 1.2/2.0 MB | 261/307 kB | 111/622 kB | 17/342 kB | 1.2/12 MB[0m
2026.04.10 14:59:41 INFO  Progress (5): 1.2/2.0 MB | 261/307 kB | 111/622 kB | 17/342 kB | 1.2/12 MB[0m
2026.04.10 14:59:41 INFO  Progress (5): 1.2/2.0 MB | 261/307 kB | 111/622 kB | 17/342 kB | 1.3/12 MB[0m
2026.04.10 14:59:41 INFO  Progress (5): 1.2/2.0 MB | 261/307 kB | 111/622 kB | 17/342 kB | 1.3/12 MB[0m
2026.04.10 14:59:41 INFO  Progress (5): 1.2/2.0 MB | 261/307 kB | 111/622 kB | 17/342 kB | 1.3/12 MB[0m
2026.04.10 14:59:41 INFO  Progress (5): 1.2/2.0 MB | 278/307 kB | 111/622 kB | 17/342 kB | 1.3/12 MB[0m
2026.04.10 14:59:41 INFO  Progress (5): 1.2/2.0 MB | 278/307 kB | 111/622 kB | 17/342 kB | 1.3/12 MB[0m
2026.04.10 14:59:41 INFO  Progress (5): 1.2/2.0 MB | 278/307 kB | 111/622 kB | 17/342 kB | 1.3/12 MB[0m
2026.04.10 14:59:41 INFO  Progress (5): 1.2/2.0 MB | 278/307 kB | 111/622 kB | 17/342 kB | 1.3/12 MB[0m
2026.04.10 14:59:41 INFO  Progress (5): 1.2/2.0 MB | 278/307 kB | 111/622 kB | 17/342 kB | 1.4/12 MB[0m
2026.04.10 14:59:41 INFO  Progress (5): 1.2/2.0 MB | 278/307 kB | 111/622 kB | 17/342 kB | 1.4/12 MB[0m
2026.04.10 14:59:41 INFO  Progress (5): 1.2/2.0 MB | 278/307 kB | 111/622 kB | 19/342 kB | 1.4/12 MB[0m
2026.04.10 14:59:41 INFO  Progress (5): 1.3/2.0 MB | 278/307 kB | 111/622 kB | 19/342 kB | 1.4/12 MB[0m
2026.04.10 14:59:41 INFO  Progress (5): 1.3/2.0 MB | 278/307 kB | 111/622 kB | 19/342 kB | 1.4/12 MB[0m
2026.04.10 14:59:41 INFO  Progress (5): 1.3/2.0 MB | 278/307 kB | 111/622 kB | 19/342 kB | 1.4/12 MB[0m
2026.04.10 14:59:41 INFO  Progress (5): 1.3/2.0 MB | 278/307 kB | 111/622 kB | 19/342 kB | 1.4/12 MB[0m
2026.04.10 14:59:41 INFO  Progress (5): 1.3/2.0 MB | 278/307 kB | 111/622 kB | 19/342 kB | 1.4/12 MB[0m
2026.04.10 14:59:41 INFO  Progress (5): 1.3/2.0 MB | 278/307 kB | 111/622 kB | 19/342 kB | 1.4/12 MB[0m
2026.04.10 14:59:41 INFO  Progress (5): 1.3/2.0 MB | 278/307 kB | 111/622 kB | 19/342 kB | 1.5/12 MB[0m
2026.04.10 14:59:41 INFO  Progress (5): 1.3/2.0 MB | 278/307 kB | 111/622 kB | 19/342 kB | 1.5/12 MB[0m
2026.04.10 14:59:41 INFO  Progress (5): 1.3/2.0 MB | 278/307 kB | 111/622 kB | 19/342 kB | 1.5/12 MB[0m
2026.04.10 14:59:41 INFO  Progress (5): 1.3/2.0 MB | 294/307 kB | 111/622 kB | 19/342 kB | 1.5/12 MB[0m
2026.04.10 14:59:41 INFO  Progress (5): 1.3/2.0 MB | 294/307 kB | 111/622 kB | 19/342 kB | 1.5/12 MB[0m
2026.04.10 14:59:41 INFO  Progress (5): 1.3/2.0 MB | 294/307 kB | 111/622 kB | 19/342 kB | 1.5/12 MB[0m
2026.04.10 14:59:41 INFO  Progress (5): 1.3/2.0 MB | 294/307 kB | 111/622 kB | 19/342 kB | 1.5/12 MB[0m
2026.04.10 14:59:41 INFO  Progress (5): 1.3/2.0 MB | 294/307 kB | 111/622 kB | 19/342 kB | 1.5/12 MB[0m
2026.04.10 14:59:41 INFO  Progress (5): 1.3/2.0 MB | 294/307 kB | 111/622 kB | 19/342 kB | 1.5/12 MB[0m
2026.04.10 14:59:41 INFO  Progress (5): 1.3/2.0 MB | 294/307 kB | 111/622 kB | 19/342 kB | 1.6/12 MB[0m
2026.04.10 14:59:41 INFO  Progress (5): 1.3/2.0 MB | 294/307 kB | 111/622 kB | 19/342 kB | 1.6/12 MB[0m
2026.04.10 14:59:41 INFO  Progress (5): 1.3/2.0 MB | 294/307 kB | 111/622 kB | 19/342 kB | 1.6/12 MB[0m
2026.04.10 14:59:41 INFO  Progress (5): 1.3/2.0 MB | 294/307 kB | 111/622 kB | 19/342 kB | 1.6/12 MB[0m
2026.04.10 14:59:41 INFO  Progress (5): 1.3/2.0 MB | 294/307 kB | 111/622 kB | 19/342 kB | 1.6/12 MB[0m
2026.04.10 14:59:41 INFO  Progress (5): 1.3/2.0 MB | 294/307 kB | 111/622 kB | 19/342 kB | 1.6/12 MB[0m
2026.04.10 14:59:41 INFO  Progress (5): 1.3/2.0 MB | 294/307 kB | 116/622 kB | 19/342 kB | 1.6/12 MB[0m
2026.04.10 14:59:41 INFO  Progress (5): 1.3/2.0 MB | 294/307 kB | 116/622 kB | 19/342 kB | 1.7/12 MB[0m
2026.04.10 14:59:41 INFO  Progress (5): 1.3/2.0 MB | 294/307 kB | 116/622 kB | 19/342 kB | 1.7/12 MB[0m
2026.04.10 14:59:41 INFO  Progress (5): 1.3/2.0 MB | 294/307 kB | 116/622 kB | 19/342 kB | 1.7/12 MB[0m
2026.04.10 14:59:41 INFO  Progress (5): 1.3/2.0 MB | 294/307 kB | 116/622 kB | 19/342 kB | 1.7/12 MB[0m
2026.04.10 14:59:41 INFO  Progress (5): 1.3/2.0 MB | 294/307 kB | 116/622 kB | 19/342 kB | 1.7/12 MB[0m
2026.04.10 14:59:41 INFO  Progress (5): 1.3/2.0 MB | 294/307 kB | 116/622 kB | 19/342 kB | 1.7/12 MB[0m
2026.04.10 14:59:41 INFO  Progress (5): 1.3/2.0 MB | 294/307 kB | 116/622 kB | 20/342 kB | 1.7/12 MB[0m
2026.04.10 14:59:41 INFO  Progress (5): 1.3/2.0 MB | 294/307 kB | 116/622 kB | 21/342 kB | 1.7/12 MB[0m
2026.04.10 14:59:41 INFO  Progress (5): 1.3/2.0 MB | 294/307 kB | 116/622 kB | 23/342 kB | 1.7/12 MB[0m
2026.04.10 14:59:41 INFO  Progress (5): 1.3/2.0 MB | 294/307 kB | 116/622 kB | 23/342 kB | 1.8/12 MB[0m
2026.04.10 14:59:41 INFO  Progress (5): 1.3/2.0 MB | 294/307 kB | 116/622 kB | 24/342 kB | 1.8/12 MB[0m
2026.04.10 14:59:41 INFO  Progress (5): 1.3/2.0 MB | 294/307 kB | 116/622 kB | 26/342 kB | 1.8/12 MB[0m
2026.04.10 14:59:41 INFO  Progress (5): 1.3/2.0 MB | 294/307 kB | 116/622 kB | 30/342 kB | 1.8/12 MB[0m
2026.04.10 14:59:41 INFO  Progress (5): 1.3/2.0 MB | 294/307 kB | 116/622 kB | 32/342 kB | 1.8/12 MB[0m
2026.04.10 14:59:41 INFO  Progress (5): 1.3/2.0 MB | 294/307 kB | 116/622 kB | 36/342 kB | 1.8/12 MB[0m
2026.04.10 14:59:41 INFO  Progress (5): 1.3/2.0 MB | 294/307 kB | 116/622 kB | 40/342 kB | 1.8/12 MB[0m
2026.04.10 14:59:41 INFO  Progress (5): 1.3/2.0 MB | 294/307 kB | 116/622 kB | 40/342 kB | 1.8/12 MB[0m
2026.04.10 14:59:41 INFO  Progress (5): 1.3/2.0 MB | 294/307 kB | 116/622 kB | 40/342 kB | 1.8/12 MB[0m
2026.04.10 14:59:41 INFO  Progress (5): 1.3/2.0 MB | 294/307 kB | 116/622 kB | 40/342 kB | 1.8/12 MB[0m
2026.04.10 14:59:41 INFO  Progress (5): 1.3/2.0 MB | 294/307 kB | 120/622 kB | 40/342 kB | 1.8/12 MB[0m
2026.04.10 14:59:41 INFO  Progress (5): 1.3/2.0 MB | 294/307 kB | 124/622 kB | 40/342 kB | 1.8/12 MB[0m
2026.04.10 14:59:41 INFO  Progress (5): 1.3/2.0 MB | 294/307 kB | 124/622 kB | 40/342 kB | 1.8/12 MB[0m
2026.04.10 14:59:41 INFO  Progress (5): 1.3/2.0 MB | 294/307 kB | 128/622 kB | 40/342 kB | 1.8/12 MB[0m
2026.04.10 14:59:41 INFO  Progress (5): 1.3/2.0 MB | 294/307 kB | 132/622 kB | 40/342 kB | 1.8/12 MB[0m
2026.04.10 14:59:41 INFO  Progress (5): 1.3/2.0 MB | 294/307 kB | 137/622 kB | 40/342 kB | 1.8/12 MB[0m
2026.04.10 14:59:41 INFO  Progress (5): 1.3/2.0 MB | 294/307 kB | 137/622 kB | 40/342 kB | 1.8/12 MB[0m
2026.04.10 14:59:41 INFO  Progress (5): 1.3/2.0 MB | 294/307 kB | 141/622 kB | 40/342 kB | 1.8/12 MB[0m
2026.04.10 14:59:41 INFO  Progress (5): 1.3/2.0 MB | 294/307 kB | 145/622 kB | 40/342 kB | 1.8/12 MB[0m
2026.04.10 14:59:41 INFO  Progress (5): 1.3/2.0 MB | 294/307 kB | 149/622 kB | 40/342 kB | 1.8/12 MB[0m
2026.04.10 14:59:41 INFO  Progress (5): 1.3/2.0 MB | 294/307 kB | 149/622 kB | 40/342 kB | 1.8/12 MB[0m
2026.04.10 14:59:41 INFO  Progress (5): 1.3/2.0 MB | 294/307 kB | 149/622 kB | 40/342 kB | 1.9/12 MB[0m
2026.04.10 14:59:41 INFO  Progress (5): 1.3/2.0 MB | 294/307 kB | 154/622 kB | 40/342 kB | 1.9/12 MB[0m
2026.04.10 14:59:41 INFO  Progress (5): 1.3/2.0 MB | 294/307 kB | 154/622 kB | 45/342 kB | 1.9/12 MB[0m
2026.04.10 14:59:41 INFO  Progress (5): 1.3/2.0 MB | 294/307 kB | 156/622 kB | 45/342 kB | 1.9/12 MB[0m
2026.04.10 14:59:41 INFO  Progress (5): 1.3/2.0 MB | 294/307 kB | 156/622 kB | 45/342 kB | 1.9/12 MB[0m
2026.04.10 14:59:41 INFO  Progress (5): 1.3/2.0 MB | 294/307 kB | 156/622 kB | 45/342 kB | 1.9/12 MB[0m
2026.04.10 14:59:41 INFO  Progress (5): 1.3/2.0 MB | 294/307 kB | 156/622 kB | 45/342 kB | 1.9/12 MB[0m
2026.04.10 14:59:41 INFO  Progress (5): 1.3/2.0 MB | 294/307 kB | 156/622 kB | 45/342 kB | 1.9/12 MB[0m
2026.04.10 14:59:41 INFO  Progress (5): 1.4/2.0 MB | 294/307 kB | 156/622 kB | 45/342 kB | 1.9/12 MB[0m
2026.04.10 14:59:41 INFO  Progress (5): 1.4/2.0 MB | 294/307 kB | 156/622 kB | 45/342 kB | 1.9/12 MB[0m
2026.04.10 14:59:41 INFO  Progress (5): 1.4/2.0 MB | 294/307 kB | 156/622 kB | 45/342 kB | 1.9/12 MB[0m
2026.04.10 14:59:41 INFO  Progress (5): 1.4/2.0 MB | 294/307 kB | 160/622 kB | 45/342 kB | 1.9/12 MB[0m
2026.04.10 14:59:41 INFO  Progress (5): 1.4/2.0 MB | 294/307 kB | 160/622 kB | 45/342 kB | 1.9/12 MB[0m
2026.04.10 14:59:41 INFO  Progress (5): 1.4/2.0 MB | 294/307 kB | 160/622 kB | 45/342 kB | 1.9/12 MB[0m
2026.04.10 14:59:41 INFO  Progress (5): 1.4/2.0 MB | 294/307 kB | 160/622 kB | 45/342 kB | 1.9/12 MB[0m
2026.04.10 14:59:41 INFO  Progress (5): 1.4/2.0 MB | 294/307 kB | 160/622 kB | 45/342 kB | 2.0/12 MB[0m
2026.04.10 14:59:41 INFO  Progress (5): 1.4/2.0 MB | 294/307 kB | 160/622 kB | 45/342 kB | 2.0/12 MB[0m
2026.04.10 14:59:41 INFO  Progress (5): 1.4/2.0 MB | 294/307 kB | 160/622 kB | 45/342 kB | 2.0/12 MB[0m
2026.04.10 14:59:41 INFO  Progress (5): 1.4/2.0 MB | 294/307 kB | 160/622 kB | 49/342 kB | 2.0/12 MB[0m
2026.04.10 14:59:41 INFO  Progress (5): 1.4/2.0 MB | 294/307 kB | 160/622 kB | 49/342 kB | 2.0/12 MB[0m
2026.04.10 14:59:41 INFO  Progress (5): 1.4/2.0 MB | 294/307 kB | 164/622 kB | 49/342 kB | 2.0/12 MB[0m
2026.04.10 14:59:41 INFO  Progress (5): 1.4/2.0 MB | 294/307 kB | 164/622 kB | 49/342 kB | 2.0/12 MB[0m
2026.04.10 14:59:41 INFO  Progress (5): 1.4/2.0 MB | 294/307 kB | 164/622 kB | 49/342 kB | 2.0/12 MB[0m
2026.04.10 14:59:41 INFO  Progress (5): 1.4/2.0 MB | 294/307 kB | 164/622 kB | 49/342 kB | 2.0/12 MB[0m
2026.04.10 14:59:41 INFO  Progress (5): 1.4/2.0 MB | 294/307 kB | 164/622 kB | 49/342 kB | 2.0/12 MB[0m
2026.04.10 14:59:41 INFO  Progress (5): 1.4/2.0 MB | 294/307 kB | 164/622 kB | 49/342 kB | 2.0/12 MB[0m
2026.04.10 14:59:41 INFO  Progress (5): 1.4/2.0 MB | 294/307 kB | 164/622 kB | 49/342 kB | 2.0/12 MB[0m
2026.04.10 14:59:41 INFO  Progress (5): 1.5/2.0 MB | 294/307 kB | 164/622 kB | 49/342 kB | 2.0/12 MB[0m
2026.04.10 14:59:41 INFO  Progress (5): 1.5/2.0 MB | 294/307 kB | 164/622 kB | 49/342 kB | 2.1/12 MB[0m
2026.04.10 14:59:41 INFO  Progress (5): 1.5/2.0 MB | 294/307 kB | 168/622 kB | 49/342 kB | 2.1/12 MB[0m
2026.04.10 14:59:41 INFO  Progress (5): 1.5/2.0 MB | 294/307 kB | 168/622 kB | 49/342 kB | 2.1/12 MB[0m
2026.04.10 14:59:41 INFO  Progress (5): 1.5/2.0 MB | 294/307 kB | 168/622 kB | 49/342 kB | 2.1/12 MB[0m
2026.04.10 14:59:41 INFO  Progress (5): 1.5/2.0 MB | 294/307 kB | 168/622 kB | 49/342 kB | 2.1/12 MB[0m
2026.04.10 14:59:41 INFO  Progress (5): 1.5/2.0 MB | 294/307 kB | 168/622 kB | 49/342 kB | 2.1/12 MB[0m
2026.04.10 14:59:41 INFO  Progress (5): 1.5/2.0 MB | 294/307 kB | 168/622 kB | 53/342 kB | 2.1/12 MB[0m
2026.04.10 14:59:41 INFO  Progress (5): 1.5/2.0 MB | 294/307 kB | 168/622 kB | 53/342 kB | 2.1/12 MB[0m
2026.04.10 14:59:41 INFO  Progress (5): 1.5/2.0 MB | 294/307 kB | 168/622 kB | 53/342 kB | 2.1/12 MB[0m
2026.04.10 14:59:41 INFO  Progress (5): 1.5/2.0 MB | 294/307 kB | 168/622 kB | 53/342 kB | 2.1/12 MB[0m
2026.04.10 14:59:41 INFO  Progress (5): 1.5/2.0 MB | 294/307 kB | 168/622 kB | 53/342 kB | 2.1/12 MB[0m
2026.04.10 14:59:41 INFO  Progress (5): 1.5/2.0 MB | 294/307 kB | 168/622 kB | 53/342 kB | 2.1/12 MB[0m
2026.04.10 14:59:41 INFO  Progress (5): 1.5/2.0 MB | 294/307 kB | 168/622 kB | 53/342 kB | 2.1/12 MB[0m
2026.04.10 14:59:41 INFO  Progress (5): 1.6/2.0 MB | 294/307 kB | 168/622 kB | 53/342 kB | 2.1/12 MB[0m
2026.04.10 14:59:41 INFO  Progress (5): 1.6/2.0 MB | 294/307 kB | 168/622 kB | 53/342 kB | 2.2/12 MB[0m
2026.04.10 14:59:41 INFO  Progress (5): 1.6/2.0 MB | 294/307 kB | 168/622 kB | 53/342 kB | 2.2/12 MB[0m
2026.04.10 14:59:41 INFO  Progress (5): 1.6/2.0 MB | 294/307 kB | 168/622 kB | 53/342 kB | 2.2/12 MB[0m
2026.04.10 14:59:41 INFO  Progress (5): 1.6/2.0 MB | 294/307 kB | 168/622 kB | 53/342 kB | 2.2/12 MB[0m
2026.04.10 14:59:41 INFO  Progress (5): 1.6/2.0 MB | 294/307 kB | 168/622 kB | 53/342 kB | 2.2/12 MB[0m
2026.04.10 14:59:41 INFO  Progress (5): 1.6/2.0 MB | 294/307 kB | 168/622 kB | 53/342 kB | 2.2/12 MB[0m
2026.04.10 14:59:41 INFO  Progress (5): 1.6/2.0 MB | 294/307 kB | 168/622 kB | 53/342 kB | 2.2/12 MB[0m
2026.04.10 14:59:41 INFO  Progress (5): 1.6/2.0 MB | 294/307 kB | 168/622 kB | 53/342 kB | 2.2/12 MB[0m
2026.04.10 14:59:41 INFO  Progress (5): 1.6/2.0 MB | 294/307 kB | 168/622 kB | 53/342 kB | 2.2/12 MB[0m
2026.04.10 14:59:41 INFO  Progress (5): 1.6/2.0 MB | 294/307 kB | 168/622 kB | 53/342 kB | 2.2/12 MB[0m
2026.04.10 14:59:41 INFO  Progress (5): 1.6/2.0 MB | 294/307 kB | 168/622 kB | 53/342 kB | 2.2/12 MB[0m
2026.04.10 14:59:41 INFO  Progress (5): 1.7/2.0 MB | 294/307 kB | 168/622 kB | 53/342 kB | 2.2/12 MB[0m
2026.04.10 14:59:41 INFO  Progress (5): 1.7/2.0 MB | 294/307 kB | 168/622 kB | 53/342 kB | 2.3/12 MB[0m
2026.04.10 14:59:41 INFO  Progress (5): 1.7/2.0 MB | 294/307 kB | 173/622 kB | 53/342 kB | 2.3/12 MB[0m
2026.04.10 14:59:41 INFO  Progress (5): 1.7/2.0 MB | 294/307 kB | 173/622 kB | 53/342 kB | 2.3/12 MB[0m
2026.04.10 14:59:41 INFO  Progress (5): 1.7/2.0 MB | 294/307 kB | 173/622 kB | 53/342 kB | 2.3/12 MB[0m
2026.04.10 14:59:41 INFO  Progress (5): 1.7/2.0 MB | 294/307 kB | 173/622 kB | 53/342 kB | 2.3/12 MB[0m
2026.04.10 14:59:41 INFO  Progress (5): 1.7/2.0 MB | 294/307 kB | 173/622 kB | 53/342 kB | 2.3/12 MB[0m
2026.04.10 14:59:41 INFO  Progress (5): 1.7/2.0 MB | 294/307 kB | 173/622 kB | 53/342 kB | 2.3/12 MB[0m
2026.04.10 14:59:41 INFO  Progress (5): 1.7/2.0 MB | 294/307 kB | 173/622 kB | 53/342 kB | 2.3/12 MB[0m
2026.04.10 14:59:41 INFO  Progress (5): 1.7/2.0 MB | 294/307 kB | 173/622 kB | 53/342 kB | 2.3/12 MB[0m
2026.04.10 14:59:41 INFO  Progress (5): 1.7/2.0 MB | 294/307 kB | 173/622 kB | 53/342 kB | 2.3/12 MB[0m
2026.04.10 14:59:41 INFO  Progress (5): 1.7/2.0 MB | 294/307 kB | 173/622 kB | 53/342 kB | 2.3/12 MB[0m
2026.04.10 14:59:41 INFO  Progress (5): 1.7/2.0 MB | 294/307 kB | 173/622 kB | 53/342 kB | 2.4/12 MB[0m
2026.04.10 14:59:41 INFO  Progress (5): 1.7/2.0 MB | 294/307 kB | 173/622 kB | 57/342 kB | 2.4/12 MB[0m
2026.04.10 14:59:41 INFO  Progress (5): 1.7/2.0 MB | 294/307 kB | 173/622 kB | 57/342 kB | 2.4/12 MB[0m
2026.04.10 14:59:41 INFO  Progress (5): 1.7/2.0 MB | 294/307 kB | 173/622 kB | 57/342 kB | 2.4/12 MB[0m
2026.04.10 14:59:41 INFO  Progress (5): 1.7/2.0 MB | 294/307 kB | 173/622 kB | 57/342 kB | 2.4/12 MB[0m
2026.04.10 14:59:41 INFO  Progress (5): 1.8/2.0 MB | 294/307 kB | 173/622 kB | 57/342 kB | 2.4/12 MB[0m
2026.04.10 14:59:41 INFO  Progress (5): 1.8/2.0 MB | 294/307 kB | 173/622 kB | 57/342 kB | 2.4/12 MB[0m
2026.04.10 14:59:41 INFO  Progress (5): 1.8/2.0 MB | 294/307 kB | 173/622 kB | 57/342 kB | 2.4/12 MB[0m
2026.04.10 14:59:41 INFO  Progress (5): 1.8/2.0 MB | 294/307 kB | 177/622 kB | 57/342 kB | 2.4/12 MB[0m
2026.04.10 14:59:41 INFO  Progress (5): 1.8/2.0 MB | 294/307 kB | 181/622 kB | 57/342 kB | 2.4/12 MB[0m
2026.04.10 14:59:41 INFO  Progress (5): 1.8/2.0 MB | 294/307 kB | 181/622 kB | 57/342 kB | 2.4/12 MB[0m
2026.04.10 14:59:41 INFO  Progress (5): 1.8/2.0 MB | 294/307 kB | 181/622 kB | 57/342 kB | 2.4/12 MB[0m
2026.04.10 14:59:41 INFO  Progress (5): 1.8/2.0 MB | 294/307 kB | 181/622 kB | 57/342 kB | 2.4/12 MB[0m
2026.04.10 14:59:41 INFO  Progress (5): 1.8/2.0 MB | 294/307 kB | 181/622 kB | 57/342 kB | 2.4/12 MB[0m
2026.04.10 14:59:41 INFO  Progress (5): 1.8/2.0 MB | 294/307 kB | 181/622 kB | 57/342 kB | 2.4/12 MB[0m
2026.04.10 14:59:41 INFO  Progress (5): 1.8/2.0 MB | 294/307 kB | 181/622 kB | 57/342 kB | 2.5/12 MB[0m
2026.04.10 14:59:41 INFO  Progress (5): 1.8/2.0 MB | 294/307 kB | 181/622 kB | 57/342 kB | 2.5/12 MB[0m
2026.04.10 14:59:41 INFO  Progress (5): 1.8/2.0 MB | 294/307 kB | 181/622 kB | 57/342 kB | 2.5/12 MB[0m
2026.04.10 14:59:41 INFO  Progress (5): 1.9/2.0 MB | 294/307 kB | 181/622 kB | 57/342 kB | 2.5/12 MB[0m
2026.04.10 14:59:41 INFO  Progress (5): 1.9/2.0 MB | 294/307 kB | 181/622 kB | 57/342 kB | 2.5/12 MB[0m
2026.04.10 14:59:41 INFO  Progress (5): 1.9/2.0 MB | 294/307 kB | 181/622 kB | 57/342 kB | 2.5/12 MB[0m
2026.04.10 14:59:41 INFO  Progress (5): 1.9/2.0 MB | 294/307 kB | 181/622 kB | 57/342 kB | 2.5/12 MB[0m
2026.04.10 14:59:41 INFO  Progress (5): 1.9/2.0 MB | 294/307 kB | 181/622 kB | 57/342 kB | 2.5/12 MB[0m
2026.04.10 14:59:41 INFO  Progress (5): 1.9/2.0 MB | 294/307 kB | 181/622 kB | 57/342 kB | 2.5/12 MB[0m
2026.04.10 14:59:41 INFO  Progress (5): 1.9/2.0 MB | 294/307 kB | 181/622 kB | 57/342 kB | 2.5/12 MB[0m
2026.04.10 14:59:41 INFO  Progress (5): 1.9/2.0 MB | 294/307 kB | 181/622 kB | 57/342 kB | 2.5/12 MB[0m
2026.04.10 14:59:41 INFO  Progress (5): 1.9/2.0 MB | 294/307 kB | 181/622 kB | 57/342 kB | 2.5/12 MB[0m
2026.04.10 14:59:41 INFO  Progress (5): 1.9/2.0 MB | 294/307 kB | 181/622 kB | 57/342 kB | 2.5/12 MB[0m
2026.04.10 14:59:41 INFO  Progress (5): 1.9/2.0 MB | 294/307 kB | 181/622 kB | 57/342 kB | 2.6/12 MB[0m
2026.04.10 14:59:41 INFO  Progress (5): 1.9/2.0 MB | 294/307 kB | 181/622 kB | 57/342 kB | 2.6/12 MB[0m
2026.04.10 14:59:41 INFO  Progress (5): 1.9/2.0 MB | 294/307 kB | 181/622 kB | 57/342 kB | 2.6/12 MB[0m
2026.04.10 14:59:41 INFO  Progress (5): 1.9/2.0 MB | 294/307 kB | 181/622 kB | 57/342 kB | 2.6/12 MB[0m
2026.04.10 14:59:41 INFO  Progress (5): 1.9/2.0 MB | 294/307 kB | 181/622 kB | 57/342 kB | 2.6/12 MB[0m
2026.04.10 14:59:41 INFO  Progress (5): 2.0/2.0 MB | 294/307 kB | 181/622 kB | 57/342 kB | 2.6/12 MB[0m
2026.04.10 14:59:41 INFO  Progress (5): 2.0/2.0 MB | 294/307 kB | 181/622 kB | 57/342 kB | 2.6/12 MB[0m
2026.04.10 14:59:41 INFO  Progress (5): 2.0/2.0 MB | 294/307 kB | 181/622 kB | 57/342 kB | 2.6/12 MB[0m
2026.04.10 14:59:41 INFO  Progress (5): 2.0/2.0 MB | 294/307 kB | 181/622 kB | 57/342 kB | 2.6/12 MB[0m
2026.04.10 14:59:41 INFO  Progress (5): 2.0/2.0 MB | 294/307 kB | 185/622 kB | 57/342 kB | 2.6/12 MB[0m
2026.04.10 14:59:41 INFO  Progress (5): 2.0/2.0 MB | 294/307 kB | 185/622 kB | 57/342 kB | 2.6/12 MB[0m
2026.04.10 14:59:41 INFO  Progress (5): 2.0 MB | 294/307 kB | 185/622 kB | 57/342 kB | 2.6/12 MB    [0m
2026.04.10 14:59:41 INFO  Progress (5): 2.0 MB | 294/307 kB | 185/622 kB | 57/342 kB | 2.6/12 MB[0m
2026.04.10 14:59:41 INFO  Progress (5): 2.0 MB | 294/307 kB | 185/622 kB | 57/342 kB | 2.7/12 MB[0m
2026.04.10 14:59:41 INFO  Progress (5): 2.0 MB | 294/307 kB | 185/622 kB | 57/342 kB | 2.7/12 MB[0m
2026.04.10 14:59:41 INFO  Progress (5): 2.0 MB | 294/307 kB | 185/622 kB | 57/342 kB | 2.7/12 MB[0m
2026.04.10 14:59:41 INFO  Progress (5): 2.0 MB | 294/307 kB | 185/622 kB | 57/342 kB | 2.7/12 MB[0m
2026.04.10 14:59:41 INFO  Progress (5): 2.0 MB | 294/307 kB | 185/622 kB | 57/342 kB | 2.7/12 MB[0m
2026.04.10 14:59:41 INFO  Progress (5): 2.0 MB | 294/307 kB | 185/622 kB | 57/342 kB | 2.7/12 MB[0m
2026.04.10 14:59:41 INFO  Progress (5): 2.0 MB | 294/307 kB | 185/622 kB | 57/342 kB | 2.8/12 MB[0m
2026.04.10 14:59:41 INFO                                                                        [0m
2026.04.10 14:59:41 INFO  Downloaded from central: https://repo.maven.apache.org/maven2/org/springframework/boot/spring-boot-autoconfigure/3.4.2/spring-boot-autoconfigure-3.4.2.jar (2.0 MB at 6.3 MB/s)[0m
2026.04.10 14:59:41 INFO  Downloading from central: https://repo.maven.apache.org/maven2/jakarta/persistence/jakarta.persistence-api/3.1.0/jakarta.persistence-api-3.1.0.jar[0m
2026.04.10 14:59:41 INFO  Progress (4): 294/307 kB | 185/622 kB | 57/342 kB | 2.8/12 MB[0m
2026.04.10 14:59:41 INFO  Progress (4): 294/307 kB | 185/622 kB | 57/342 kB | 2.8/12 MB[0m
2026.04.10 14:59:41 INFO  Progress (4): 294/307 kB | 185/622 kB | 57/342 kB | 2.8/12 MB[0m
2026.04.10 14:59:41 INFO  Progress (4): 294/307 kB | 185/622 kB | 57/342 kB | 2.8/12 MB[0m
2026.04.10 14:59:41 INFO  Progress (4): 294/307 kB | 185/622 kB | 57/342 kB | 2.8/12 MB[0m
2026.04.10 14:59:41 INFO  Progress (4): 294/307 kB | 185/622 kB | 57/342 kB | 2.9/12 MB[0m
2026.04.10 14:59:41 INFO  Progress (4): 294/307 kB | 185/622 kB | 62/342 kB | 2.9/12 MB[0m
2026.04.10 14:59:41 INFO  Progress (4): 294/307 kB | 185/622 kB | 62/342 kB | 2.9/12 MB[0m
2026.04.10 14:59:41 INFO  Progress (4): 294/307 kB | 185/622 kB | 62/342 kB | 2.9/12 MB[0m
2026.04.10 14:59:41 INFO  Progress (4): 294/307 kB | 189/622 kB | 62/342 kB | 2.9/12 MB[0m
2026.04.10 14:59:41 INFO  Progress (4): 294/307 kB | 189/622 kB | 62/342 kB | 2.9/12 MB[0m
2026.04.10 14:59:41 INFO  Progress (4): 294/307 kB | 189/622 kB | 62/342 kB | 2.9/12 MB[0m
2026.04.10 14:59:41 INFO  Progress (4): 294/307 kB | 189/622 kB | 62/342 kB | 2.9/12 MB[0m
2026.04.10 14:59:41 INFO  Progress (4): 294/307 kB | 189/622 kB | 62/342 kB | 2.9/12 MB[0m
2026.04.10 14:59:41 INFO  Progress (4): 294/307 kB | 189/622 kB | 62/342 kB | 3.0/12 MB[0m
2026.04.10 14:59:41 INFO  Progress (4): 294/307 kB | 189/622 kB | 62/342 kB | 3.0/12 MB[0m
2026.04.10 14:59:41 INFO  Progress (4): 294/307 kB | 189/622 kB | 62/342 kB | 3.0/12 MB[0m
2026.04.10 14:59:41 INFO  Progress (4): 294/307 kB | 189/622 kB | 62/342 kB | 3.0/12 MB[0m
2026.04.10 14:59:41 INFO  Progress (4): 294/307 kB | 189/622 kB | 62/342 kB | 3.0/12 MB[0m
2026.04.10 14:59:41 INFO  Progress (4): 294/307 kB | 189/622 kB | 62/342 kB | 3.0/12 MB[0m
2026.04.10 14:59:41 INFO  Progress (4): 294/307 kB | 189/622 kB | 62/342 kB | 3.1/12 MB[0m
2026.04.10 14:59:41 INFO  Progress (4): 294/307 kB | 189/622 kB | 62/342 kB | 3.1/12 MB[0m
2026.04.10 14:59:41 INFO  Progress (4): 294/307 kB | 189/622 kB | 62/342 kB | 3.1/12 MB[0m
2026.04.10 14:59:41 INFO  Progress (4): 294/307 kB | 189/622 kB | 62/342 kB | 3.1/12 MB[0m
2026.04.10 14:59:41 INFO  Progress (4): 294/307 kB | 189/622 kB | 62/342 kB | 3.1/12 MB[0m
2026.04.10 14:59:41 INFO  Progress (4): 294/307 kB | 189/622 kB | 62/342 kB | 3.1/12 MB[0m
2026.04.10 14:59:41 INFO  Progress (4): 294/307 kB | 189/622 kB | 62/342 kB | 3.2/12 MB[0m
2026.04.10 14:59:41 INFO  Progress (4): 294/307 kB | 189/622 kB | 62/342 kB | 3.2/12 MB[0m
2026.04.10 14:59:41 INFO  Progress (4): 294/307 kB | 189/622 kB | 66/342 kB | 3.2/12 MB[0m
2026.04.10 14:59:41 INFO  Progress (4): 294/307 kB | 194/622 kB | 66/342 kB | 3.2/12 MB[0m
2026.04.10 14:59:41 INFO  Progress (4): 294/307 kB | 194/622 kB | 66/342 kB | 3.2/12 MB[0m
2026.04.10 14:59:41 INFO  Progress (4): 294/307 kB | 194/622 kB | 66/342 kB | 3.2/12 MB[0m
2026.04.10 14:59:41 INFO  Progress (4): 294/307 kB | 194/622 kB | 66/342 kB | 3.2/12 MB[0m
2026.04.10 14:59:41 INFO  Progress (4): 294/307 kB | 194/622 kB | 66/342 kB | 3.2/12 MB[0m
2026.04.10 14:59:41 INFO  Progress (4): 294/307 kB | 194/622 kB | 66/342 kB | 3.3/12 MB[0m
2026.04.10 14:59:41 INFO  Progress (4): 294/307 kB | 194/622 kB | 66/342 kB | 3.3/12 MB[0m
2026.04.10 14:59:41 INFO  Progress (4): 294/307 kB | 194/622 kB | 66/342 kB | 3.3/12 MB[0m
2026.04.10 14:59:41 INFO  Progress (4): 294/307 kB | 194/622 kB | 66/342 kB | 3.3/12 MB[0m
2026.04.10 14:59:41 INFO  Progress (4): 294/307 kB | 194/622 kB | 66/342 kB | 3.3/12 MB[0m
2026.04.10 14:59:41 INFO  Progress (4): 294/307 kB | 194/622 kB | 66/342 kB | 3.3/12 MB[0m
2026.04.10 14:59:41 INFO  Progress (4): 294/307 kB | 194/622 kB | 66/342 kB | 3.4/12 MB[0m
2026.04.10 14:59:41 INFO  Progress (4): 294/307 kB | 194/622 kB | 66/342 kB | 3.4/12 MB[0m
2026.04.10 14:59:41 INFO  Progress (4): 294/307 kB | 194/622 kB | 66/342 kB | 3.4/12 MB[0m
2026.04.10 14:59:41 INFO  Progress (4): 294/307 kB | 194/622 kB | 66/342 kB | 3.4/12 MB[0m
2026.04.10 14:59:41 INFO  Progress (4): 294/307 kB | 194/622 kB | 66/342 kB | 3.4/12 MB[0m
2026.04.10 14:59:41 INFO  Progress (4): 294/307 kB | 194/622 kB | 66/342 kB | 3.4/12 MB[0m
2026.04.10 14:59:41 INFO  Progress (4): 294/307 kB | 194/622 kB | 66/342 kB | 3.5/12 MB[0m
2026.04.10 14:59:41 INFO  Progress (4): 294/307 kB | 194/622 kB | 66/342 kB | 3.5/12 MB[0m
2026.04.10 14:59:41 INFO  Progress (4): 294/307 kB | 194/622 kB | 66/342 kB | 3.5/12 MB[0m
2026.04.10 14:59:41 INFO  Progress (4): 294/307 kB | 194/622 kB | 66/342 kB | 3.5/12 MB[0m
2026.04.10 14:59:41 INFO  Progress (4): 294/307 kB | 194/622 kB | 66/342 kB | 3.5/12 MB[0m
2026.04.10 14:59:41 INFO  Progress (4): 294/307 kB | 194/622 kB | 66/342 kB | 3.5/12 MB[0m
2026.04.10 14:59:41 INFO  Progress (4): 294/307 kB | 194/622 kB | 66/342 kB | 3.6/12 MB[0m
2026.04.10 14:59:41 INFO  Progress (4): 294/307 kB | 194/622 kB | 66/342 kB | 3.6/12 MB[0m
2026.04.10 14:59:41 INFO  Progress (4): 294/307 kB | 198/622 kB | 66/342 kB | 3.6/12 MB[0m
2026.04.10 14:59:41 INFO  Progress (4): 294/307 kB | 198/622 kB | 66/342 kB | 3.6/12 MB[0m
2026.04.10 14:59:41 INFO  Progress (4): 294/307 kB | 198/622 kB | 66/342 kB | 3.6/12 MB[0m
2026.04.10 14:59:41 INFO  Progress (4): 294/307 kB | 198/622 kB | 66/342 kB | 3.6/12 MB[0m
2026.04.10 14:59:41 INFO  Progress (4): 294/307 kB | 198/622 kB | 66/342 kB | 3.6/12 MB[0m
2026.04.10 14:59:41 INFO  Progress (4): 294/307 kB | 198/622 kB | 66/342 kB | 3.7/12 MB[0m
2026.04.10 14:59:41 INFO  Progress (4): 294/307 kB | 198/622 kB | 70/342 kB | 3.7/12 MB[0m
2026.04.10 14:59:41 INFO  Progress (4): 294/307 kB | 198/622 kB | 70/342 kB | 3.7/12 MB[0m
2026.04.10 14:59:41 INFO  Progress (4): 294/307 kB | 198/622 kB | 70/342 kB | 3.7/12 MB[0m
2026.04.10 14:59:41 INFO  Progress (4): 294/307 kB | 198/622 kB | 70/342 kB | 3.7/12 MB[0m
2026.04.10 14:59:41 INFO  Progress (4): 294/307 kB | 198/622 kB | 70/342 kB | 3.7/12 MB[0m
2026.04.10 14:59:41 INFO  Progress (4): 294/307 kB | 198/622 kB | 70/342 kB | 3.7/12 MB[0m
2026.04.10 14:59:41 INFO  Progress (4): 294/307 kB | 202/622 kB | 70/342 kB | 3.7/12 MB[0m
2026.04.10 14:59:41 INFO  Progress (4): 294/307 kB | 202/622 kB | 70/342 kB | 3.8/12 MB[0m
2026.04.10 14:59:41 INFO  Progress (4): 294/307 kB | 202/622 kB | 70/342 kB | 3.8/12 MB[0m
2026.04.10 14:59:41 INFO  Progress (4): 294/307 kB | 202/622 kB | 70/342 kB | 3.8/12 MB[0m
2026.04.10 14:59:41 INFO  Progress (4): 294/307 kB | 202/622 kB | 70/342 kB | 3.8/12 MB[0m
2026.04.10 14:59:41 INFO  Progress (4): 294/307 kB | 202/622 kB | 70/342 kB | 3.8/12 MB[0m
2026.04.10 14:59:41 INFO  Progress (4): 294/307 kB | 202/622 kB | 70/342 kB | 3.8/12 MB[0m
2026.04.10 14:59:41 INFO  Progress (4): 294/307 kB | 202/622 kB | 70/342 kB | 3.9/12 MB[0m
2026.04.10 14:59:41 INFO  Progress (4): 294/307 kB | 202/622 kB | 70/342 kB | 3.9/12 MB[0m
2026.04.10 14:59:41 INFO  Progress (4): 294/307 kB | 202/622 kB | 70/342 kB | 3.9/12 MB[0m
2026.04.10 14:59:41 INFO  Progress (4): 294/307 kB | 202/622 kB | 70/342 kB | 3.9/12 MB[0m
2026.04.10 14:59:41 INFO  Progress (4): 294/307 kB | 202/622 kB | 70/342 kB | 3.9/12 MB[0m
2026.04.10 14:59:41 INFO  Progress (4): 294/307 kB | 202/622 kB | 70/342 kB | 3.9/12 MB[0m
2026.04.10 14:59:41 INFO  Progress (4): 294/307 kB | 206/622 kB | 70/342 kB | 3.9/12 MB[0m
2026.04.10 14:59:41 INFO  Progress (4): 294/307 kB | 206/622 kB | 70/342 kB | 3.9/12 MB[0m
2026.04.10 14:59:41 INFO  Progress (4): 294/307 kB | 206/622 kB | 70/342 kB | 4.0/12 MB[0m
2026.04.10 14:59:41 INFO  Progress (4): 294/307 kB | 206/622 kB | 70/342 kB | 4.0/12 MB[0m
2026.04.10 14:59:41 INFO  Progress (5): 294/307 kB | 206/622 kB | 70/342 kB | 4.0/12 MB | 7.7/165 kB[0m
2026.04.10 14:59:41 INFO  Progress (5): 294/307 kB | 206/622 kB | 70/342 kB | 4.0/12 MB | 16/165 kB [0m
2026.04.10 14:59:41 INFO  Progress (5): 294/307 kB | 206/622 kB | 70/342 kB | 4.0/12 MB | 32/165 kB[0m
2026.04.10 14:59:41 INFO  Progress (5): 294/307 kB | 206/622 kB | 70/342 kB | 4.0/12 MB | 32/165 kB[0m
2026.04.10 14:59:41 INFO  Progress (5): 294/307 kB | 206/622 kB | 70/342 kB | 4.0/12 MB | 49/165 kB[0m
2026.04.10 14:59:41 INFO  Progress (5): 294/307 kB | 206/622 kB | 70/342 kB | 4.0/12 MB | 49/165 kB[0m
2026.04.10 14:59:41 INFO  Progress (5): 294/307 kB | 206/622 kB | 70/342 kB | 4.0/12 MB | 65/165 kB[0m
2026.04.10 14:59:41 INFO  Progress (5): 294/307 kB | 206/622 kB | 70/342 kB | 4.0/12 MB | 81/165 kB[0m
2026.04.10 14:59:41 INFO  Progress (5): 294/307 kB | 206/622 kB | 70/342 kB | 4.0/12 MB | 98/165 kB[0m
2026.04.10 14:59:41 INFO  Progress (5): 294/307 kB | 206/622 kB | 70/342 kB | 4.0/12 MB | 114/165 kB[0m
2026.04.10 14:59:41 INFO  Progress (5): 294/307 kB | 206/622 kB | 70/342 kB | 4.0/12 MB | 131/165 kB[0m
2026.04.10 14:59:41 INFO  Progress (5): 294/307 kB | 206/622 kB | 74/342 kB | 4.0/12 MB | 131/165 kB[0m
2026.04.10 14:59:41 INFO  Progress (5): 294/307 kB | 206/622 kB | 74/342 kB | 4.0/12 MB | 147/165 kB[0m
2026.04.10 14:59:41 INFO  Progress (5): 294/307 kB | 206/622 kB | 74/342 kB | 4.0/12 MB | 147/165 kB[0m
2026.04.10 14:59:41 INFO  Progress (5): 294/307 kB | 206/622 kB | 74/342 kB | 4.0/12 MB | 163/165 kB[0m
2026.04.10 14:59:41 INFO  Progress (5): 294/307 kB | 206/622 kB | 74/342 kB | 4.0/12 MB | 163/165 kB[0m
2026.04.10 14:59:41 INFO  Progress (5): 294/307 kB | 206/622 kB | 74/342 kB | 4.0/12 MB | 165 kB    [0m
2026.04.10 14:59:41 INFO  Progress (5): 294/307 kB | 206/622 kB | 74/342 kB | 4.1/12 MB | 165 kB[0m
2026.04.10 14:59:41 INFO  Progress (5): 294/307 kB | 206/622 kB | 74/342 kB | 4.1/12 MB | 165 kB[0m
2026.04.10 14:59:41 INFO                                                                        [0m
2026.04.10 14:59:41 INFO  Downloaded from central: https://repo.maven.apache.org/maven2/jakarta/persistence/jakarta.persistence-api/3.1.0/jakarta.persistence-api-3.1.0.jar (165 kB at 454 kB/s)[0m
2026.04.10 14:59:41 INFO  Downloading from central: https://repo.maven.apache.org/maven2/jakarta/transaction/jakarta.transaction-api/2.0.1/jakarta.transaction-api-2.0.1.jar[0m
2026.04.10 14:59:41 INFO  Progress (4): 294/307 kB | 206/622 kB | 74/342 kB | 4.1/12 MB[0m
2026.04.10 14:59:41 INFO  Progress (4): 294/307 kB | 211/622 kB | 74/342 kB | 4.1/12 MB[0m
2026.04.10 14:59:41 INFO  Progress (4): 294/307 kB | 211/622 kB | 74/342 kB | 4.1/12 MB[0m
2026.04.10 14:59:41 INFO  Progress (4): 294/307 kB | 211/622 kB | 74/342 kB | 4.1/12 MB[0m
2026.04.10 14:59:41 INFO  Progress (4): 294/307 kB | 211/622 kB | 74/342 kB | 4.1/12 MB[0m
2026.04.10 14:59:41 INFO  Progress (4): 294/307 kB | 211/622 kB | 74/342 kB | 4.2/12 MB[0m
2026.04.10 14:59:41 INFO  Progress (4): 294/307 kB | 211/622 kB | 74/342 kB | 4.2/12 MB[0m
2026.04.10 14:59:41 INFO  Progress (4): 294/307 kB | 211/622 kB | 74/342 kB | 4.2/12 MB[0m
2026.04.10 14:59:41 INFO  Progress (4): 294/307 kB | 211/622 kB | 74/342 kB | 4.2/12 MB[0m
2026.04.10 14:59:41 INFO  Progress (4): 294/307 kB | 211/622 kB | 74/342 kB | 4.2/12 MB[0m
2026.04.10 14:59:41 INFO  Progress (4): 294/307 kB | 211/622 kB | 74/342 kB | 4.2/12 MB[0m
2026.04.10 14:59:41 INFO  Progress (4): 294/307 kB | 211/622 kB | 74/342 kB | 4.3/12 MB[0m
2026.04.10 14:59:41 INFO  Progress (4): 294/307 kB | 211/622 kB | 74/342 kB | 4.3/12 MB[0m
2026.04.10 14:59:41 INFO  Progress (4): 294/307 kB | 211/622 kB | 74/342 kB | 4.3/12 MB[0m
2026.04.10 14:59:41 INFO  Progress (4): 294/307 kB | 211/622 kB | 79/342 kB | 4.3/12 MB[0m
2026.04.10 14:59:41 INFO  Progress (4): 294/307 kB | 211/622 kB | 79/342 kB | 4.3/12 MB[0m
2026.04.10 14:59:41 INFO  Progress (4): 294/307 kB | 211/622 kB | 79/342 kB | 4.3/12 MB[0m
2026.04.10 14:59:41 INFO  Progress (4): 294/307 kB | 211/622 kB | 79/342 kB | 4.3/12 MB[0m
2026.04.10 14:59:41 INFO  Progress (4): 294/307 kB | 211/622 kB | 79/342 kB | 4.4/12 MB[0m
2026.04.10 14:59:41 INFO  Progress (4): 294/307 kB | 215/622 kB | 79/342 kB | 4.4/12 MB[0m
2026.04.10 14:59:41 INFO  Progress (4): 294/307 kB | 215/622 kB | 79/342 kB | 4.4/12 MB[0m
2026.04.10 14:59:41 INFO  Progress (4): 294/307 kB | 215/622 kB | 79/342 kB | 4.4/12 MB[0m
2026.04.10 14:59:41 INFO  Progress (4): 294/307 kB | 215/622 kB | 79/342 kB | 4.4/12 MB[0m
2026.04.10 14:59:41 INFO  Progress (4): 294/307 kB | 215/622 kB | 83/342 kB | 4.4/12 MB[0m
2026.04.10 14:59:41 INFO  Progress (4): 294/307 kB | 215/622 kB | 83/342 kB | 4.4/12 MB[0m
2026.04.10 14:59:41 INFO  Progress (4): 294/307 kB | 215/622 kB | 83/342 kB | 4.4/12 MB[0m
2026.04.10 14:59:41 INFO  Progress (4): 294/307 kB | 215/622 kB | 83/342 kB | 4.5/12 MB[0m
2026.04.10 14:59:41 INFO  Progress (4): 294/307 kB | 215/622 kB | 83/342 kB | 4.5/12 MB[0m
2026.04.10 14:59:41 INFO  Progress (4): 294/307 kB | 215/622 kB | 83/342 kB | 4.5/12 MB[0m
2026.04.10 14:59:41 INFO  Progress (4): 294/307 kB | 215/622 kB | 83/342 kB | 4.5/12 MB[0m
2026.04.10 14:59:41 INFO  Progress (4): 294/307 kB | 215/622 kB | 83/342 kB | 4.5/12 MB[0m
2026.04.10 14:59:41 INFO  Progress (4): 294/307 kB | 215/622 kB | 83/342 kB | 4.5/12 MB[0m
2026.04.10 14:59:41 INFO  Progress (4): 294/307 kB | 215/622 kB | 87/342 kB | 4.5/12 MB[0m
2026.04.10 14:59:41 INFO  Progress (4): 294/307 kB | 215/622 kB | 87/342 kB | 4.6/12 MB[0m
2026.04.10 14:59:41 INFO  Progress (4): 294/307 kB | 215/622 kB | 87/342 kB | 4.6/12 MB[0m
2026.04.10 14:59:41 INFO  Progress (4): 294/307 kB | 215/622 kB | 87/342 kB | 4.6/12 MB[0m
2026.04.10 14:59:41 INFO  Progress (4): 294/307 kB | 215/622 kB | 87/342 kB | 4.6/12 MB[0m
2026.04.10 14:59:41 INFO  Progress (4): 294/307 kB | 215/622 kB | 87/342 kB | 4.6/12 MB[0m
2026.04.10 14:59:41 INFO  Progress (4): 294/307 kB | 215/622 kB | 87/342 kB | 4.6/12 MB[0m
2026.04.10 14:59:41 INFO  Progress (4): 294/307 kB | 215/622 kB | 87/342 kB | 4.7/12 MB[0m
2026.04.10 14:59:41 INFO  Progress (4): 294/307 kB | 215/622 kB | 87/342 kB | 4.7/12 MB[0m
2026.04.10 14:59:41 INFO  Progress (4): 294/307 kB | 215/622 kB | 87/342 kB | 4.7/12 MB[0m
2026.04.10 14:59:41 INFO  Progress (4): 294/307 kB | 215/622 kB | 87/342 kB | 4.7/12 MB[0m
2026.04.10 14:59:41 INFO  Progress (4): 294/307 kB | 215/622 kB | 87/342 kB | 4.7/12 MB[0m
2026.04.10 14:59:41 INFO  Progress (4): 294/307 kB | 215/622 kB | 87/342 kB | 4.7/12 MB[0m
2026.04.10 14:59:41 INFO  Progress (4): 294/307 kB | 215/622 kB | 87/342 kB | 4.8/12 MB[0m
2026.04.10 14:59:41 INFO  Progress (4): 294/307 kB | 215/622 kB | 87/342 kB | 4.8/12 MB[0m
2026.04.10 14:59:41 INFO  Progress (4): 294/307 kB | 215/622 kB | 87/342 kB | 4.8/12 MB[0m
2026.04.10 14:59:41 INFO  Progress (4): 294/307 kB | 215/622 kB | 87/342 kB | 4.8/12 MB[0m
2026.04.10 14:59:41 INFO  Progress (4): 294/307 kB | 215/622 kB | 87/342 kB | 4.8/12 MB[0m
2026.04.10 14:59:41 INFO  Progress (4): 294/307 kB | 215/622 kB | 87/342 kB | 4.8/12 MB[0m
2026.04.10 14:59:41 INFO  Progress (4): 294/307 kB | 215/622 kB | 87/342 kB | 4.8/12 MB[0m
2026.04.10 14:59:41 INFO  Progress (4): 294/307 kB | 231/622 kB | 87/342 kB | 4.8/12 MB[0m
2026.04.10 14:59:41 INFO  Progress (4): 294/307 kB | 231/622 kB | 87/342 kB | 4.9/12 MB[0m
2026.04.10 14:59:41 INFO  Progress (4): 294/307 kB | 231/622 kB | 87/342 kB | 4.9/12 MB[0m
2026.04.10 14:59:41 INFO  Progress (4): 294/307 kB | 231/622 kB | 87/342 kB | 4.9/12 MB[0m
2026.04.10 14:59:41 INFO  Progress (4): 294/307 kB | 231/622 kB | 87/342 kB | 4.9/12 MB[0m
2026.04.10 14:59:41 INFO  Progress (4): 294/307 kB | 231/622 kB | 91/342 kB | 4.9/12 MB[0m
2026.04.10 14:59:41 INFO  Progress (4): 294/307 kB | 231/622 kB | 91/342 kB | 4.9/12 MB[0m
2026.04.10 14:59:41 INFO  Progress (4): 294/307 kB | 231/622 kB | 91/342 kB | 4.9/12 MB[0m
2026.04.10 14:59:41 INFO  Progress (4): 294/307 kB | 231/622 kB | 91/342 kB | 5.0/12 MB[0m
2026.04.10 14:59:41 INFO  Progress (4): 294/307 kB | 231/622 kB | 91/342 kB | 5.0/12 MB[0m
2026.04.10 14:59:41 INFO  Progress (4): 294/307 kB | 231/622 kB | 91/342 kB | 5.0/12 MB[0m
2026.04.10 14:59:41 INFO  Progress (5): 294/307 kB | 231/622 kB | 91/342 kB | 5.0/12 MB | 7.7/29 kB[0m
2026.04.10 14:59:41 INFO  Progress (5): 294/307 kB | 231/622 kB | 91/342 kB | 5.0/12 MB | 16/29 kB [0m
2026.04.10 14:59:41 INFO  Progress (5): 294/307 kB | 231/622 kB | 91/342 kB | 5.0/12 MB | 29 kB   [0m
2026.04.10 14:59:41 INFO  Progress (5): 294/307 kB | 231/622 kB | 91/342 kB | 5.0/12 MB | 29 kB[0m
2026.04.10 14:59:41 INFO  Progress (5): 294/307 kB | 231/622 kB | 91/342 kB | 5.0/12 MB | 29 kB[0m
2026.04.10 14:59:41 INFO                                                                       [0m
2026.04.10 14:59:41 INFO  Downloaded from central: https://repo.maven.apache.org/maven2/jakarta/transaction/jakarta.transaction-api/2.0.1/jakarta.transaction-api-2.0.1.jar (29 kB at 70 kB/s)[0m
2026.04.10 14:59:41 INFO  Downloading from central: https://repo.maven.apache.org/maven2/org/jboss/logging/jboss-logging/3.6.1.Final/jboss-logging-3.6.1.Final.jar[0m
2026.04.10 14:59:41 INFO  Progress (4): 294/307 kB | 231/622 kB | 91/342 kB | 5.0/12 MB[0m
2026.04.10 14:59:41 INFO  Progress (4): 294/307 kB | 231/622 kB | 91/342 kB | 5.1/12 MB[0m
2026.04.10 14:59:41 INFO  Progress (4): 294/307 kB | 231/622 kB | 91/342 kB | 5.1/12 MB[0m
2026.04.10 14:59:41 INFO  Progress (4): 294/307 kB | 231/622 kB | 91/342 kB | 5.1/12 MB[0m
2026.04.10 14:59:41 INFO  Progress (4): 294/307 kB | 231/622 kB | 91/342 kB | 5.1/12 MB[0m
2026.04.10 14:59:41 INFO  Progress (4): 294/307 kB | 231/622 kB | 91/342 kB | 5.1/12 MB[0m
2026.04.10 14:59:41 INFO  Progress (4): 294/307 kB | 231/622 kB | 91/342 kB | 5.1/12 MB[0m
2026.04.10 14:59:41 INFO  Progress (4): 294/307 kB | 231/622 kB | 91/342 kB | 5.1/12 MB[0m
2026.04.10 14:59:41 INFO  Progress (4): 294/307 kB | 231/622 kB | 91/342 kB | 5.2/12 MB[0m
2026.04.10 14:59:41 INFO  Progress (4): 294/307 kB | 231/622 kB | 91/342 kB | 5.2/12 MB[0m
2026.04.10 14:59:41 INFO  Progress (4): 294/307 kB | 231/622 kB | 91/342 kB | 5.2/12 MB[0m
2026.04.10 14:59:41 INFO  Progress (4): 294/307 kB | 231/622 kB | 91/342 kB | 5.2/12 MB[0m
2026.04.10 14:59:41 INFO  Progress (4): 294/307 kB | 231/622 kB | 91/342 kB | 5.2/12 MB[0m
2026.04.10 14:59:41 INFO  Progress (4): 294/307 kB | 231/622 kB | 91/342 kB | 5.2/12 MB[0m
2026.04.10 14:59:41 INFO  Progress (4): 294/307 kB | 231/622 kB | 95/342 kB | 5.2/12 MB[0m
2026.04.10 14:59:41 INFO  Progress (4): 294/307 kB | 231/622 kB | 95/342 kB | 5.3/12 MB[0m
2026.04.10 14:59:41 INFO  Progress (4): 294/307 kB | 231/622 kB | 95/342 kB | 5.3/12 MB[0m
2026.04.10 14:59:41 INFO  Progress (4): 294/307 kB | 231/622 kB | 95/342 kB | 5.3/12 MB[0m
2026.04.10 14:59:41 INFO  Progress (4): 294/307 kB | 231/622 kB | 95/342 kB | 5.3/12 MB[0m
2026.04.10 14:59:41 INFO  Progress (4): 294/307 kB | 231/622 kB | 95/342 kB | 5.3/12 MB[0m
2026.04.10 14:59:41 INFO  Progress (4): 294/307 kB | 231/622 kB | 95/342 kB | 5.3/12 MB[0m
2026.04.10 14:59:41 INFO  Progress (4): 294/307 kB | 231/622 kB | 95/342 kB | 5.4/12 MB[0m
2026.04.10 14:59:41 INFO  Progress (4): 294/307 kB | 231/622 kB | 95/342 kB | 5.4/12 MB[0m
2026.04.10 14:59:41 INFO  Progress (4): 294/307 kB | 231/622 kB | 95/342 kB | 5.4/12 MB[0m
2026.04.10 14:59:41 INFO  Progress (4): 294/307 kB | 231/622 kB | 95/342 kB | 5.4/12 MB[0m
2026.04.10 14:59:41 INFO  Progress (4): 294/307 kB | 231/622 kB | 95/342 kB | 5.4/12 MB[0m
2026.04.10 14:59:41 INFO  Progress (4): 294/307 kB | 231/622 kB | 95/342 kB | 5.4/12 MB[0m
2026.04.10 14:59:41 INFO  Progress (4): 294/307 kB | 231/622 kB | 95/342 kB | 5.5/12 MB[0m
2026.04.10 14:59:41 INFO  Progress (4): 294/307 kB | 231/622 kB | 95/342 kB | 5.5/12 MB[0m
2026.04.10 14:59:41 INFO  Progress (4): 294/307 kB | 231/622 kB | 95/342 kB | 5.5/12 MB[0m
2026.04.10 14:59:41 INFO  Progress (4): 294/307 kB | 231/622 kB | 95/342 kB | 5.5/12 MB[0m
2026.04.10 14:59:41 INFO  Progress (4): 294/307 kB | 231/622 kB | 95/342 kB | 5.5/12 MB[0m
2026.04.10 14:59:41 INFO  Progress (4): 294/307 kB | 231/622 kB | 95/342 kB | 5.5/12 MB[0m
2026.04.10 14:59:41 INFO  Progress (4): 294/307 kB | 231/622 kB | 95/342 kB | 5.6/12 MB[0m
2026.04.10 14:59:41 INFO  Progress (4): 294/307 kB | 231/622 kB | 95/342 kB | 5.6/12 MB[0m
2026.04.10 14:59:41 INFO  Progress (4): 294/307 kB | 231/622 kB | 95/342 kB | 5.6/12 MB[0m
2026.04.10 14:59:41 INFO  Progress (4): 294/307 kB | 231/622 kB | 95/342 kB | 5.6/12 MB[0m
2026.04.10 14:59:41 INFO  Progress (4): 294/307 kB | 231/622 kB | 95/342 kB | 5.6/12 MB[0m
2026.04.10 14:59:41 INFO  Progress (4): 294/307 kB | 231/622 kB | 100/342 kB | 5.6/12 MB[0m
2026.04.10 14:59:41 INFO  Progress (4): 294/307 kB | 248/622 kB | 100/342 kB | 5.6/12 MB[0m
2026.04.10 14:59:41 INFO  Progress (4): 294/307 kB | 248/622 kB | 100/342 kB | 5.6/12 MB[0m
2026.04.10 14:59:41 INFO  Progress (4): 294/307 kB | 248/622 kB | 100/342 kB | 5.7/12 MB[0m
2026.04.10 14:59:41 INFO  Progress (4): 294/307 kB | 248/622 kB | 100/342 kB | 5.7/12 MB[0m
2026.04.10 14:59:41 INFO  Progress (4): 294/307 kB | 248/622 kB | 100/342 kB | 5.7/12 MB[0m
2026.04.10 14:59:41 INFO  Progress (4): 294/307 kB | 248/622 kB | 100/342 kB | 5.7/12 MB[0m
2026.04.10 14:59:41 INFO  Progress (4): 294/307 kB | 248/622 kB | 100/342 kB | 5.7/12 MB[0m
2026.04.10 14:59:41 INFO  Progress (4): 294/307 kB | 248/622 kB | 100/342 kB | 5.7/12 MB[0m
2026.04.10 14:59:41 INFO  Progress (4): 294/307 kB | 248/622 kB | 100/342 kB | 5.8/12 MB[0m
2026.04.10 14:59:41 INFO  Progress (4): 294/307 kB | 248/622 kB | 100/342 kB | 5.8/12 MB[0m
2026.04.10 14:59:41 INFO  Progress (4): 294/307 kB | 248/622 kB | 100/342 kB | 5.8/12 MB[0m
2026.04.10 14:59:41 INFO  Progress (4): 294/307 kB | 248/622 kB | 100/342 kB | 5.8/12 MB[0m
2026.04.10 14:59:41 INFO  Progress (4): 294/307 kB | 248/622 kB | 100/342 kB | 5.8/12 MB[0m
2026.04.10 14:59:41 INFO  Progress (4): 294/307 kB | 248/622 kB | 100/342 kB | 5.8/12 MB[0m
2026.04.10 14:59:41 INFO  Progress (4): 294/307 kB | 248/622 kB | 100/342 kB | 5.9/12 MB[0m
2026.04.10 14:59:41 INFO  Progress (4): 294/307 kB | 248/622 kB | 100/342 kB | 5.9/12 MB[0m
2026.04.10 14:59:41 INFO  Progress (4): 294/307 kB | 248/622 kB | 100/342 kB | 5.9/12 MB[0m
2026.04.10 14:59:41 INFO  Progress (4): 294/307 kB | 248/622 kB | 100/342 kB | 5.9/12 MB[0m
2026.04.10 14:59:41 INFO  Progress (4): 294/307 kB | 248/622 kB | 100/342 kB | 5.9/12 MB[0m
2026.04.10 14:59:41 INFO  Progress (4): 294/307 kB | 248/622 kB | 100/342 kB | 5.9/12 MB[0m
2026.04.10 14:59:41 INFO  Progress (4): 294/307 kB | 248/622 kB | 100/342 kB | 6.0/12 MB[0m
2026.04.10 14:59:41 INFO  Progress (4): 294/307 kB | 248/622 kB | 104/342 kB | 6.0/12 MB[0m
2026.04.10 14:59:41 INFO  Progress (4): 294/307 kB | 248/622 kB | 104/342 kB | 6.0/12 MB[0m
2026.04.10 14:59:41 INFO  Progress (4): 294/307 kB | 248/622 kB | 104/342 kB | 6.0/12 MB[0m
2026.04.10 14:59:41 INFO  Progress (5): 294/307 kB | 248/622 kB | 104/342 kB | 6.0/12 MB | 7.7/62 kB[0m
2026.04.10 14:59:41 INFO  Progress (5): 294/307 kB | 248/622 kB | 104/342 kB | 6.0/12 MB | 12/62 kB [0m
2026.04.10 14:59:41 INFO  Progress (5): 294/307 kB | 248/622 kB | 104/342 kB | 6.0/12 MB | 12/62 kB[0m
2026.04.10 14:59:41 INFO  Progress (5): 294/307 kB | 248/622 kB | 104/342 kB | 6.0/12 MB | 12/62 kB[0m
2026.04.10 14:59:41 INFO  Progress (5): 294/307 kB | 248/622 kB | 104/342 kB | 6.0/12 MB | 29/62 kB[0m
2026.04.10 14:59:41 INFO  Progress (5): 294/307 kB | 248/622 kB | 104/342 kB | 6.0/12 MB | 29/62 kB[0m
2026.04.10 14:59:41 INFO  Progress (5): 294/307 kB | 248/622 kB | 104/342 kB | 6.0/12 MB | 45/62 kB[0m
2026.04.10 14:59:41 INFO  Progress (5): 294/307 kB | 248/622 kB | 104/342 kB | 6.0/12 MB | 61/62 kB[0m
2026.04.10 14:59:41 INFO  Progress (5): 294/307 kB | 248/622 kB | 104/342 kB | 6.0/12 MB | 62 kB   [0m
2026.04.10 14:59:41 INFO                                                                        [0m
2026.04.10 14:59:41 INFO  Downloaded from central: https://repo.maven.apache.org/maven2/org/jboss/logging/jboss-logging/3.6.1.Final/jboss-logging-3.6.1.Final.jar (62 kB at 141 kB/s)[0m
2026.04.10 14:59:41 INFO  Downloading from central: https://repo.maven.apache.org/maven2/org/hibernate/common/hibernate-commons-annotations/7.0.3.Final/hibernate-commons-annotations-7.0.3.Final.jar[0m
2026.04.10 14:59:41 INFO  Progress (4): 294/307 kB | 248/622 kB | 104/342 kB | 6.1/12 MB[0m
2026.04.10 14:59:41 INFO  Progress (4): 294/307 kB | 248/622 kB | 104/342 kB | 6.1/12 MB[0m
2026.04.10 14:59:41 INFO  Progress (4): 294/307 kB | 248/622 kB | 104/342 kB | 6.1/12 MB[0m
2026.04.10 14:59:41 INFO  Progress (4): 294/307 kB | 248/622 kB | 104/342 kB | 6.1/12 MB[0m
2026.04.10 14:59:41 INFO  Progress (4): 294/307 kB | 248/622 kB | 104/342 kB | 6.1/12 MB[0m
2026.04.10 14:59:41 INFO  Progress (4): 294/307 kB | 248/622 kB | 104/342 kB | 6.1/12 MB[0m
2026.04.10 14:59:41 INFO  Progress (4): 294/307 kB | 248/622 kB | 104/342 kB | 6.1/12 MB[0m
2026.04.10 14:59:41 INFO  Progress (4): 294/307 kB | 248/622 kB | 104/342 kB | 6.2/12 MB[0m
2026.04.10 14:59:41 INFO  Progress (4): 294/307 kB | 248/622 kB | 104/342 kB | 6.2/12 MB[0m
2026.04.10 14:59:41 INFO  Progress (4): 294/307 kB | 248/622 kB | 104/342 kB | 6.2/12 MB[0m
2026.04.10 14:59:41 INFO  Progress (4): 294/307 kB | 248/622 kB | 104/342 kB | 6.2/12 MB[0m
2026.04.10 14:59:41 INFO  Progress (4): 294/307 kB | 248/622 kB | 104/342 kB | 6.2/12 MB[0m
2026.04.10 14:59:41 INFO  Progress (4): 294/307 kB | 248/622 kB | 104/342 kB | 6.2/12 MB[0m
2026.04.10 14:59:41 INFO  Progress (4): 294/307 kB | 248/622 kB | 104/342 kB | 6.3/12 MB[0m
2026.04.10 14:59:41 INFO  Progress (4): 294/307 kB | 248/622 kB | 104/342 kB | 6.3/12 MB[0m
2026.04.10 14:59:41 INFO  Progress (4): 294/307 kB | 248/622 kB | 104/342 kB | 6.3/12 MB[0m
2026.04.10 14:59:41 INFO  Progress (4): 294/307 kB | 248/622 kB | 104/342 kB | 6.3/12 MB[0m
2026.04.10 14:59:41 INFO  Progress (4): 294/307 kB | 248/622 kB | 104/342 kB | 6.3/12 MB[0m
2026.04.10 14:59:41 INFO  Progress (4): 294/307 kB | 248/622 kB | 104/342 kB | 6.3/12 MB[0m
2026.04.10 14:59:41 INFO  Progress (4): 294/307 kB | 248/622 kB | 104/342 kB | 6.4/12 MB[0m
2026.04.10 14:59:41 INFO  Progress (4): 294/307 kB | 248/622 kB | 104/342 kB | 6.4/12 MB[0m
2026.04.10 14:59:41 INFO  Progress (4): 294/307 kB | 248/622 kB | 104/342 kB | 6.4/12 MB[0m
2026.04.10 14:59:41 INFO  Progress (4): 294/307 kB | 248/622 kB | 108/342 kB | 6.4/12 MB[0m
2026.04.10 14:59:41 INFO  Progress (4): 294/307 kB | 248/622 kB | 108/342 kB | 6.4/12 MB[0m
2026.04.10 14:59:41 INFO  Progress (4): 294/307 kB | 248/622 kB | 108/342 kB | 6.4/12 MB[0m
2026.04.10 14:59:41 INFO  Progress (4): 294/307 kB | 248/622 kB | 108/342 kB | 6.4/12 MB[0m
2026.04.10 14:59:41 INFO  Progress (4): 294/307 kB | 248/622 kB | 108/342 kB | 6.5/12 MB[0m
2026.04.10 14:59:41 INFO  Progress (4): 294/307 kB | 248/622 kB | 108/342 kB | 6.5/12 MB[0m
2026.04.10 14:59:41 INFO  Progress (4): 294/307 kB | 248/622 kB | 108/342 kB | 6.5/12 MB[0m
2026.04.10 14:59:41 INFO  Progress (4): 294/307 kB | 248/622 kB | 108/342 kB | 6.5/12 MB[0m
2026.04.10 14:59:41 INFO  Progress (4): 294/307 kB | 264/622 kB | 108/342 kB | 6.5/12 MB[0m
2026.04.10 14:59:41 INFO  Progress (4): 294/307 kB | 264/622 kB | 108/342 kB | 6.5/12 MB[0m
2026.04.10 14:59:41 INFO  Progress (4): 294/307 kB | 264/622 kB | 108/342 kB | 6.5/12 MB[0m
2026.04.10 14:59:41 INFO  Progress (4): 294/307 kB | 264/622 kB | 108/342 kB | 6.5/12 MB[0m
2026.04.10 14:59:41 INFO  Progress (4): 294/307 kB | 264/622 kB | 108/342 kB | 6.6/12 MB[0m
2026.04.10 14:59:41 INFO  Progress (4): 294/307 kB | 264/622 kB | 108/342 kB | 6.6/12 MB[0m
2026.04.10 14:59:41 INFO  Progress (4): 294/307 kB | 264/622 kB | 108/342 kB | 6.6/12 MB[0m
2026.04.10 14:59:41 INFO  Progress (4): 294/307 kB | 264/622 kB | 108/342 kB | 6.6/12 MB[0m
2026.04.10 14:59:41 INFO  Progress (4): 294/307 kB | 264/622 kB | 108/342 kB | 6.6/12 MB[0m
2026.04.10 14:59:41 INFO  Progress (4): 294/307 kB | 264/622 kB | 108/342 kB | 6.6/12 MB[0m
2026.04.10 14:59:41 INFO  Progress (4): 294/307 kB | 264/622 kB | 108/342 kB | 6.7/12 MB[0m
2026.04.10 14:59:41 INFO  Progress (4): 294/307 kB | 264/622 kB | 108/342 kB | 6.7/12 MB[0m
2026.04.10 14:59:41 INFO  Progress (4): 294/307 kB | 264/622 kB | 108/342 kB | 6.7/12 MB[0m
2026.04.10 14:59:41 INFO  Progress (4): 294/307 kB | 264/622 kB | 108/342 kB | 6.7/12 MB[0m
2026.04.10 14:59:41 INFO  Progress (4): 294/307 kB | 264/622 kB | 108/342 kB | 6.7/12 MB[0m
2026.04.10 14:59:41 INFO  Progress (4): 294/307 kB | 264/622 kB | 108/342 kB | 6.7/12 MB[0m
2026.04.10 14:59:42 INFO  Progress (4): 294/307 kB | 264/622 kB | 108/342 kB | 6.8/12 MB[0m
2026.04.10 14:59:42 INFO  Progress (4): 294/307 kB | 264/622 kB | 108/342 kB | 6.8/12 MB[0m
2026.04.10 14:59:42 INFO  Progress (4): 294/307 kB | 264/622 kB | 108/342 kB | 6.8/12 MB[0m
2026.04.10 14:59:42 INFO  Progress (4): 294/307 kB | 264/622 kB | 108/342 kB | 6.8/12 MB[0m
2026.04.10 14:59:42 INFO  Progress (4): 294/307 kB | 264/622 kB | 108/342 kB | 6.8/12 MB[0m
2026.04.10 14:59:42 INFO  Progress (4): 294/307 kB | 264/622 kB | 108/342 kB | 6.8/12 MB[0m
2026.04.10 14:59:42 INFO  Progress (4): 294/307 kB | 264/622 kB | 108/342 kB | 6.9/12 MB[0m
2026.04.10 14:59:42 INFO  Progress (4): 294/307 kB | 264/622 kB | 112/342 kB | 6.9/12 MB[0m
2026.04.10 14:59:42 INFO  Progress (4): 294/307 kB | 264/622 kB | 112/342 kB | 6.9/12 MB[0m
2026.04.10 14:59:42 INFO  Progress (4): 294/307 kB | 264/622 kB | 112/342 kB | 6.9/12 MB[0m
2026.04.10 14:59:42 INFO  Progress (4): 294/307 kB | 264/622 kB | 112/342 kB | 6.9/12 MB[0m
2026.04.10 14:59:42 INFO  Progress (4): 294/307 kB | 264/622 kB | 112/342 kB | 6.9/12 MB[0m
2026.04.10 14:59:42 INFO  Progress (4): 294/307 kB | 264/622 kB | 112/342 kB | 6.9/12 MB[0m
2026.04.10 14:59:42 INFO  Progress (4): 294/307 kB | 264/622 kB | 112/342 kB | 7.0/12 MB[0m
2026.04.10 14:59:42 INFO  Progress (4): 294/307 kB | 264/622 kB | 112/342 kB | 7.0/12 MB[0m
2026.04.10 14:59:42 INFO  Progress (4): 294/307 kB | 264/622 kB | 112/342 kB | 7.0/12 MB[0m
2026.04.10 14:59:42 INFO  Progress (4): 294/307 kB | 264/622 kB | 112/342 kB | 7.0/12 MB[0m
2026.04.10 14:59:42 INFO  Progress (4): 294/307 kB | 264/622 kB | 112/342 kB | 7.0/12 MB[0m
2026.04.10 14:59:42 INFO  Progress (4): 294/307 kB | 264/622 kB | 112/342 kB | 7.0/12 MB[0m
2026.04.10 14:59:42 INFO  Progress (4): 294/307 kB | 264/622 kB | 112/342 kB | 7.1/12 MB[0m
2026.04.10 14:59:42 INFO  Progress (4): 294/307 kB | 264/622 kB | 115/342 kB | 7.1/12 MB[0m
2026.04.10 14:59:42 INFO  Progress (4): 294/307 kB | 264/622 kB | 115/342 kB | 7.1/12 MB[0m
2026.04.10 14:59:42 INFO  Progress (4): 294/307 kB | 264/622 kB | 115/342 kB | 7.1/12 MB[0m
2026.04.10 14:59:42 INFO  Progress (4): 294/307 kB | 264/622 kB | 115/342 kB | 7.1/12 MB[0m
2026.04.10 14:59:42 INFO  Progress (4): 294/307 kB | 264/622 kB | 115/342 kB | 7.1/12 MB[0m
2026.04.10 14:59:42 INFO  Progress (4): 294/307 kB | 264/622 kB | 115/342 kB | 7.1/12 MB[0m
2026.04.10 14:59:42 INFO  Progress (4): 294/307 kB | 264/622 kB | 115/342 kB | 7.2/12 MB[0m
2026.04.10 14:59:42 INFO  Progress (4): 294/307 kB | 264/622 kB | 115/342 kB | 7.2/12 MB[0m
2026.04.10 14:59:42 INFO  Progress (4): 294/307 kB | 280/622 kB | 115/342 kB | 7.2/12 MB[0m
2026.04.10 14:59:42 INFO  Progress (4): 294/307 kB | 280/622 kB | 115/342 kB | 7.2/12 MB[0m
2026.04.10 14:59:42 INFO  Progress (4): 294/307 kB | 280/622 kB | 115/342 kB | 7.2/12 MB[0m
2026.04.10 14:59:42 INFO  Progress (4): 294/307 kB | 280/622 kB | 115/342 kB | 7.2/12 MB[0m
2026.04.10 14:59:42 INFO  Progress (5): 294/307 kB | 280/622 kB | 115/342 kB | 7.2/12 MB | 7.7/68 kB[0m
2026.04.10 14:59:42 INFO  Progress (5): 294/307 kB | 280/622 kB | 115/342 kB | 7.2/12 MB | 12/68 kB [0m
2026.04.10 14:59:42 INFO  Progress (5): 294/307 kB | 280/622 kB | 115/342 kB | 7.2/12 MB | 29/68 kB[0m
2026.04.10 14:59:42 INFO  Progress (5): 294/307 kB | 280/622 kB | 115/342 kB | 7.2/12 MB | 45/68 kB[0m
2026.04.10 14:59:42 INFO  Progress (5): 294/307 kB | 280/622 kB | 115/342 kB | 7.2/12 MB | 45/68 kB[0m
2026.04.10 14:59:42 INFO  Progress (5): 294/307 kB | 280/622 kB | 115/342 kB | 7.2/12 MB | 45/68 kB[0m
2026.04.10 14:59:42 INFO  Progress (5): 294/307 kB | 280/622 kB | 115/342 kB | 7.2/12 MB | 61/68 kB[0m
2026.04.10 14:59:42 INFO  Progress (5): 294/307 kB | 280/622 kB | 115/342 kB | 7.2/12 MB | 68 kB   [0m
2026.04.10 14:59:42 INFO                                                                        [0m
2026.04.10 14:59:42 INFO  Downloaded from central: https://repo.maven.apache.org/maven2/org/hibernate/common/hibernate-commons-annotations/7.0.3.Final/hibernate-commons-annotations-7.0.3.Final.jar (68 kB at 139 kB/s)[0m
2026.04.10 14:59:42 INFO  Downloading from central: https://repo.maven.apache.org/maven2/io/smallrye/jandex/3.2.0/jandex-3.2.0.jar[0m
2026.04.10 14:59:42 INFO  Progress (4): 294/307 kB | 280/622 kB | 115/342 kB | 7.3/12 MB[0m
2026.04.10 14:59:42 INFO  Progress (4): 294/307 kB | 280/622 kB | 115/342 kB | 7.3/12 MB[0m
2026.04.10 14:59:42 INFO  Progress (4): 294/307 kB | 280/622 kB | 115/342 kB | 7.3/12 MB[0m
2026.04.10 14:59:42 INFO  Progress (4): 294/307 kB | 280/622 kB | 115/342 kB | 7.3/12 MB[0m
2026.04.10 14:59:42 INFO  Progress (4): 294/307 kB | 280/622 kB | 115/342 kB | 7.3/12 MB[0m
2026.04.10 14:59:42 INFO  Progress (4): 294/307 kB | 280/622 kB | 115/342 kB | 7.3/12 MB[0m
2026.04.10 14:59:42 INFO  Progress (4): 294/307 kB | 280/622 kB | 115/342 kB | 7.4/12 MB[0m
2026.04.10 14:59:42 INFO  Progress (4): 294/307 kB | 280/622 kB | 115/342 kB | 7.4/12 MB[0m
2026.04.10 14:59:42 INFO  Progress (4): 294/307 kB | 280/622 kB | 115/342 kB | 7.4/12 MB[0m
2026.04.10 14:59:42 INFO  Progress (4): 294/307 kB | 280/622 kB | 115/342 kB | 7.4/12 MB[0m
2026.04.10 14:59:42 INFO  Progress (4): 294/307 kB | 280/622 kB | 115/342 kB | 7.4/12 MB[0m
2026.04.10 14:59:42 INFO  Progress (4): 294/307 kB | 280/622 kB | 119/342 kB | 7.4/12 MB[0m
2026.04.10 14:59:42 INFO  Progress (4): 294/307 kB | 287/622 kB | 119/342 kB | 7.4/12 MB[0m
2026.04.10 14:59:42 INFO  Progress (4): 294/307 kB | 287/622 kB | 119/342 kB | 7.4/12 MB[0m
2026.04.10 14:59:42 INFO  Progress (4): 307 kB | 287/622 kB | 119/342 kB | 7.4/12 MB    [0m
2026.04.10 14:59:42 INFO  Progress (4): 307 kB | 287/622 kB | 119/342 kB | 7.5/12 MB[0m
2026.04.10 14:59:42 INFO                                                            [0m
2026.04.10 14:59:42 INFO  Downloaded from central: https://repo.maven.apache.org/maven2/ch/qos/logback/logback-classic/1.5.16/logback-classic-1.5.16.jar (307 kB at 617 kB/s)[0m
2026.04.10 14:59:42 INFO  Downloading from central: https://repo.maven.apache.org/maven2/net/bytebuddy/byte-buddy/1.15.11/byte-buddy-1.15.11.jar[0m
2026.04.10 14:59:42 INFO  Progress (3): 287/622 kB | 119/342 kB | 7.5/12 MB[0m
2026.04.10 14:59:42 INFO  Progress (3): 287/622 kB | 119/342 kB | 7.5/12 MB[0m
2026.04.10 14:59:42 INFO  Progress (3): 287/622 kB | 119/342 kB | 7.5/12 MB[0m
2026.04.10 14:59:42 INFO  Progress (3): 287/622 kB | 119/342 kB | 7.5/12 MB[0m
2026.04.10 14:59:42 INFO  Progress (3): 287/622 kB | 119/342 kB | 7.5/12 MB[0m
2026.04.10 14:59:42 INFO  Progress (3): 287/622 kB | 119/342 kB | 7.6/12 MB[0m
2026.04.10 14:59:42 INFO  Progress (3): 287/622 kB | 123/342 kB | 7.6/12 MB[0m
2026.04.10 14:59:42 INFO  Progress (3): 287/622 kB | 123/342 kB | 7.6/12 MB[0m
2026.04.10 14:59:42 INFO  Progress (3): 287/622 kB | 123/342 kB | 7.6/12 MB[0m
2026.04.10 14:59:42 INFO  Progress (3): 287/622 kB | 123/342 kB | 7.6/12 MB[0m
2026.04.10 14:59:42 INFO  Progress (3): 287/622 kB | 123/342 kB | 7.6/12 MB[0m
2026.04.10 14:59:42 INFO  Progress (3): 287/622 kB | 123/342 kB | 7.6/12 MB[0m
2026.04.10 14:59:42 INFO  Progress (3): 287/622 kB | 123/342 kB | 7.6/12 MB[0m
2026.04.10 14:59:42 INFO  Progress (3): 287/622 kB | 123/342 kB | 7.7/12 MB[0m
2026.04.10 14:59:42 INFO  Progress (3): 287/622 kB | 123/342 kB | 7.7/12 MB[0m
2026.04.10 14:59:42 INFO  Progress (3): 287/622 kB | 123/342 kB | 7.7/12 MB[0m
2026.04.10 14:59:42 INFO  Progress (3): 287/622 kB | 123/342 kB | 7.7/12 MB[0m
2026.04.10 14:59:42 INFO  Progress (3): 287/622 kB | 123/342 kB | 7.7/12 MB[0m
2026.04.10 14:59:42 INFO  Progress (3): 287/622 kB | 123/342 kB | 7.7/12 MB[0m
2026.04.10 14:59:42 INFO  Progress (3): 287/622 kB | 123/342 kB | 7.8/12 MB[0m
2026.04.10 14:59:42 INFO  Progress (3): 287/622 kB | 123/342 kB | 7.8/12 MB[0m
2026.04.10 14:59:42 INFO  Progress (3): 287/622 kB | 123/342 kB | 7.8/12 MB[0m
2026.04.10 14:59:42 INFO  Progress (3): 287/622 kB | 123/342 kB | 7.8/12 MB[0m
2026.04.10 14:59:42 INFO  Progress (3): 287/622 kB | 123/342 kB | 7.8/12 MB[0m
2026.04.10 14:59:42 INFO  Progress (3): 287/622 kB | 123/342 kB | 7.8/12 MB[0m
2026.04.10 14:59:42 INFO  Progress (3): 287/622 kB | 127/342 kB | 7.8/12 MB[0m
2026.04.10 14:59:42 INFO  Progress (3): 287/622 kB | 127/342 kB | 7.9/12 MB[0m
2026.04.10 14:59:42 INFO  Progress (3): 287/622 kB | 127/342 kB | 7.9/12 MB[0m
2026.04.10 14:59:42 INFO  Progress (3): 287/622 kB | 127/342 kB | 7.9/12 MB[0m
2026.04.10 14:59:42 INFO  Progress (3): 287/622 kB | 127/342 kB | 7.9/12 MB[0m
2026.04.10 14:59:42 INFO  Progress (3): 287/622 kB | 127/342 kB | 7.9/12 MB[0m
2026.04.10 14:59:42 INFO  Progress (3): 287/622 kB | 127/342 kB | 7.9/12 MB[0m
2026.04.10 14:59:42 INFO  Progress (3): 287/622 kB | 127/342 kB | 7.9/12 MB[0m
2026.04.10 14:59:42 INFO  Progress (3): 287/622 kB | 127/342 kB | 8.0/12 MB[0m
2026.04.10 14:59:42 INFO  Progress (3): 287/622 kB | 127/342 kB | 8.0/12 MB[0m
2026.04.10 14:59:42 INFO  Progress (3): 303/622 kB | 127/342 kB | 8.0/12 MB[0m
2026.04.10 14:59:42 INFO  Progress (3): 303/622 kB | 127/342 kB | 8.0/12 MB[0m
2026.04.10 14:59:42 INFO  Progress (3): 303/622 kB | 127/342 kB | 8.0/12 MB[0m
2026.04.10 14:59:42 INFO  Progress (3): 303/622 kB | 127/342 kB | 8.0/12 MB[0m
2026.04.10 14:59:42 INFO  Progress (3): 303/622 kB | 127/342 kB | 8.0/12 MB[0m
2026.04.10 14:59:42 INFO  Progress (4): 303/622 kB | 127/342 kB | 8.0/12 MB | 7.7/375 kB[0m
2026.04.10 14:59:42 INFO  Progress (4): 303/622 kB | 127/342 kB | 8.0/12 MB | 16/375 kB [0m
2026.04.10 14:59:42 INFO  Progress (4): 303/622 kB | 127/342 kB | 8.0/12 MB | 32/375 kB[0m
2026.04.10 14:59:42 INFO  Progress (4): 303/622 kB | 127/342 kB | 8.0/12 MB | 48/375 kB[0m
2026.04.10 14:59:42 INFO  Progress (4): 303/622 kB | 127/342 kB | 8.1/12 MB | 48/375 kB[0m
2026.04.10 14:59:42 INFO  Progress (4): 303/622 kB | 127/342 kB | 8.1/12 MB | 65/375 kB[0m
2026.04.10 14:59:42 INFO  Progress (4): 303/622 kB | 127/342 kB | 8.1/12 MB | 65/375 kB[0m
2026.04.10 14:59:42 INFO  Progress (4): 303/622 kB | 127/342 kB | 8.1/12 MB | 81/375 kB[0m
2026.04.10 14:59:42 INFO  Progress (4): 303/622 kB | 127/342 kB | 8.1/12 MB | 98/375 kB[0m
2026.04.10 14:59:42 INFO  Progress (4): 303/622 kB | 127/342 kB | 8.1/12 MB | 98/375 kB[0m
2026.04.10 14:59:42 INFO  Progress (4): 303/622 kB | 127/342 kB | 8.1/12 MB | 114/375 kB[0m
2026.04.10 14:59:42 INFO  Progress (4): 303/622 kB | 127/342 kB | 8.1/12 MB | 114/375 kB[0m
2026.04.10 14:59:42 INFO  Progress (4): 303/622 kB | 127/342 kB | 8.1/12 MB | 130/375 kB[0m
2026.04.10 14:59:42 INFO  Progress (4): 303/622 kB | 127/342 kB | 8.1/12 MB | 147/375 kB[0m
2026.04.10 14:59:42 INFO  Progress (4): 303/622 kB | 127/342 kB | 8.1/12 MB | 147/375 kB[0m
2026.04.10 14:59:42 INFO  Progress (4): 303/622 kB | 127/342 kB | 8.1/12 MB | 163/375 kB[0m
2026.04.10 14:59:42 INFO  Progress (4): 303/622 kB | 127/342 kB | 8.1/12 MB | 163/375 kB[0m
2026.04.10 14:59:42 INFO  Progress (4): 303/622 kB | 127/342 kB | 8.1/12 MB | 179/375 kB[0m
2026.04.10 14:59:42 INFO  Progress (4): 303/622 kB | 127/342 kB | 8.1/12 MB | 179/375 kB[0m
2026.04.10 14:59:42 INFO  Progress (4): 303/622 kB | 127/342 kB | 8.2/12 MB | 179/375 kB[0m
2026.04.10 14:59:42 INFO  Progress (4): 303/622 kB | 132/342 kB | 8.2/12 MB | 179/375 kB[0m
2026.04.10 14:59:42 INFO  Progress (4): 303/622 kB | 132/342 kB | 8.2/12 MB | 196/375 kB[0m
2026.04.10 14:59:42 INFO  Progress (4): 303/622 kB | 132/342 kB | 8.2/12 MB | 212/375 kB[0m
2026.04.10 14:59:42 INFO  Progress (4): 303/622 kB | 132/342 kB | 8.2/12 MB | 229/375 kB[0m
2026.04.10 14:59:42 INFO  Progress (4): 303/622 kB | 132/342 kB | 8.2/12 MB | 229/375 kB[0m
2026.04.10 14:59:42 INFO  Progress (4): 303/622 kB | 132/342 kB | 8.2/12 MB | 229/375 kB[0m
2026.04.10 14:59:42 INFO  Progress (4): 303/622 kB | 132/342 kB | 8.2/12 MB | 229/375 kB[0m
2026.04.10 14:59:42 INFO  Progress (4): 303/622 kB | 132/342 kB | 8.2/12 MB | 245/375 kB[0m
2026.04.10 14:59:42 INFO  Progress (4): 303/622 kB | 132/342 kB | 8.2/12 MB | 245/375 kB[0m
2026.04.10 14:59:42 INFO  Progress (4): 303/622 kB | 132/342 kB | 8.2/12 MB | 245/375 kB[0m
2026.04.10 14:59:42 INFO  Progress (4): 303/622 kB | 132/342 kB | 8.2/12 MB | 261/375 kB[0m
2026.04.10 14:59:42 INFO  Progress (4): 303/622 kB | 132/342 kB | 8.2/12 MB | 278/375 kB[0m
2026.04.10 14:59:42 INFO  Progress (4): 303/622 kB | 132/342 kB | 8.2/12 MB | 294/375 kB[0m
2026.04.10 14:59:42 INFO  Progress (4): 303/622 kB | 132/342 kB | 8.3/12 MB | 294/375 kB[0m
2026.04.10 14:59:42 INFO  Progress (4): 303/622 kB | 132/342 kB | 8.3/12 MB | 311/375 kB[0m
2026.04.10 14:59:42 INFO  Progress (4): 303/622 kB | 132/342 kB | 8.3/12 MB | 311/375 kB[0m
2026.04.10 14:59:42 INFO  Progress (4): 303/622 kB | 132/342 kB | 8.3/12 MB | 327/375 kB[0m
2026.04.10 14:59:42 INFO  Progress (4): 303/622 kB | 132/342 kB | 8.3/12 MB | 327/375 kB[0m
2026.04.10 14:59:42 INFO  Progress (4): 303/622 kB | 132/342 kB | 8.3/12 MB | 343/375 kB[0m
2026.04.10 14:59:42 INFO  Progress (4): 303/622 kB | 132/342 kB | 8.3/12 MB | 360/375 kB[0m
2026.04.10 14:59:42 INFO  Progress (4): 303/622 kB | 132/342 kB | 8.3/12 MB | 375 kB    [0m
2026.04.10 14:59:42 INFO  Progress (4): 303/622 kB | 132/342 kB | 8.3/12 MB | 375 kB[0m
2026.04.10 14:59:42 INFO  Progress (4): 303/622 kB | 132/342 kB | 8.3/12 MB | 375 kB[0m
2026.04.10 14:59:42 INFO  Progress (4): 303/622 kB | 132/342 kB | 8.3/12 MB | 375 kB[0m
2026.04.10 14:59:42 INFO                                                            [0m
2026.04.10 14:59:42 INFO  Downloaded from central: https://repo.maven.apache.org/maven2/io/smallrye/jandex/3.2.0/jandex-3.2.0.jar (375 kB at 700 kB/s)[0m
2026.04.10 14:59:42 INFO  Downloading from central: https://repo.maven.apache.org/maven2/org/glassfish/jaxb/jaxb-runtime/4.0.5/jaxb-runtime-4.0.5.jar[0m
2026.04.10 14:59:42 INFO  Progress (3): 303/622 kB | 132/342 kB | 8.4/12 MB[0m
2026.04.10 14:59:42 INFO  Progress (3): 303/622 kB | 132/342 kB | 8.4/12 MB[0m
2026.04.10 14:59:42 INFO  Progress (3): 303/622 kB | 132/342 kB | 8.4/12 MB[0m
2026.04.10 14:59:42 INFO  Progress (3): 303/622 kB | 132/342 kB | 8.4/12 MB[0m
2026.04.10 14:59:42 INFO  Progress (3): 303/622 kB | 132/342 kB | 8.4/12 MB[0m
2026.04.10 14:59:42 INFO  Progress (3): 303/622 kB | 132/342 kB | 8.4/12 MB[0m
2026.04.10 14:59:42 INFO  Progress (3): 303/622 kB | 132/342 kB | 8.5/12 MB[0m
2026.04.10 14:59:42 INFO  Progress (3): 303/622 kB | 132/342 kB | 8.5/12 MB[0m
2026.04.10 14:59:42 INFO  Progress (3): 303/622 kB | 132/342 kB | 8.5/12 MB[0m
2026.04.10 14:59:42 INFO  Progress (3): 303/622 kB | 132/342 kB | 8.5/12 MB[0m
2026.04.10 14:59:42 INFO  Progress (3): 303/622 kB | 132/342 kB | 8.5/12 MB[0m
2026.04.10 14:59:42 INFO  Progress (3): 303/622 kB | 132/342 kB | 8.5/12 MB[0m
2026.04.10 14:59:42 INFO  Progress (3): 303/622 kB | 132/342 kB | 8.6/12 MB[0m
2026.04.10 14:59:42 INFO  Progress (4): 303/622 kB | 132/342 kB | 8.6/12 MB | 0/8.5 MB[0m
2026.04.10 14:59:42 INFO  Progress (4): 303/622 kB | 132/342 kB | 8.6/12 MB | 0/8.5 MB[0m
2026.04.10 14:59:42 INFO  Progress (4): 303/622 kB | 132/342 kB | 8.6/12 MB | 0/8.5 MB[0m
2026.04.10 14:59:42 INFO  Progress (4): 303/622 kB | 132/342 kB | 8.6/12 MB | 0/8.5 MB[0m
2026.04.10 14:59:42 INFO  Progress (4): 303/622 kB | 136/342 kB | 8.6/12 MB | 0/8.5 MB[0m
2026.04.10 14:59:42 INFO  Progress (4): 303/622 kB | 136/342 kB | 8.6/12 MB | 0/8.5 MB[0m
2026.04.10 14:59:42 INFO  Progress (4): 303/622 kB | 136/342 kB | 8.6/12 MB | 0/8.5 MB[0m
2026.04.10 14:59:42 INFO  Progress (4): 303/622 kB | 136/342 kB | 8.6/12 MB | 0/8.5 MB[0m
2026.04.10 14:59:42 INFO  Progress (4): 303/622 kB | 136/342 kB | 8.7/12 MB | 0/8.5 MB[0m
2026.04.10 14:59:42 INFO  Progress (4): 303/622 kB | 136/342 kB | 8.7/12 MB | 0/8.5 MB[0m
2026.04.10 14:59:42 INFO  Progress (4): 303/622 kB | 136/342 kB | 8.7/12 MB | 0/8.5 MB[0m
2026.04.10 14:59:42 INFO  Progress (4): 319/622 kB | 136/342 kB | 8.7/12 MB | 0/8.5 MB[0m
2026.04.10 14:59:42 INFO  Progress (4): 319/622 kB | 136/342 kB | 8.7/12 MB | 0/8.5 MB[0m
2026.04.10 14:59:42 INFO  Progress (4): 319/622 kB | 136/342 kB | 8.7/12 MB | 0/8.5 MB[0m
2026.04.10 14:59:42 INFO  Progress (4): 319/622 kB | 136/342 kB | 8.7/12 MB | 0/8.5 MB[0m
2026.04.10 14:59:42 INFO  Progress (4): 319/622 kB | 136/342 kB | 8.7/12 MB | 0/8.5 MB[0m
2026.04.10 14:59:42 INFO  Progress (4): 319/622 kB | 136/342 kB | 8.8/12 MB | 0/8.5 MB[0m
2026.04.10 14:59:42 INFO  Progress (4): 319/622 kB | 136/342 kB | 8.8/12 MB | 0/8.5 MB[0m
2026.04.10 14:59:42 INFO  Progress (4): 319/622 kB | 136/342 kB | 8.8/12 MB | 0/8.5 MB[0m
2026.04.10 14:59:42 INFO  Progress (4): 319/622 kB | 136/342 kB | 8.8/12 MB | 0/8.5 MB[0m
2026.04.10 14:59:42 INFO  Progress (4): 319/622 kB | 136/342 kB | 8.8/12 MB | 0/8.5 MB[0m
2026.04.10 14:59:42 INFO  Progress (4): 319/622 kB | 136/342 kB | 8.8/12 MB | 0/8.5 MB[0m
2026.04.10 14:59:42 INFO  Progress (4): 319/622 kB | 136/342 kB | 8.9/12 MB | 0/8.5 MB[0m
2026.04.10 14:59:42 INFO  Progress (4): 319/622 kB | 136/342 kB | 8.9/12 MB | 0/8.5 MB[0m
2026.04.10 14:59:42 INFO  Progress (4): 319/622 kB | 136/342 kB | 8.9/12 MB | 0/8.5 MB[0m
2026.04.10 14:59:42 INFO  Progress (4): 319/622 kB | 136/342 kB | 8.9/12 MB | 0/8.5 MB[0m
2026.04.10 14:59:42 INFO  Progress (4): 319/622 kB | 136/342 kB | 8.9/12 MB | 0/8.5 MB[0m
2026.04.10 14:59:42 INFO  Progress (4): 319/622 kB | 136/342 kB | 8.9/12 MB | 0/8.5 MB[0m
2026.04.10 14:59:42 INFO  Progress (4): 319/622 kB | 136/342 kB | 9.0/12 MB | 0/8.5 MB[0m
2026.04.10 14:59:42 INFO  Progress (4): 319/622 kB | 136/342 kB | 9.0/12 MB | 0/8.5 MB[0m
2026.04.10 14:59:42 INFO  Progress (4): 319/622 kB | 136/342 kB | 9.0/12 MB | 0/8.5 MB[0m
2026.04.10 14:59:42 INFO  Progress (4): 319/622 kB | 136/342 kB | 9.0/12 MB | 0/8.5 MB[0m
2026.04.10 14:59:42 INFO  Progress (4): 319/622 kB | 140/342 kB | 9.0/12 MB | 0/8.5 MB[0m
2026.04.10 14:59:42 INFO  Progress (4): 319/622 kB | 140/342 kB | 9.0/12 MB | 0/8.5 MB[0m
2026.04.10 14:59:42 INFO  Progress (4): 319/622 kB | 140/342 kB | 9.0/12 MB | 0/8.5 MB[0m
2026.04.10 14:59:42 INFO  Progress (4): 319/622 kB | 144/342 kB | 9.0/12 MB | 0/8.5 MB[0m
2026.04.10 14:59:42 INFO  Progress (4): 319/622 kB | 144/342 kB | 9.1/12 MB | 0/8.5 MB[0m
2026.04.10 14:59:42 INFO  Progress (4): 319/622 kB | 144/342 kB | 9.1/12 MB | 0/8.5 MB[0m
2026.04.10 14:59:42 INFO  Progress (4): 319/622 kB | 144/342 kB | 9.1/12 MB | 0/8.5 MB[0m
2026.04.10 14:59:42 INFO  Progress (4): 319/622 kB | 144/342 kB | 9.1/12 MB | 0/8.5 MB[0m
2026.04.10 14:59:42 INFO  Progress (4): 319/622 kB | 144/342 kB | 9.1/12 MB | 0/8.5 MB[0m
2026.04.10 14:59:42 INFO  Progress (4): 319/622 kB | 144/342 kB | 9.1/12 MB | 0/8.5 MB[0m
2026.04.10 14:59:42 INFO  Progress (4): 319/622 kB | 144/342 kB | 9.1/12 MB | 0/8.5 MB[0m
2026.04.10 14:59:42 INFO  Progress (4): 319/622 kB | 144/342 kB | 9.1/12 MB | 0.1/8.5 MB[0m
2026.04.10 14:59:42 INFO  Progress (4): 319/622 kB | 144/342 kB | 9.1/12 MB | 0.1/8.5 MB[0m
2026.04.10 14:59:42 INFO  Progress (4): 319/622 kB | 144/342 kB | 9.2/12 MB | 0.1/8.5 MB[0m
2026.04.10 14:59:42 INFO  Progress (4): 319/622 kB | 144/342 kB | 9.2/12 MB | 0.1/8.5 MB[0m
2026.04.10 14:59:42 INFO  Progress (4): 319/622 kB | 144/342 kB | 9.2/12 MB | 0.1/8.5 MB[0m
2026.04.10 14:59:42 INFO  Progress (4): 319/622 kB | 144/342 kB | 9.2/12 MB | 0.1/8.5 MB[0m
2026.04.10 14:59:42 INFO  Progress (4): 319/622 kB | 144/342 kB | 9.2/12 MB | 0.1/8.5 MB[0m
2026.04.10 14:59:42 INFO  Progress (4): 319/622 kB | 144/342 kB | 9.2/12 MB | 0.1/8.5 MB[0m
2026.04.10 14:59:42 INFO  Progress (4): 336/622 kB | 144/342 kB | 9.2/12 MB | 0.1/8.5 MB[0m
2026.04.10 14:59:42 INFO  Progress (4): 336/622 kB | 144/342 kB | 9.3/12 MB | 0.1/8.5 MB[0m
2026.04.10 14:59:42 INFO  Progress (4): 336/622 kB | 144/342 kB | 9.3/12 MB | 0.1/8.5 MB[0m
2026.04.10 14:59:42 INFO  Progress (4): 336/622 kB | 144/342 kB | 9.3/12 MB | 0.1/8.5 MB[0m
2026.04.10 14:59:42 INFO  Progress (4): 336/622 kB | 144/342 kB | 9.3/12 MB | 0.1/8.5 MB[0m
2026.04.10 14:59:42 INFO  Progress (4): 336/622 kB | 149/342 kB | 9.3/12 MB | 0.1/8.5 MB[0m
2026.04.10 14:59:42 INFO  Progress (4): 336/622 kB | 149/342 kB | 9.3/12 MB | 0.1/8.5 MB[0m
2026.04.10 14:59:42 INFO  Progress (4): 336/622 kB | 149/342 kB | 9.3/12 MB | 0.1/8.5 MB[0m
2026.04.10 14:59:42 INFO  Progress (4): 336/622 kB | 149/342 kB | 9.3/12 MB | 0.1/8.5 MB[0m
2026.04.10 14:59:42 INFO  Progress (4): 336/622 kB | 149/342 kB | 9.4/12 MB | 0.1/8.5 MB[0m
2026.04.10 14:59:42 INFO  Progress (4): 336/622 kB | 149/342 kB | 9.4/12 MB | 0.1/8.5 MB[0m
2026.04.10 14:59:42 INFO  Progress (4): 336/622 kB | 149/342 kB | 9.4/12 MB | 0.1/8.5 MB[0m
2026.04.10 14:59:42 INFO  Progress (4): 336/622 kB | 149/342 kB | 9.4/12 MB | 0.1/8.5 MB[0m
2026.04.10 14:59:42 INFO  Progress (4): 336/622 kB | 149/342 kB | 9.4/12 MB | 0.1/8.5 MB[0m
2026.04.10 14:59:42 INFO  Progress (4): 336/622 kB | 149/342 kB | 9.4/12 MB | 0.1/8.5 MB[0m
2026.04.10 14:59:42 INFO  Progress (4): 336/622 kB | 149/342 kB | 9.5/12 MB | 0.1/8.5 MB[0m
2026.04.10 14:59:42 INFO  Progress (4): 336/622 kB | 149/342 kB | 9.5/12 MB | 0.1/8.5 MB[0m
2026.04.10 14:59:42 INFO  Progress (4): 336/622 kB | 149/342 kB | 9.5/12 MB | 0.1/8.5 MB[0m
2026.04.10 14:59:42 INFO  Progress (4): 336/622 kB | 149/342 kB | 9.5/12 MB | 0.1/8.5 MB[0m
2026.04.10 14:59:42 INFO  Progress (4): 336/622 kB | 149/342 kB | 9.5/12 MB | 0.1/8.5 MB[0m
2026.04.10 14:59:42 INFO  Progress (4): 336/622 kB | 149/342 kB | 9.5/12 MB | 0.1/8.5 MB[0m
2026.04.10 14:59:42 INFO  Progress (4): 336/622 kB | 149/342 kB | 9.5/12 MB | 0.1/8.5 MB[0m
2026.04.10 14:59:42 INFO  Progress (4): 336/622 kB | 149/342 kB | 9.6/12 MB | 0.1/8.5 MB[0m
2026.04.10 14:59:42 INFO  Progress (4): 336/622 kB | 149/342 kB | 9.6/12 MB | 0.1/8.5 MB[0m
2026.04.10 14:59:42 INFO  Progress (4): 336/622 kB | 149/342 kB | 9.6/12 MB | 0.1/8.5 MB[0m
2026.04.10 14:59:42 INFO  Progress (4): 336/622 kB | 149/342 kB | 9.6/12 MB | 0.1/8.5 MB[0m
2026.04.10 14:59:42 INFO  Progress (4): 336/622 kB | 149/342 kB | 9.6/12 MB | 0.1/8.5 MB[0m
2026.04.10 14:59:42 INFO  Progress (4): 336/622 kB | 149/342 kB | 9.6/12 MB | 0.1/8.5 MB[0m
2026.04.10 14:59:42 INFO  Progress (4): 336/622 kB | 149/342 kB | 9.6/12 MB | 0.1/8.5 MB[0m
2026.04.10 14:59:42 INFO  Progress (4): 336/622 kB | 149/342 kB | 9.7/12 MB | 0.1/8.5 MB[0m
2026.04.10 14:59:42 INFO  Progress (5): 336/622 kB | 149/342 kB | 9.7/12 MB | 0.1/8.5 MB | 7.7/920 kB[0m
2026.04.10 14:59:42 INFO  Progress (5): 336/622 kB | 149/342 kB | 9.7/12 MB | 0.1/8.5 MB | 16/920 kB [0m
2026.04.10 14:59:42 INFO  Progress (5): 336/622 kB | 149/342 kB | 9.7/12 MB | 0.1/8.5 MB | 25/920 kB[0m
2026.04.10 14:59:42 INFO  Progress (5): 336/622 kB | 149/342 kB | 9.7/12 MB | 0.1/8.5 MB | 41/920 kB[0m
2026.04.10 14:59:42 INFO  Progress (5): 336/622 kB | 149/342 kB | 9.7/12 MB | 0.1/8.5 MB | 41/920 kB[0m
2026.04.10 14:59:42 INFO  Progress (5): 336/622 kB | 149/342 kB | 9.7/12 MB | 0.1/8.5 MB | 57/920 kB[0m
2026.04.10 14:59:42 INFO  Progress (5): 336/622 kB | 149/342 kB | 9.7/12 MB | 0.1/8.5 MB | 57/920 kB[0m
2026.04.10 14:59:42 INFO  Progress (5): 336/622 kB | 149/342 kB | 9.7/12 MB | 0.1/8.5 MB | 74/920 kB[0m
2026.04.10 14:59:42 INFO  Progress (5): 336/622 kB | 149/342 kB | 9.7/12 MB | 0.1/8.5 MB | 74/920 kB[0m
2026.04.10 14:59:42 INFO  Progress (5): 336/622 kB | 149/342 kB | 9.7/12 MB | 0.1/8.5 MB | 90/920 kB[0m
2026.04.10 14:59:42 INFO  Progress (5): 336/622 kB | 149/342 kB | 9.7/12 MB | 0.1/8.5 MB | 90/920 kB[0m
2026.04.10 14:59:42 INFO  Progress (5): 336/622 kB | 149/342 kB | 9.7/12 MB | 0.1/8.5 MB | 106/920 kB[0m
2026.04.10 14:59:42 INFO  Progress (5): 336/622 kB | 149/342 kB | 9.7/12 MB | 0.1/8.5 MB | 106/920 kB[0m
2026.04.10 14:59:42 INFO  Progress (5): 336/622 kB | 149/342 kB | 9.7/12 MB | 0.1/8.5 MB | 123/920 kB[0m
2026.04.10 14:59:42 INFO  Progress (5): 336/622 kB | 149/342 kB | 9.7/12 MB | 0.1/8.5 MB | 123/920 kB[0m
2026.04.10 14:59:42 INFO  Progress (5): 336/622 kB | 153/342 kB | 9.7/12 MB | 0.1/8.5 MB | 123/920 kB[0m
2026.04.10 14:59:42 INFO  Progress (5): 336/622 kB | 153/342 kB | 9.7/12 MB | 0.1/8.5 MB | 139/920 kB[0m
2026.04.10 14:59:42 INFO  Progress (5): 336/622 kB | 153/342 kB | 9.8/12 MB | 0.1/8.5 MB | 139/920 kB[0m
2026.04.10 14:59:42 INFO  Progress (5): 336/622 kB | 153/342 kB | 9.8/12 MB | 0.1/8.5 MB | 156/920 kB[0m
2026.04.10 14:59:42 INFO  Progress (5): 336/622 kB | 153/342 kB | 9.8/12 MB | 0.1/8.5 MB | 156/920 kB[0m
2026.04.10 14:59:42 INFO  Progress (5): 336/622 kB | 153/342 kB | 9.8/12 MB | 0.1/8.5 MB | 172/920 kB[0m
2026.04.10 14:59:42 INFO  Progress (5): 336/622 kB | 153/342 kB | 9.8/12 MB | 0.1/8.5 MB | 172/920 kB[0m
2026.04.10 14:59:42 INFO  Progress (5): 336/622 kB | 153/342 kB | 9.8/12 MB | 0.1/8.5 MB | 172/920 kB[0m
2026.04.10 14:59:42 INFO  Progress (5): 336/622 kB | 153/342 kB | 9.8/12 MB | 0.1/8.5 MB | 188/920 kB[0m
2026.04.10 14:59:42 INFO  Progress (5): 336/622 kB | 153/342 kB | 9.8/12 MB | 0.1/8.5 MB | 205/920 kB[0m
2026.04.10 14:59:42 INFO  Progress (5): 336/622 kB | 153/342 kB | 9.8/12 MB | 0.1/8.5 MB | 205/920 kB[0m
2026.04.10 14:59:42 INFO  Progress (5): 336/622 kB | 153/342 kB | 9.8/12 MB | 0.1/8.5 MB | 205/920 kB[0m
2026.04.10 14:59:42 INFO  Progress (5): 336/622 kB | 153/342 kB | 9.8/12 MB | 0.1/8.5 MB | 221/920 kB[0m
2026.04.10 14:59:42 INFO  Progress (5): 336/622 kB | 153/342 kB | 9.8/12 MB | 0.1/8.5 MB | 238/920 kB[0m
2026.04.10 14:59:42 INFO  Progress (5): 336/622 kB | 153/342 kB | 9.8/12 MB | 0.1/8.5 MB | 254/920 kB[0m
2026.04.10 14:59:42 INFO  Progress (5): 336/622 kB | 153/342 kB | 9.9/12 MB | 0.1/8.5 MB | 254/920 kB[0m
2026.04.10 14:59:42 INFO  Progress (5): 336/622 kB | 153/342 kB | 9.9/12 MB | 0.1/8.5 MB | 270/920 kB[0m
2026.04.10 14:59:42 INFO  Progress (5): 336/622 kB | 153/342 kB | 9.9/12 MB | 0.1/8.5 MB | 287/920 kB[0m
2026.04.10 14:59:42 INFO  Progress (5): 336/622 kB | 153/342 kB | 9.9/12 MB | 0.1/8.5 MB | 287/920 kB[0m
2026.04.10 14:59:42 INFO  Progress (5): 336/622 kB | 153/342 kB | 9.9/12 MB | 0.1/8.5 MB | 287/920 kB[0m
2026.04.10 14:59:42 INFO  Progress (5): 336/622 kB | 153/342 kB | 9.9/12 MB | 0.1/8.5 MB | 287/920 kB[0m
2026.04.10 14:59:42 INFO  Progress (5): 336/622 kB | 153/342 kB | 9.9/12 MB | 0.1/8.5 MB | 303/920 kB[0m
2026.04.10 14:59:42 INFO  Progress (5): 336/622 kB | 153/342 kB | 9.9/12 MB | 0.1/8.5 MB | 303/920 kB[0m
2026.04.10 14:59:42 INFO  Progress (5): 336/622 kB | 153/342 kB | 9.9/12 MB | 0.1/8.5 MB | 319/920 kB[0m
2026.04.10 14:59:42 INFO  Progress (5): 336/622 kB | 153/342 kB | 9.9/12 MB | 0.1/8.5 MB | 319/920 kB[0m
2026.04.10 14:59:42 INFO  Progress (5): 336/622 kB | 153/342 kB | 9.9/12 MB | 0.1/8.5 MB | 336/920 kB[0m
2026.04.10 14:59:42 INFO  Progress (5): 336/622 kB | 153/342 kB | 9.9/12 MB | 0.1/8.5 MB | 342/920 kB[0m
2026.04.10 14:59:42 INFO  Progress (5): 336/622 kB | 153/342 kB | 9.9/12 MB | 0.1/8.5 MB | 359/920 kB[0m
2026.04.10 14:59:42 INFO  Progress (5): 336/622 kB | 153/342 kB | 9.9/12 MB | 0.1/8.5 MB | 359/920 kB[0m
2026.04.10 14:59:42 INFO  Progress (5): 336/622 kB | 153/342 kB | 9.9/12 MB | 0.1/8.5 MB | 375/920 kB[0m
2026.04.10 14:59:42 INFO  Progress (5): 336/622 kB | 153/342 kB | 9.9/12 MB | 0.1/8.5 MB | 391/920 kB[0m
2026.04.10 14:59:42 INFO  Progress (5): 336/622 kB | 153/342 kB | 10.0/12 MB | 0.1/8.5 MB | 391/920 kB[0m
2026.04.10 14:59:42 INFO  Progress (5): 336/622 kB | 153/342 kB | 10.0/12 MB | 0.1/8.5 MB | 408/920 kB[0m
2026.04.10 14:59:42 INFO  Progress (5): 336/622 kB | 153/342 kB | 10.0/12 MB | 0.1/8.5 MB | 408/920 kB[0m
2026.04.10 14:59:42 INFO  Progress (5): 336/622 kB | 153/342 kB | 10.0/12 MB | 0.1/8.5 MB | 424/920 kB[0m
2026.04.10 14:59:42 INFO  Progress (5): 336/622 kB | 153/342 kB | 10.0/12 MB | 0.1/8.5 MB | 424/920 kB[0m
2026.04.10 14:59:42 INFO  Progress (5): 336/622 kB | 153/342 kB | 10/12 MB | 0.1/8.5 MB | 424/920 kB  [0m
2026.04.10 14:59:42 INFO  Progress (5): 336/622 kB | 153/342 kB | 10/12 MB | 0.1/8.5 MB | 440/920 kB[0m
2026.04.10 14:59:42 INFO  Progress (5): 336/622 kB | 153/342 kB | 10/12 MB | 0.1/8.5 MB | 440/920 kB[0m
2026.04.10 14:59:42 INFO  Progress (5): 336/622 kB | 153/342 kB | 10/12 MB | 0.1/8.5 MB | 457/920 kB[0m
2026.04.10 14:59:42 INFO  Progress (5): 336/622 kB | 153/342 kB | 10/12 MB | 0.1/8.5 MB | 457/920 kB[0m
2026.04.10 14:59:42 INFO  Progress (5): 336/622 kB | 153/342 kB | 10/12 MB | 0.1/8.5 MB | 473/920 kB[0m
2026.04.10 14:59:42 INFO  Progress (5): 336/622 kB | 153/342 kB | 10/12 MB | 0.1/8.5 MB | 473/920 kB[0m
2026.04.10 14:59:42 INFO  Progress (5): 336/622 kB | 153/342 kB | 10/12 MB | 0.1/8.5 MB | 490/920 kB[0m
2026.04.10 14:59:42 INFO  Progress (5): 336/622 kB | 153/342 kB | 10/12 MB | 0.1/8.5 MB | 506/920 kB[0m
2026.04.10 14:59:42 INFO  Progress (5): 336/622 kB | 153/342 kB | 10/12 MB | 0.1/8.5 MB | 506/920 kB[0m
2026.04.10 14:59:42 INFO  Progress (5): 352/622 kB | 153/342 kB | 10/12 MB | 0.1/8.5 MB | 506/920 kB[0m
2026.04.10 14:59:42 INFO  Progress (5): 352/622 kB | 153/342 kB | 10/12 MB | 0.1/8.5 MB | 522/920 kB[0m
2026.04.10 14:59:42 INFO  Progress (5): 352/622 kB | 153/342 kB | 10/12 MB | 0.1/8.5 MB | 522/920 kB[0m
2026.04.10 14:59:42 INFO  Progress (5): 352/622 kB | 153/342 kB | 10/12 MB | 0.1/8.5 MB | 539/920 kB[0m
2026.04.10 14:59:42 INFO  Progress (5): 352/622 kB | 153/342 kB | 10/12 MB | 0.1/8.5 MB | 539/920 kB[0m
2026.04.10 14:59:42 INFO  Progress (5): 352/622 kB | 153/342 kB | 10/12 MB | 0.1/8.5 MB | 555/920 kB[0m
2026.04.10 14:59:42 INFO  Progress (5): 352/622 kB | 153/342 kB | 10/12 MB | 0.1/8.5 MB | 555/920 kB[0m
2026.04.10 14:59:42 INFO  Progress (5): 352/622 kB | 153/342 kB | 10/12 MB | 0.1/8.5 MB | 572/920 kB[0m
2026.04.10 14:59:42 INFO  Progress (5): 352/622 kB | 153/342 kB | 10/12 MB | 0.1/8.5 MB | 572/920 kB[0m
2026.04.10 14:59:42 INFO  Progress (5): 352/622 kB | 153/342 kB | 10/12 MB | 0.1/8.5 MB | 588/920 kB[0m
2026.04.10 14:59:42 INFO  Progress (5): 352/622 kB | 153/342 kB | 10/12 MB | 0.1/8.5 MB | 588/920 kB[0m
2026.04.10 14:59:42 INFO  Progress (5): 352/622 kB | 153/342 kB | 10/12 MB | 0.1/8.5 MB | 604/920 kB[0m
2026.04.10 14:59:42 INFO  Progress (5): 352/622 kB | 153/342 kB | 10/12 MB | 0.1/8.5 MB | 604/920 kB[0m
2026.04.10 14:59:42 INFO  Progress (5): 352/622 kB | 153/342 kB | 10/12 MB | 0.1/8.5 MB | 621/920 kB[0m
2026.04.10 14:59:42 INFO  Progress (5): 352/622 kB | 153/342 kB | 10/12 MB | 0.1/8.5 MB | 637/920 kB[0m
2026.04.10 14:59:42 INFO  Progress (5): 352/622 kB | 153/342 kB | 10/12 MB | 0.1/8.5 MB | 653/920 kB[0m
2026.04.10 14:59:42 INFO  Progress (5): 352/622 kB | 157/342 kB | 10/12 MB | 0.1/8.5 MB | 653/920 kB[0m
2026.04.10 14:59:42 INFO  Progress (5): 352/622 kB | 157/342 kB | 10/12 MB | 0.1/8.5 MB | 653/920 kB[0m
2026.04.10 14:59:42 INFO  Progress (5): 352/622 kB | 157/342 kB | 10/12 MB | 0.1/8.5 MB | 670/920 kB[0m
2026.04.10 14:59:42 INFO  Progress (5): 352/622 kB | 157/342 kB | 10/12 MB | 0.1/8.5 MB | 671/920 kB[0m
2026.04.10 14:59:42 INFO  Progress (5): 352/622 kB | 157/342 kB | 10/12 MB | 0.1/8.5 MB | 687/920 kB[0m
2026.04.10 14:59:42 INFO  Progress (5): 352/622 kB | 157/342 kB | 10/12 MB | 0.1/8.5 MB | 704/920 kB[0m
2026.04.10 14:59:42 INFO  Progress (5): 352/622 kB | 157/342 kB | 10/12 MB | 0.1/8.5 MB | 720/920 kB[0m
2026.04.10 14:59:42 INFO  Progress (5): 352/622 kB | 157/342 kB | 10/12 MB | 0.1/8.5 MB | 737/920 kB[0m
2026.04.10 14:59:42 INFO  Progress (5): 352/622 kB | 157/342 kB | 10/12 MB | 0.1/8.5 MB | 753/920 kB[0m
2026.04.10 14:59:42 INFO  Progress (5): 352/622 kB | 157/342 kB | 10/12 MB | 0.1/8.5 MB | 769/920 kB[0m
2026.04.10 14:59:42 INFO  Progress (5): 352/622 kB | 157/342 kB | 10/12 MB | 0.1/8.5 MB | 786/920 kB[0m
2026.04.10 14:59:42 INFO  Progress (5): 352/622 kB | 157/342 kB | 10/12 MB | 0.1/8.5 MB | 802/920 kB[0m
2026.04.10 14:59:42 INFO  Progress (5): 352/622 kB | 157/342 kB | 10/12 MB | 0.1/8.5 MB | 818/920 kB[0m
2026.04.10 14:59:42 INFO  Progress (5): 352/622 kB | 157/342 kB | 10/12 MB | 0.1/8.5 MB | 835/920 kB[0m
2026.04.10 14:59:42 INFO  Progress (5): 352/622 kB | 157/342 kB | 10/12 MB | 0.1/8.5 MB | 851/920 kB[0m
2026.04.10 14:59:42 INFO  Progress (5): 352/622 kB | 157/342 kB | 10/12 MB | 0.1/8.5 MB | 868/920 kB[0m
2026.04.10 14:59:42 INFO  Progress (5): 352/622 kB | 157/342 kB | 10/12 MB | 0.1/8.5 MB | 884/920 kB[0m
2026.04.10 14:59:42 INFO  Progress (5): 352/622 kB | 157/342 kB | 10/12 MB | 0.1/8.5 MB | 890/920 kB[0m
2026.04.10 14:59:42 INFO  Progress (5): 352/622 kB | 157/342 kB | 10/12 MB | 0.1/8.5 MB | 907/920 kB[0m
2026.04.10 14:59:42 INFO  Progress (5): 352/622 kB | 161/342 kB | 10/12 MB | 0.1/8.5 MB | 907/920 kB[0m
2026.04.10 14:59:42 INFO  Progress (5): 352/622 kB | 161/342 kB | 10/12 MB | 0.1/8.5 MB | 920 kB    [0m
2026.04.10 14:59:42 INFO  Progress (5): 352/622 kB | 161/342 kB | 10/12 MB | 0.1/8.5 MB | 920 kB[0m
2026.04.10 14:59:42 INFO  Progress (5): 352/622 kB | 161/342 kB | 10/12 MB | 0.1/8.5 MB | 920 kB[0m
2026.04.10 14:59:42 INFO  Progress (5): 352/622 kB | 161/342 kB | 10/12 MB | 0.1/8.5 MB | 920 kB[0m
2026.04.10 14:59:42 INFO                                                                        [0m
2026.04.10 14:59:42 INFO  Downloaded from central: https://repo.maven.apache.org/maven2/org/glassfish/jaxb/jaxb-runtime/4.0.5/jaxb-runtime-4.0.5.jar (920 kB at 1.5 MB/s)[0m
2026.04.10 14:59:42 INFO  Downloading from central: https://repo.maven.apache.org/maven2/org/glassfish/jaxb/jaxb-core/4.0.5/jaxb-core-4.0.5.jar[0m
2026.04.10 14:59:42 INFO  Progress (4): 352/622 kB | 161/342 kB | 10/12 MB | 0.1/8.5 MB[0m
2026.04.10 14:59:42 INFO  Progress (4): 352/622 kB | 161/342 kB | 10/12 MB | 0.1/8.5 MB[0m
2026.04.10 14:59:42 INFO  Progress (4): 352/622 kB | 161/342 kB | 10/12 MB | 0.1/8.5 MB[0m
2026.04.10 14:59:42 INFO  Progress (4): 352/622 kB | 161/342 kB | 10/12 MB | 0.1/8.5 MB[0m
2026.04.10 14:59:42 INFO  Progress (4): 352/622 kB | 161/342 kB | 10/12 MB | 0.1/8.5 MB[0m
2026.04.10 14:59:42 INFO  Progress (4): 352/622 kB | 164/342 kB | 10/12 MB | 0.1/8.5 MB[0m
2026.04.10 14:59:42 INFO  Progress (4): 352/622 kB | 164/342 kB | 10/12 MB | 0.1/8.5 MB[0m
2026.04.10 14:59:42 INFO  Progress (4): 352/622 kB | 164/342 kB | 10/12 MB | 0.1/8.5 MB[0m
2026.04.10 14:59:42 INFO  Progress (4): 352/622 kB | 164/342 kB | 10/12 MB | 0.1/8.5 MB[0m
2026.04.10 14:59:42 INFO  Progress (4): 352/622 kB | 164/342 kB | 10/12 MB | 0.1/8.5 MB[0m
2026.04.10 14:59:42 INFO  Progress (4): 352/622 kB | 164/342 kB | 10/12 MB | 0.1/8.5 MB[0m
2026.04.10 14:59:42 INFO  Progress (4): 352/622 kB | 164/342 kB | 10/12 MB | 0.1/8.5 MB[0m
2026.04.10 14:59:42 INFO  Progress (4): 352/622 kB | 164/342 kB | 10/12 MB | 0.1/8.5 MB[0m
2026.04.10 14:59:42 INFO  Progress (4): 352/622 kB | 164/342 kB | 10/12 MB | 0.1/8.5 MB[0m
2026.04.10 14:59:42 INFO  Progress (4): 352/622 kB | 164/342 kB | 10/12 MB | 0.1/8.5 MB[0m
2026.04.10 14:59:42 INFO  Progress (4): 352/622 kB | 164/342 kB | 10/12 MB | 0.1/8.5 MB[0m
2026.04.10 14:59:42 INFO  Progress (4): 352/622 kB | 164/342 kB | 10/12 MB | 0.1/8.5 MB[0m
2026.04.10 14:59:42 INFO  Progress (4): 352/622 kB | 164/342 kB | 10/12 MB | 0.1/8.5 MB[0m
2026.04.10 14:59:42 INFO  Progress (4): 352/622 kB | 164/342 kB | 10/12 MB | 0.2/8.5 MB[0m
2026.04.10 14:59:42 INFO  Progress (4): 352/622 kB | 164/342 kB | 10/12 MB | 0.2/8.5 MB[0m
2026.04.10 14:59:42 INFO  Progress (4): 352/622 kB | 164/342 kB | 11/12 MB | 0.2/8.5 MB[0m
2026.04.10 14:59:42 INFO  Progress (4): 352/622 kB | 164/342 kB | 11/12 MB | 0.2/8.5 MB[0m
2026.04.10 14:59:42 INFO  Progress (4): 352/622 kB | 164/342 kB | 11/12 MB | 0.2/8.5 MB[0m
2026.04.10 14:59:42 INFO  Progress (4): 369/622 kB | 164/342 kB | 11/12 MB | 0.2/8.5 MB[0m
2026.04.10 14:59:42 INFO  Progress (4): 369/622 kB | 164/342 kB | 11/12 MB | 0.2/8.5 MB[0m
2026.04.10 14:59:42 INFO  Progress (4): 369/622 kB | 164/342 kB | 11/12 MB | 0.2/8.5 MB[0m
2026.04.10 14:59:42 INFO  Progress (4): 369/622 kB | 164/342 kB | 11/12 MB | 0.2/8.5 MB[0m
2026.04.10 14:59:42 INFO  Progress (4): 369/622 kB | 168/342 kB | 11/12 MB | 0.2/8.5 MB[0m
2026.04.10 14:59:42 INFO  Progress (4): 369/622 kB | 168/342 kB | 11/12 MB | 0.2/8.5 MB[0m
2026.04.10 14:59:42 INFO  Progress (4): 369/622 kB | 168/342 kB | 11/12 MB | 0.2/8.5 MB[0m
2026.04.10 14:59:42 INFO  Progress (4): 369/622 kB | 168/342 kB | 11/12 MB | 0.2/8.5 MB[0m
2026.04.10 14:59:42 INFO  Progress (4): 369/622 kB | 168/342 kB | 11/12 MB | 0.2/8.5 MB[0m
2026.04.10 14:59:42 INFO  Progress (4): 369/622 kB | 168/342 kB | 11/12 MB | 0.2/8.5 MB[0m
2026.04.10 14:59:42 INFO  Progress (4): 369/622 kB | 168/342 kB | 11/12 MB | 0.2/8.5 MB[0m
2026.04.10 14:59:42 INFO  Progress (4): 369/622 kB | 168/342 kB | 11/12 MB | 0.2/8.5 MB[0m
2026.04.10 14:59:42 INFO  Progress (4): 369/622 kB | 168/342 kB | 11/12 MB | 0.2/8.5 MB[0m
2026.04.10 14:59:42 INFO  Progress (4): 369/622 kB | 168/342 kB | 11/12 MB | 0.2/8.5 MB[0m
2026.04.10 14:59:42 INFO  Progress (4): 369/622 kB | 168/342 kB | 11/12 MB | 0.2/8.5 MB[0m
2026.04.10 14:59:42 INFO  Progress (4): 369/622 kB | 168/342 kB | 11/12 MB | 0.2/8.5 MB[0m
2026.04.10 14:59:42 INFO  Progress (4): 369/622 kB | 168/342 kB | 11/12 MB | 0.2/8.5 MB[0m
2026.04.10 14:59:42 INFO  Progress (4): 369/622 kB | 168/342 kB | 11/12 MB | 0.2/8.5 MB[0m
2026.04.10 14:59:42 INFO  Progress (4): 369/622 kB | 168/342 kB | 11/12 MB | 0.2/8.5 MB[0m
2026.04.10 14:59:42 INFO  Progress (4): 369/622 kB | 168/342 kB | 11/12 MB | 0.2/8.5 MB[0m
2026.04.10 14:59:42 INFO  Progress (4): 369/622 kB | 168/342 kB | 11/12 MB | 0.2/8.5 MB[0m
2026.04.10 14:59:42 INFO  Progress (4): 369/622 kB | 168/342 kB | 11/12 MB | 0.2/8.5 MB[0m
2026.04.10 14:59:42 INFO  Progress (4): 369/622 kB | 168/342 kB | 11/12 MB | 0.2/8.5 MB[0m
2026.04.10 14:59:42 INFO  Progress (4): 369/622 kB | 168/342 kB | 11/12 MB | 0.2/8.5 MB[0m
2026.04.10 14:59:42 INFO  Progress (4): 369/622 kB | 168/342 kB | 11/12 MB | 0.2/8.5 MB[0m
2026.04.10 14:59:42 INFO  Progress (4): 369/622 kB | 168/342 kB | 11/12 MB | 0.2/8.5 MB[0m
2026.04.10 14:59:42 INFO  Progress (4): 369/622 kB | 168/342 kB | 11/12 MB | 0.2/8.5 MB[0m
2026.04.10 14:59:42 INFO  Progress (4): 369/622 kB | 168/342 kB | 11/12 MB | 0.2/8.5 MB[0m
2026.04.10 14:59:42 INFO  Progress (4): 369/622 kB | 168/342 kB | 11/12 MB | 0.2/8.5 MB[0m
2026.04.10 14:59:42 INFO  Progress (4): 369/622 kB | 172/342 kB | 11/12 MB | 0.2/8.5 MB[0m
2026.04.10 14:59:42 INFO  Progress (4): 369/622 kB | 172/342 kB | 11/12 MB | 0.2/8.5 MB[0m
2026.04.10 14:59:42 INFO  Progress (4): 369/622 kB | 172/342 kB | 11/12 MB | 0.2/8.5 MB[0m
2026.04.10 14:59:42 INFO  Progress (4): 369/622 kB | 172/342 kB | 11/12 MB | 0.2/8.5 MB[0m
2026.04.10 14:59:42 INFO  Progress (4): 369/622 kB | 172/342 kB | 11/12 MB | 0.2/8.5 MB[0m
2026.04.10 14:59:42 INFO  Progress (4): 369/622 kB | 172/342 kB | 11/12 MB | 0.2/8.5 MB[0m
2026.04.10 14:59:42 INFO  Progress (4): 369/622 kB | 172/342 kB | 11/12 MB | 0.2/8.5 MB[0m
2026.04.10 14:59:42 INFO  Progress (5): 369/622 kB | 172/342 kB | 11/12 MB | 0.2/8.5 MB | 7.7/139 kB[0m
2026.04.10 14:59:42 INFO  Progress (5): 369/622 kB | 172/342 kB | 11/12 MB | 0.2/8.5 MB | 12/139 kB [0m
2026.04.10 14:59:42 INFO  Progress (5): 369/622 kB | 172/342 kB | 11/12 MB | 0.2/8.5 MB | 29/139 kB[0m
2026.04.10 14:59:42 INFO  Progress (5): 369/622 kB | 172/342 kB | 11/12 MB | 0.2/8.5 MB | 29/139 kB[0m
2026.04.10 14:59:42 INFO  Progress (5): 369/622 kB | 172/342 kB | 11/12 MB | 0.2/8.5 MB | 45/139 kB[0m
2026.04.10 14:59:42 INFO  Progress (5): 369/622 kB | 172/342 kB | 11/12 MB | 0.2/8.5 MB | 61/139 kB[0m
2026.04.10 14:59:42 INFO  Progress (5): 369/622 kB | 172/342 kB | 11/12 MB | 0.2/8.5 MB | 78/139 kB[0m
2026.04.10 14:59:42 INFO  Progress (5): 369/622 kB | 172/342 kB | 11/12 MB | 0.2/8.5 MB | 78/139 kB[0m
2026.04.10 14:59:42 INFO  Progress (5): 369/622 kB | 172/342 kB | 11/12 MB | 0.2/8.5 MB | 94/139 kB[0m
2026.04.10 14:59:42 INFO  Progress (5): 369/622 kB | 172/342 kB | 11/12 MB | 0.2/8.5 MB | 111/139 kB[0m
2026.04.10 14:59:42 INFO  Progress (5): 369/622 kB | 172/342 kB | 11/12 MB | 0.2/8.5 MB | 111/139 kB[0m
2026.04.10 14:59:42 INFO  Progress (5): 369/622 kB | 172/342 kB | 11/12 MB | 0.2/8.5 MB | 127/139 kB[0m
2026.04.10 14:59:42 INFO  Progress (5): 369/622 kB | 172/342 kB | 11/12 MB | 0.2/8.5 MB | 127/139 kB[0m
2026.04.10 14:59:42 INFO  Progress (5): 369/622 kB | 172/342 kB | 11/12 MB | 0.2/8.5 MB | 139 kB    [0m
2026.04.10 14:59:42 INFO  Progress (5): 369/622 kB | 172/342 kB | 11/12 MB | 0.2/8.5 MB | 139 kB[0m
2026.04.10 14:59:42 INFO  Progress (5): 369/622 kB | 172/342 kB | 11/12 MB | 0.2/8.5 MB | 139 kB[0m
2026.04.10 14:59:42 INFO                                                                        [0m
2026.04.10 14:59:42 INFO  Downloaded from central: https://repo.maven.apache.org/maven2/org/glassfish/jaxb/jaxb-core/4.0.5/jaxb-core-4.0.5.jar (139 kB at 214 kB/s)[0m
2026.04.10 14:59:42 INFO  Downloading from central: https://repo.maven.apache.org/maven2/org/eclipse/angus/angus-activation/2.0.2/angus-activation-2.0.2.jar[0m
2026.04.10 14:59:42 INFO  Progress (4): 369/622 kB | 172/342 kB | 11/12 MB | 0.2/8.5 MB[0m
2026.04.10 14:59:42 INFO  Progress (4): 369/622 kB | 172/342 kB | 11/12 MB | 0.2/8.5 MB[0m
2026.04.10 14:59:42 INFO  Progress (4): 369/622 kB | 172/342 kB | 11/12 MB | 0.2/8.5 MB[0m
2026.04.10 14:59:42 INFO  Progress (4): 369/622 kB | 172/342 kB | 11/12 MB | 0.2/8.5 MB[0m
2026.04.10 14:59:42 INFO  Progress (4): 369/622 kB | 172/342 kB | 11/12 MB | 0.2/8.5 MB[0m
2026.04.10 14:59:42 INFO  Progress (4): 369/622 kB | 177/342 kB | 11/12 MB | 0.2/8.5 MB[0m
2026.04.10 14:59:42 INFO  Progress (4): 369/622 kB | 177/342 kB | 11/12 MB | 0.2/8.5 MB[0m
2026.04.10 14:59:42 INFO  Progress (4): 385/622 kB | 177/342 kB | 11/12 MB | 0.2/8.5 MB[0m
2026.04.10 14:59:42 INFO  Progress (4): 385/622 kB | 177/342 kB | 11/12 MB | 0.2/8.5 MB[0m
2026.04.10 14:59:42 INFO  Progress (4): 385/622 kB | 177/342 kB | 11/12 MB | 0.2/8.5 MB[0m
2026.04.10 14:59:42 INFO  Progress (4): 385/622 kB | 177/342 kB | 11/12 MB | 0.2/8.5 MB[0m
2026.04.10 14:59:42 INFO  Progress (4): 385/622 kB | 177/342 kB | 11/12 MB | 0.2/8.5 MB[0m
2026.04.10 14:59:42 INFO  Progress (4): 385/622 kB | 177/342 kB | 11/12 MB | 0.2/8.5 MB[0m
2026.04.10 14:59:42 INFO  Progress (4): 385/622 kB | 177/342 kB | 11/12 MB | 0.2/8.5 MB[0m
2026.04.10 14:59:42 INFO  Progress (4): 385/622 kB | 177/342 kB | 11/12 MB | 0.2/8.5 MB[0m
2026.04.10 14:59:42 INFO  Progress (4): 385/622 kB | 177/342 kB | 11/12 MB | 0.2/8.5 MB[0m
2026.04.10 14:59:42 INFO  Progress (4): 385/622 kB | 177/342 kB | 11/12 MB | 0.2/8.5 MB[0m
2026.04.10 14:59:42 INFO  Progress (4): 385/622 kB | 177/342 kB | 11/12 MB | 0.2/8.5 MB[0m
2026.04.10 14:59:42 INFO  Progress (4): 385/622 kB | 177/342 kB | 11/12 MB | 0.2/8.5 MB[0m
2026.04.10 14:59:42 INFO  Progress (4): 385/622 kB | 177/342 kB | 11/12 MB | 0.2/8.5 MB[0m
2026.04.10 14:59:42 INFO  Progress (4): 385/622 kB | 177/342 kB | 11/12 MB | 0.2/8.5 MB[0m
2026.04.10 14:59:42 INFO  Progress (4): 385/622 kB | 177/342 kB | 11/12 MB | 0.2/8.5 MB[0m
2026.04.10 14:59:42 INFO  Progress (4): 385/622 kB | 177/342 kB | 11/12 MB | 0.2/8.5 MB[0m
2026.04.10 14:59:42 INFO  Progress (4): 385/622 kB | 177/342 kB | 11/12 MB | 0.2/8.5 MB[0m
2026.04.10 14:59:42 INFO  Progress (4): 385/622 kB | 177/342 kB | 11/12 MB | 0.2/8.5 MB[0m
2026.04.10 14:59:42 INFO  Progress (4): 385/622 kB | 177/342 kB | 11/12 MB | 0.2/8.5 MB[0m
2026.04.10 14:59:42 INFO  Progress (4): 385/622 kB | 177/342 kB | 12/12 MB | 0.2/8.5 MB[0m
2026.04.10 14:59:42 INFO  Progress (4): 385/622 kB | 177/342 kB | 12/12 MB | 0.2/8.5 MB[0m
2026.04.10 14:59:42 INFO  Progress (4): 385/622 kB | 177/342 kB | 12/12 MB | 0.2/8.5 MB[0m
2026.04.10 14:59:42 INFO  Progress (4): 385/622 kB | 177/342 kB | 12/12 MB | 0.2/8.5 MB[0m
2026.04.10 14:59:42 INFO  Progress (4): 385/622 kB | 180/342 kB | 12/12 MB | 0.2/8.5 MB[0m
2026.04.10 14:59:42 INFO  Progress (4): 385/622 kB | 180/342 kB | 12/12 MB | 0.2/8.5 MB[0m
2026.04.10 14:59:42 INFO  Progress (4): 385/622 kB | 180/342 kB | 12/12 MB | 0.2/8.5 MB[0m
2026.04.10 14:59:42 INFO  Progress (4): 385/622 kB | 180/342 kB | 12/12 MB | 0.2/8.5 MB[0m
2026.04.10 14:59:42 INFO  Progress (4): 385/622 kB | 180/342 kB | 12/12 MB | 0.2/8.5 MB[0m
2026.04.10 14:59:42 INFO  Progress (4): 385/622 kB | 180/342 kB | 12/12 MB | 0.2/8.5 MB[0m
2026.04.10 14:59:42 INFO  Progress (4): 385/622 kB | 180/342 kB | 12/12 MB | 0.2/8.5 MB[0m
2026.04.10 14:59:42 INFO  Progress (4): 385/622 kB | 180/342 kB | 12/12 MB | 0.3/8.5 MB[0m
2026.04.10 14:59:42 INFO  Progress (4): 385/622 kB | 180/342 kB | 12/12 MB | 0.3/8.5 MB[0m
2026.04.10 14:59:42 INFO  Progress (4): 385/622 kB | 180/342 kB | 12/12 MB | 0.3/8.5 MB[0m
2026.04.10 14:59:42 INFO  Progress (4): 385/622 kB | 180/342 kB | 12/12 MB | 0.3/8.5 MB[0m
2026.04.10 14:59:42 INFO  Progress (4): 385/622 kB | 180/342 kB | 12/12 MB | 0.3/8.5 MB[0m
2026.04.10 14:59:42 INFO  Progress (4): 385/622 kB | 180/342 kB | 12/12 MB | 0.3/8.5 MB[0m
2026.04.10 14:59:42 INFO  Progress (4): 385/622 kB | 180/342 kB | 12/12 MB | 0.3/8.5 MB[0m
2026.04.10 14:59:42 INFO  Progress (4): 385/622 kB | 180/342 kB | 12/12 MB | 0.3/8.5 MB[0m
2026.04.10 14:59:42 INFO  Progress (4): 385/622 kB | 180/342 kB | 12/12 MB | 0.3/8.5 MB[0m
2026.04.10 14:59:42 INFO  Progress (4): 385/622 kB | 180/342 kB | 12/12 MB | 0.3/8.5 MB[0m
2026.04.10 14:59:42 INFO  Progress (4): 385/622 kB | 180/342 kB | 12/12 MB | 0.3/8.5 MB[0m
2026.04.10 14:59:42 INFO  Progress (4): 385/622 kB | 180/342 kB | 12/12 MB | 0.3/8.5 MB[0m
2026.04.10 14:59:42 INFO  Progress (4): 385/622 kB | 180/342 kB | 12/12 MB | 0.3/8.5 MB[0m
2026.04.10 14:59:42 INFO  Progress (4): 385/622 kB | 180/342 kB | 12/12 MB | 0.3/8.5 MB[0m
2026.04.10 14:59:42 INFO  Progress (4): 385/622 kB | 180/342 kB | 12/12 MB | 0.3/8.5 MB[0m
2026.04.10 14:59:42 INFO  Progress (4): 385/622 kB | 180/342 kB | 12/12 MB | 0.3/8.5 MB[0m
2026.04.10 14:59:42 INFO  Progress (4): 401/622 kB | 180/342 kB | 12/12 MB | 0.3/8.5 MB[0m
2026.04.10 14:59:42 INFO  Progress (4): 401/622 kB | 184/342 kB | 12/12 MB | 0.3/8.5 MB[0m
2026.04.10 14:59:42 INFO  Progress (4): 401/622 kB | 184/342 kB | 12/12 MB | 0.3/8.5 MB[0m
2026.04.10 14:59:42 INFO  Progress (4): 401/622 kB | 184/342 kB | 12/12 MB | 0.3/8.5 MB[0m
2026.04.10 14:59:42 INFO  Progress (4): 401/622 kB | 184/342 kB | 12/12 MB | 0.3/8.5 MB[0m
2026.04.10 14:59:42 INFO  Progress (4): 401/622 kB | 184/342 kB | 12/12 MB | 0.3/8.5 MB[0m
2026.04.10 14:59:42 INFO  Progress (4): 401/622 kB | 184/342 kB | 12/12 MB | 0.3/8.5 MB[0m
2026.04.10 14:59:42 INFO  Progress (4): 401/622 kB | 184/342 kB | 12/12 MB | 0.3/8.5 MB[0m
2026.04.10 14:59:42 INFO  Progress (5): 401/622 kB | 184/342 kB | 12/12 MB | 0.3/8.5 MB | 7.4/27 kB[0m
2026.04.10 14:59:42 INFO  Progress (5): 401/622 kB | 184/342 kB | 12/12 MB | 0.3/8.5 MB | 7.4/27 kB[0m
2026.04.10 14:59:42 INFO  Progress (5): 401/622 kB | 184/342 kB | 12/12 MB | 0.3/8.5 MB | 7.4/27 kB[0m
2026.04.10 14:59:42 INFO  Progress (5): 401/622 kB | 184/342 kB | 12/12 MB | 0.3/8.5 MB | 24/27 kB [0m
2026.04.10 14:59:42 INFO  Progress (5): 401/622 kB | 184/342 kB | 12/12 MB | 0.3/8.5 MB | 24/27 kB[0m
2026.04.10 14:59:42 INFO  Progress (5): 401/622 kB | 184/342 kB | 12/12 MB | 0.3/8.5 MB | 27 kB   [0m
2026.04.10 14:59:42 INFO  Progress (5): 401/622 kB | 184/342 kB | 12/12 MB | 0.3/8.5 MB | 27 kB[0m
2026.04.10 14:59:42 INFO                                                                       [0m
2026.04.10 14:59:42 INFO  Downloaded from central: https://repo.maven.apache.org/maven2/org/eclipse/angus/angus-activation/2.0.2/angus-activation-2.0.2.jar (27 kB at 40 kB/s)[0m
2026.04.10 14:59:42 INFO  Downloading from central: https://repo.maven.apache.org/maven2/org/glassfish/jaxb/txw2/4.0.5/txw2-4.0.5.jar[0m
2026.04.10 14:59:42 INFO  Progress (4): 401/622 kB | 184/342 kB | 12/12 MB | 0.3/8.5 MB[0m
2026.04.10 14:59:42 INFO  Progress (4): 401/622 kB | 184/342 kB | 12/12 MB | 0.3/8.5 MB[0m
2026.04.10 14:59:42 INFO  Progress (4): 401/622 kB | 184/342 kB | 12 MB | 0.3/8.5 MB   [0m
2026.04.10 14:59:42 INFO                                                            [0m
2026.04.10 14:59:42 INFO  Downloaded from central: https://repo.maven.apache.org/maven2/org/hibernate/orm/hibernate-core/6.6.5.Final/hibernate-core-6.6.5.Final.jar (12 MB at 18 MB/s)[0m
2026.04.10 14:59:42 INFO  Downloading from central: https://repo.maven.apache.org/maven2/com/sun/istack/istack-commons-runtime/4.1.2/istack-commons-runtime-4.1.2.jar[0m
2026.04.10 14:59:42 INFO  Progress (3): 401/622 kB | 189/342 kB | 0.3/8.5 MB[0m
2026.04.10 14:59:42 INFO  Progress (3): 401/622 kB | 189/342 kB | 0.3/8.5 MB[0m
2026.04.10 14:59:42 INFO  Progress (3): 401/622 kB | 189/342 kB | 0.3/8.5 MB[0m
2026.04.10 14:59:42 INFO  Progress (3): 418/622 kB | 189/342 kB | 0.3/8.5 MB[0m
2026.04.10 14:59:42 INFO  Progress (3): 418/622 kB | 189/342 kB | 0.4/8.5 MB[0m
2026.04.10 14:59:42 INFO  Progress (3): 418/622 kB | 197/342 kB | 0.4/8.5 MB[0m
2026.04.10 14:59:42 INFO  Progress (3): 418/622 kB | 197/342 kB | 0.4/8.5 MB[0m
2026.04.10 14:59:42 INFO  Progress (3): 418/622 kB | 197/342 kB | 0.4/8.5 MB[0m
2026.04.10 14:59:42 INFO  Progress (4): 418/622 kB | 197/342 kB | 0.4/8.5 MB | 7.7/26 kB[0m
2026.04.10 14:59:42 INFO  Progress (4): 418/622 kB | 197/342 kB | 0.4/8.5 MB | 16/26 kB [0m
2026.04.10 14:59:42 INFO  Progress (4): 418/622 kB | 197/342 kB | 0.4/8.5 MB | 26 kB   [0m
2026.04.10 14:59:42 INFO                                                            [0m
2026.04.10 14:59:42 INFO  Downloaded from central: https://repo.maven.apache.org/maven2/com/sun/istack/istack-commons-runtime/4.1.2/istack-commons-runtime-4.1.2.jar (26 kB at 36 kB/s)[0m
2026.04.10 14:59:42 INFO  Downloading from central: https://repo.maven.apache.org/maven2/jakarta/inject/jakarta.inject-api/2.0.1/jakarta.inject-api-2.0.1.jar[0m
2026.04.10 14:59:42 INFO  Progress (3): 418/622 kB | 197/342 kB | 0.4/8.5 MB[0m
2026.04.10 14:59:42 INFO  Progress (4): 418/622 kB | 197/342 kB | 0.4/8.5 MB | 7.7/73 kB[0m
2026.04.10 14:59:42 INFO  Progress (4): 418/622 kB | 197/342 kB | 0.4/8.5 MB | 16/73 kB [0m
2026.04.10 14:59:42 INFO  Progress (4): 434/622 kB | 197/342 kB | 0.4/8.5 MB | 16/73 kB[0m
2026.04.10 14:59:42 INFO  Progress (4): 434/622 kB | 197/342 kB | 0.4/8.5 MB | 32/73 kB[0m
2026.04.10 14:59:42 INFO  Progress (4): 434/622 kB | 197/342 kB | 0.4/8.5 MB | 48/73 kB[0m
2026.04.10 14:59:42 INFO  Progress (4): 434/622 kB | 197/342 kB | 0.4/8.5 MB | 65/73 kB[0m
2026.04.10 14:59:42 INFO  Progress (4): 434/622 kB | 197/342 kB | 0.4/8.5 MB | 73 kB   [0m
2026.04.10 14:59:42 INFO                                                            [0m
2026.04.10 14:59:42 INFO  Downloaded from central: https://repo.maven.apache.org/maven2/org/glassfish/jaxb/txw2/4.0.5/txw2-4.0.5.jar (73 kB at 103 kB/s)[0m
2026.04.10 14:59:42 INFO  Downloading from central: https://repo.maven.apache.org/maven2/org/antlr/antlr4-runtime/4.13.0/antlr4-runtime-4.13.0.jar[0m
2026.04.10 14:59:42 INFO  Progress (3): 434/622 kB | 197/342 kB | 0.4/8.5 MB[0m
2026.04.10 14:59:42 INFO  Progress (3): 434/622 kB | 197/342 kB | 0.4/8.5 MB[0m
2026.04.10 14:59:42 INFO  Progress (3): 434/622 kB | 197/342 kB | 0.5/8.5 MB[0m
2026.04.10 14:59:42 INFO  Progress (3): 451/622 kB | 197/342 kB | 0.5/8.5 MB[0m
2026.04.10 14:59:42 INFO  Progress (4): 451/622 kB | 197/342 kB | 0.5/8.5 MB | 7.5/11 kB[0m
2026.04.10 14:59:42 INFO  Progress (4): 451/622 kB | 197/342 kB | 0.5/8.5 MB | 11 kB    [0m
2026.04.10 14:59:42 INFO  Progress (4): 451/622 kB | 213/342 kB | 0.5/8.5 MB | 11 kB[0m
2026.04.10 14:59:42 INFO  Progress (4): 451/622 kB | 213/342 kB | 0.5/8.5 MB | 11 kB[0m
2026.04.10 14:59:42 INFO  Progress (5): 451/622 kB | 213/342 kB | 0.5/8.5 MB | 11 kB | 7.5/326 kB[0m
2026.04.10 14:59:42 INFO  Progress (5): 451/622 kB | 213/342 kB | 0.5/8.5 MB | 11 kB | 7.5/326 kB[0m
2026.04.10 14:59:42 INFO                                                                         [0m
2026.04.10 14:59:42 INFO  Downloaded from central: https://repo.maven.apache.org/maven2/jakarta/inject/jakarta.inject-api/2.0.1/jakarta.inject-api-2.0.1.jar (11 kB at 14 kB/s)[0m
2026.04.10 14:59:42 INFO  Downloading from central: https://repo.maven.apache.org/maven2/org/springframework/data/spring-data-jpa/3.4.2/spring-data-jpa-3.4.2.jar[0m
2026.04.10 14:59:42 INFO  Progress (4): 451/622 kB | 213/342 kB | 0.5/8.5 MB | 24/326 kB[0m
2026.04.10 14:59:42 INFO  Progress (4): 451/622 kB | 213/342 kB | 0.5/8.5 MB | 40/326 kB[0m
2026.04.10 14:59:42 INFO  Progress (4): 451/622 kB | 213/342 kB | 0.5/8.5 MB | 57/326 kB[0m
2026.04.10 14:59:42 INFO  Progress (4): 451/622 kB | 213/342 kB | 0.5/8.5 MB | 73/326 kB[0m
2026.04.10 14:59:42 INFO  Progress (4): 451/622 kB | 213/342 kB | 0.5/8.5 MB | 89/326 kB[0m
2026.04.10 14:59:42 INFO  Progress (4): 451/622 kB | 213/342 kB | 0.5/8.5 MB | 106/326 kB[0m
2026.04.10 14:59:42 INFO  Progress (4): 451/622 kB | 213/342 kB | 0.5/8.5 MB | 122/326 kB[0m
2026.04.10 14:59:42 INFO  Progress (4): 451/622 kB | 213/342 kB | 0.5/8.5 MB | 130/326 kB[0m
2026.04.10 14:59:42 INFO  Progress (4): 467/622 kB | 213/342 kB | 0.5/8.5 MB | 130/326 kB[0m
2026.04.10 14:59:42 INFO  Progress (4): 467/622 kB | 213/342 kB | 0.5/8.5 MB | 147/326 kB[0m
2026.04.10 14:59:42 INFO  Progress (4): 467/622 kB | 213/342 kB | 0.5/8.5 MB | 163/326 kB[0m
2026.04.10 14:59:42 INFO  Progress (4): 467/622 kB | 213/342 kB | 0.5/8.5 MB | 179/326 kB[0m
2026.04.10 14:59:42 INFO  Progress (4): 467/622 kB | 213/342 kB | 0.5/8.5 MB | 196/326 kB[0m
2026.04.10 14:59:42 INFO  Progress (4): 467/622 kB | 213/342 kB | 0.5/8.5 MB | 196/326 kB[0m
2026.04.10 14:59:42 INFO  Progress (4): 467/622 kB | 213/342 kB | 0.5/8.5 MB | 196/326 kB[0m
2026.04.10 14:59:42 INFO  Progress (4): 467/622 kB | 213/342 kB | 0.5/8.5 MB | 212/326 kB[0m
2026.04.10 14:59:42 INFO  Progress (4): 467/622 kB | 213/342 kB | 0.5/8.5 MB | 229/326 kB[0m
2026.04.10 14:59:42 INFO  Progress (4): 467/622 kB | 213/342 kB | 0.5/8.5 MB | 245/326 kB[0m
2026.04.10 14:59:42 INFO  Progress (4): 467/622 kB | 213/342 kB | 0.5/8.5 MB | 261/326 kB[0m
2026.04.10 14:59:42 INFO  Progress (4): 467/622 kB | 213/342 kB | 0.5/8.5 MB | 278/326 kB[0m
2026.04.10 14:59:42 INFO  Progress (4): 467/622 kB | 213/342 kB | 0.5/8.5 MB | 278/326 kB[0m
2026.04.10 14:59:42 INFO  Progress (4): 467/622 kB | 213/342 kB | 0.5/8.5 MB | 294/326 kB[0m
2026.04.10 14:59:42 INFO  Progress (4): 467/622 kB | 213/342 kB | 0.5/8.5 MB | 311/326 kB[0m
2026.04.10 14:59:42 INFO  Progress (4): 467/622 kB | 213/342 kB | 0.5/8.5 MB | 326 kB    [0m
2026.04.10 14:59:42 INFO                                                             [0m
2026.04.10 14:59:42 INFO  Downloaded from central: https://repo.maven.apache.org/maven2/org/antlr/antlr4-runtime/4.13.0/antlr4-runtime-4.13.0.jar (326 kB at 429 kB/s)[0m
2026.04.10 14:59:42 INFO  Downloading from central: https://repo.maven.apache.org/maven2/org/springframework/data/spring-data-commons/3.4.2/spring-data-commons-3.4.2.jar[0m
2026.04.10 14:59:42 INFO  Progress (3): 467/622 kB | 213/342 kB | 0.5/8.5 MB[0m
2026.04.10 14:59:42 INFO  Progress (3): 467/622 kB | 229/342 kB | 0.5/8.5 MB[0m
2026.04.10 14:59:42 INFO  Progress (3): 483/622 kB | 229/342 kB | 0.5/8.5 MB[0m
2026.04.10 14:59:42 INFO  Progress (4): 483/622 kB | 229/342 kB | 0.5/8.5 MB | 0/1.8 MB[0m
2026.04.10 14:59:42 INFO  Progress (4): 483/622 kB | 229/342 kB | 0.5/8.5 MB | 0/1.8 MB[0m
2026.04.10 14:59:42 INFO  Progress (4): 483/622 kB | 229/342 kB | 0.5/8.5 MB | 0/1.8 MB[0m
2026.04.10 14:59:42 INFO  Progress (4): 483/622 kB | 229/342 kB | 0.6/8.5 MB | 0/1.8 MB[0m
2026.04.10 14:59:42 INFO  Progress (4): 483/622 kB | 229/342 kB | 0.6/8.5 MB | 0/1.8 MB[0m
2026.04.10 14:59:42 INFO  Progress (4): 483/622 kB | 229/342 kB | 0.6/8.5 MB | 0.1/1.8 MB[0m
2026.04.10 14:59:42 INFO  Progress (4): 483/622 kB | 229/342 kB | 0.6/8.5 MB | 0.1/1.8 MB[0m
2026.04.10 14:59:42 INFO  Progress (4): 483/622 kB | 229/342 kB | 0.6/8.5 MB | 0.1/1.8 MB[0m
2026.04.10 14:59:42 INFO  Progress (4): 483/622 kB | 229/342 kB | 0.6/8.5 MB | 0.1/1.8 MB[0m
2026.04.10 14:59:42 INFO  Progress (4): 483/622 kB | 229/342 kB | 0.6/8.5 MB | 0.1/1.8 MB[0m
2026.04.10 14:59:42 INFO  Progress (4): 483/622 kB | 229/342 kB | 0.6/8.5 MB | 0.1/1.8 MB[0m
2026.04.10 14:59:42 INFO  Progress (4): 483/622 kB | 229/342 kB | 0.6/8.5 MB | 0.2/1.8 MB[0m
2026.04.10 14:59:42 INFO  Progress (4): 483/622 kB | 229/342 kB | 0.6/8.5 MB | 0.2/1.8 MB[0m
2026.04.10 14:59:42 INFO  Progress (4): 483/622 kB | 229/342 kB | 0.6/8.5 MB | 0.2/1.8 MB[0m
2026.04.10 14:59:42 INFO  Progress (4): 483/622 kB | 229/342 kB | 0.6/8.5 MB | 0.2/1.8 MB[0m
2026.04.10 14:59:42 INFO  Progress (4): 483/622 kB | 229/342 kB | 0.6/8.5 MB | 0.2/1.8 MB[0m
2026.04.10 14:59:42 INFO  Progress (4): 483/622 kB | 229/342 kB | 0.6/8.5 MB | 0.2/1.8 MB[0m
2026.04.10 14:59:42 INFO  Progress (4): 483/622 kB | 229/342 kB | 0.6/8.5 MB | 0.2/1.8 MB[0m
2026.04.10 14:59:42 INFO  Progress (4): 483/622 kB | 229/342 kB | 0.6/8.5 MB | 0.2/1.8 MB[0m
2026.04.10 14:59:42 INFO  Progress (4): 483/622 kB | 229/342 kB | 0.6/8.5 MB | 0.3/1.8 MB[0m
2026.04.10 14:59:42 INFO  Progress (4): 483/622 kB | 229/342 kB | 0.6/8.5 MB | 0.3/1.8 MB[0m
2026.04.10 14:59:42 INFO  Progress (4): 483/622 kB | 229/342 kB | 0.6/8.5 MB | 0.3/1.8 MB[0m
2026.04.10 14:59:42 INFO  Progress (4): 483/622 kB | 229/342 kB | 0.6/8.5 MB | 0.3/1.8 MB[0m
2026.04.10 14:59:42 INFO  Progress (4): 483/622 kB | 229/342 kB | 0.6/8.5 MB | 0.3/1.8 MB[0m
2026.04.10 14:59:42 INFO  Progress (4): 483/622 kB | 229/342 kB | 0.6/8.5 MB | 0.3/1.8 MB[0m
2026.04.10 14:59:42 INFO  Progress (4): 483/622 kB | 229/342 kB | 0.6/8.5 MB | 0.4/1.8 MB[0m
2026.04.10 14:59:42 INFO  Progress (4): 483/622 kB | 229/342 kB | 0.6/8.5 MB | 0.4/1.8 MB[0m
2026.04.10 14:59:42 INFO  Progress (5): 483/622 kB | 229/342 kB | 0.6/8.5 MB | 0.4/1.8 MB | 0/1.5 MB[0m
2026.04.10 14:59:42 INFO  Progress (5): 483/622 kB | 229/342 kB | 0.6/8.5 MB | 0.4/1.8 MB | 0/1.5 MB[0m
2026.04.10 14:59:42 INFO  Progress (5): 483/622 kB | 229/342 kB | 0.6/8.5 MB | 0.4/1.8 MB | 0/1.5 MB[0m
2026.04.10 14:59:42 INFO  Progress (5): 483/622 kB | 229/342 kB | 0.6/8.5 MB | 0.4/1.8 MB | 0/1.5 MB[0m
2026.04.10 14:59:42 INFO  Progress (5): 483/622 kB | 229/342 kB | 0.6/8.5 MB | 0.4/1.8 MB | 0/1.5 MB[0m
2026.04.10 14:59:42 INFO  Progress (5): 483/622 kB | 229/342 kB | 0.6/8.5 MB | 0.4/1.8 MB | 0/1.5 MB[0m
2026.04.10 14:59:42 INFO  Progress (5): 483/622 kB | 229/342 kB | 0.6/8.5 MB | 0.4/1.8 MB | 0.1/1.5 MB[0m
2026.04.10 14:59:42 INFO  Progress (5): 483/622 kB | 229/342 kB | 0.6/8.5 MB | 0.4/1.8 MB | 0.1/1.5 MB[0m
2026.04.10 14:59:42 INFO  Progress (5): 483/622 kB | 229/342 kB | 0.6/8.5 MB | 0.4/1.8 MB | 0.1/1.5 MB[0m
2026.04.10 14:59:42 INFO  Progress (5): 483/622 kB | 229/342 kB | 0.6/8.5 MB | 0.4/1.8 MB | 0.1/1.5 MB[0m
2026.04.10 14:59:42 INFO  Progress (5): 483/622 kB | 229/342 kB | 0.6/8.5 MB | 0.4/1.8 MB | 0.1/1.5 MB[0m
2026.04.10 14:59:42 INFO  Progress (5): 483/622 kB | 229/342 kB | 0.6/8.5 MB | 0.4/1.8 MB | 0.1/1.5 MB[0m
2026.04.10 14:59:42 INFO  Progress (5): 483/622 kB | 229/342 kB | 0.6/8.5 MB | 0.5/1.8 MB | 0.1/1.5 MB[0m
2026.04.10 14:59:42 INFO  Progress (5): 483/622 kB | 229/342 kB | 0.6/8.5 MB | 0.5/1.8 MB | 0.1/1.5 MB[0m
2026.04.10 14:59:42 INFO  Progress (5): 483/622 kB | 229/342 kB | 0.6/8.5 MB | 0.5/1.8 MB | 0.1/1.5 MB[0m
2026.04.10 14:59:42 INFO  Progress (5): 483/622 kB | 229/342 kB | 0.6/8.5 MB | 0.5/1.8 MB | 0.1/1.5 MB[0m
2026.04.10 14:59:42 INFO  Progress (5): 483/622 kB | 229/342 kB | 0.6/8.5 MB | 0.5/1.8 MB | 0.1/1.5 MB[0m
2026.04.10 14:59:42 INFO  Progress (5): 483/622 kB | 229/342 kB | 0.6/8.5 MB | 0.5/1.8 MB | 0.1/1.5 MB[0m
2026.04.10 14:59:42 INFO  Progress (5): 483/622 kB | 229/342 kB | 0.6/8.5 MB | 0.5/1.8 MB | 0.1/1.5 MB[0m
2026.04.10 14:59:42 INFO  Progress (5): 483/622 kB | 229/342 kB | 0.6/8.5 MB | 0.5/1.8 MB | 0.2/1.5 MB[0m
2026.04.10 14:59:42 INFO  Progress (5): 483/622 kB | 229/342 kB | 0.6/8.5 MB | 0.5/1.8 MB | 0.2/1.5 MB[0m
2026.04.10 14:59:42 INFO  Progress (5): 483/622 kB | 229/342 kB | 0.6/8.5 MB | 0.5/1.8 MB | 0.2/1.5 MB[0m
2026.04.10 14:59:42 INFO  Progress (5): 483/622 kB | 229/342 kB | 0.6/8.5 MB | 0.5/1.8 MB | 0.2/1.5 MB[0m
2026.04.10 14:59:42 INFO  Progress (5): 483/622 kB | 229/342 kB | 0.6/8.5 MB | 0.5/1.8 MB | 0.2/1.5 MB[0m
2026.04.10 14:59:42 INFO  Progress (5): 483/622 kB | 229/342 kB | 0.6/8.5 MB | 0.5/1.8 MB | 0.2/1.5 MB[0m
2026.04.10 14:59:42 INFO  Progress (5): 483/622 kB | 229/342 kB | 0.6/8.5 MB | 0.6/1.8 MB | 0.2/1.5 MB[0m
2026.04.10 14:59:42 INFO  Progress (5): 483/622 kB | 229/342 kB | 0.6/8.5 MB | 0.6/1.8 MB | 0.2/1.5 MB[0m
2026.04.10 14:59:42 INFO  Progress (5): 483/622 kB | 229/342 kB | 0.6/8.5 MB | 0.6/1.8 MB | 0.2/1.5 MB[0m
2026.04.10 14:59:42 INFO  Progress (5): 483/622 kB | 229/342 kB | 0.6/8.5 MB | 0.6/1.8 MB | 0.2/1.5 MB[0m
2026.04.10 14:59:42 INFO  Progress (5): 483/622 kB | 229/342 kB | 0.6/8.5 MB | 0.6/1.8 MB | 0.2/1.5 MB[0m
2026.04.10 14:59:42 INFO  Progress (5): 483/622 kB | 229/342 kB | 0.6/8.5 MB | 0.6/1.8 MB | 0.2/1.5 MB[0m
2026.04.10 14:59:42 INFO  Progress (5): 483/622 kB | 229/342 kB | 0.6/8.5 MB | 0.6/1.8 MB | 0.2/1.5 MB[0m
2026.04.10 14:59:42 INFO  Progress (5): 483/622 kB | 229/342 kB | 0.6/8.5 MB | 0.6/1.8 MB | 0.2/1.5 MB[0m
2026.04.10 14:59:42 INFO  Progress (5): 483/622 kB | 229/342 kB | 0.6/8.5 MB | 0.6/1.8 MB | 0.2/1.5 MB[0m
2026.04.10 14:59:42 INFO  Progress (5): 483/622 kB | 229/342 kB | 0.6/8.5 MB | 0.6/1.8 MB | 0.3/1.5 MB[0m
2026.04.10 14:59:42 INFO  Progress (5): 483/622 kB | 229/342 kB | 0.6/8.5 MB | 0.7/1.8 MB | 0.3/1.5 MB[0m
2026.04.10 14:59:42 INFO  Progress (5): 483/622 kB | 229/342 kB | 0.6/8.5 MB | 0.7/1.8 MB | 0.3/1.5 MB[0m
2026.04.10 14:59:42 INFO  Progress (5): 483/622 kB | 229/342 kB | 0.6/8.5 MB | 0.7/1.8 MB | 0.3/1.5 MB[0m
2026.04.10 14:59:42 INFO  Progress (5): 483/622 kB | 229/342 kB | 0.6/8.5 MB | 0.7/1.8 MB | 0.3/1.5 MB[0m
2026.04.10 14:59:42 INFO  Progress (5): 483/622 kB | 229/342 kB | 0.6/8.5 MB | 0.7/1.8 MB | 0.3/1.5 MB[0m
2026.04.10 14:59:42 INFO  Progress (5): 483/622 kB | 229/342 kB | 0.6/8.5 MB | 0.7/1.8 MB | 0.3/1.5 MB[0m
2026.04.10 14:59:42 INFO  Progress (5): 483/622 kB | 229/342 kB | 0.6/8.5 MB | 0.7/1.8 MB | 0.3/1.5 MB[0m
2026.04.10 14:59:42 INFO  Progress (5): 483/622 kB | 229/342 kB | 0.6/8.5 MB | 0.7/1.8 MB | 0.3/1.5 MB[0m
2026.04.10 14:59:42 INFO  Progress (5): 483/622 kB | 229/342 kB | 0.6/8.5 MB | 0.7/1.8 MB | 0.3/1.5 MB[0m
2026.04.10 14:59:42 INFO  Progress (5): 483/622 kB | 229/342 kB | 0.6/8.5 MB | 0.7/1.8 MB | 0.3/1.5 MB[0m
2026.04.10 14:59:42 INFO  Progress (5): 483/622 kB | 229/342 kB | 0.6/8.5 MB | 0.8/1.8 MB | 0.3/1.5 MB[0m
2026.04.10 14:59:42 INFO  Progress (5): 483/622 kB | 229/342 kB | 0.6/8.5 MB | 0.8/1.8 MB | 0.3/1.5 MB[0m
2026.04.10 14:59:42 INFO  Progress (5): 483/622 kB | 229/342 kB | 0.6/8.5 MB | 0.8/1.8 MB | 0.3/1.5 MB[0m
2026.04.10 14:59:42 INFO  Progress (5): 483/622 kB | 229/342 kB | 0.6/8.5 MB | 0.8/1.8 MB | 0.3/1.5 MB[0m
2026.04.10 14:59:42 INFO  Progress (5): 483/622 kB | 229/342 kB | 0.6/8.5 MB | 0.8/1.8 MB | 0.4/1.5 MB[0m
2026.04.10 14:59:42 INFO  Progress (5): 483/622 kB | 229/342 kB | 0.6/8.5 MB | 0.8/1.8 MB | 0.4/1.5 MB[0m
2026.04.10 14:59:42 INFO  Progress (5): 500/622 kB | 229/342 kB | 0.6/8.5 MB | 0.8/1.8 MB | 0.4/1.5 MB[0m
2026.04.10 14:59:42 INFO  Progress (5): 500/622 kB | 229/342 kB | 0.6/8.5 MB | 0.8/1.8 MB | 0.4/1.5 MB[0m
2026.04.10 14:59:42 INFO  Progress (5): 500/622 kB | 229/342 kB | 0.6/8.5 MB | 0.8/1.8 MB | 0.4/1.5 MB[0m
2026.04.10 14:59:42 INFO  Progress (5): 500/622 kB | 229/342 kB | 0.6/8.5 MB | 0.8/1.8 MB | 0.4/1.5 MB[0m
2026.04.10 14:59:42 INFO  Progress (5): 500/622 kB | 229/342 kB | 0.6/8.5 MB | 0.8/1.8 MB | 0.4/1.5 MB[0m
2026.04.10 14:59:42 INFO  Progress (5): 500/622 kB | 229/342 kB | 0.6/8.5 MB | 0.8/1.8 MB | 0.4/1.5 MB[0m
2026.04.10 14:59:42 INFO  Progress (5): 500/622 kB | 229/342 kB | 0.6/8.5 MB | 0.8/1.8 MB | 0.4/1.5 MB[0m
2026.04.10 14:59:42 INFO  Progress (5): 500/622 kB | 229/342 kB | 0.6/8.5 MB | 0.8/1.8 MB | 0.4/1.5 MB[0m
2026.04.10 14:59:42 INFO  Progress (5): 500/622 kB | 229/342 kB | 0.6/8.5 MB | 0.8/1.8 MB | 0.4/1.5 MB[0m
2026.04.10 14:59:42 INFO  Progress (5): 500/622 kB | 229/342 kB | 0.6/8.5 MB | 0.9/1.8 MB | 0.4/1.5 MB[0m
2026.04.10 14:59:42 INFO  Progress (5): 500/622 kB | 229/342 kB | 0.6/8.5 MB | 0.9/1.8 MB | 0.4/1.5 MB[0m
2026.04.10 14:59:42 INFO  Progress (5): 500/622 kB | 229/342 kB | 0.6/8.5 MB | 0.9/1.8 MB | 0.4/1.5 MB[0m
2026.04.10 14:59:42 INFO  Progress (5): 500/622 kB | 229/342 kB | 0.6/8.5 MB | 0.9/1.8 MB | 0.4/1.5 MB[0m
2026.04.10 14:59:42 INFO  Progress (5): 500/622 kB | 229/342 kB | 0.6/8.5 MB | 0.9/1.8 MB | 0.4/1.5 MB[0m
2026.04.10 14:59:42 INFO  Progress (5): 500/622 kB | 229/342 kB | 0.6/8.5 MB | 0.9/1.8 MB | 0.5/1.5 MB[0m
2026.04.10 14:59:42 INFO  Progress (5): 500/622 kB | 229/342 kB | 0.6/8.5 MB | 0.9/1.8 MB | 0.5/1.5 MB[0m
2026.04.10 14:59:42 INFO  Progress (5): 500/622 kB | 229/342 kB | 0.6/8.5 MB | 0.9/1.8 MB | 0.5/1.5 MB[0m
2026.04.10 14:59:42 INFO  Progress (5): 500/622 kB | 229/342 kB | 0.6/8.5 MB | 0.9/1.8 MB | 0.5/1.5 MB[0m
2026.04.10 14:59:42 INFO  Progress (5): 500/622 kB | 229/342 kB | 0.6/8.5 MB | 0.9/1.8 MB | 0.5/1.5 MB[0m
2026.04.10 14:59:42 INFO  Progress (5): 500/622 kB | 229/342 kB | 0.6/8.5 MB | 0.9/1.8 MB | 0.5/1.5 MB[0m
2026.04.10 14:59:42 INFO  Progress (5): 500/622 kB | 229/342 kB | 0.6/8.5 MB | 0.9/1.8 MB | 0.5/1.5 MB[0m
2026.04.10 14:59:42 INFO  Progress (5): 500/622 kB | 229/342 kB | 0.6/8.5 MB | 1.0/1.8 MB | 0.5/1.5 MB[0m
2026.04.10 14:59:42 INFO  Progress (5): 500/622 kB | 229/342 kB | 0.6/8.5 MB | 1.0/1.8 MB | 0.5/1.5 MB[0m
2026.04.10 14:59:42 INFO  Progress (5): 500/622 kB | 229/342 kB | 0.6/8.5 MB | 1.0/1.8 MB | 0.5/1.5 MB[0m
2026.04.10 14:59:42 INFO  Progress (5): 500/622 kB | 229/342 kB | 0.6/8.5 MB | 1.0/1.8 MB | 0.5/1.5 MB[0m
2026.04.10 14:59:42 INFO  Progress (5): 500/622 kB | 229/342 kB | 0.6/8.5 MB | 1.0/1.8 MB | 0.5/1.5 MB[0m
2026.04.10 14:59:42 INFO  Progress (5): 500/622 kB | 229/342 kB | 0.6/8.5 MB | 1.0/1.8 MB | 0.5/1.5 MB[0m
2026.04.10 14:59:42 INFO  Progress (5): 500/622 kB | 229/342 kB | 0.6/8.5 MB | 1.0/1.8 MB | 0.5/1.5 MB[0m
2026.04.10 14:59:42 INFO  Progress (5): 500/622 kB | 229/342 kB | 0.6/8.5 MB | 1.0/1.8 MB | 0.5/1.5 MB[0m
2026.04.10 14:59:42 INFO  Progress (5): 500/622 kB | 229/342 kB | 0.6/8.5 MB | 1.0/1.8 MB | 0.6/1.5 MB[0m
2026.04.10 14:59:42 INFO  Progress (5): 500/622 kB | 229/342 kB | 0.6/8.5 MB | 1.0/1.8 MB | 0.6/1.5 MB[0m
2026.04.10 14:59:42 INFO  Progress (5): 500/622 kB | 229/342 kB | 0.6/8.5 MB | 1.0/1.8 MB | 0.6/1.5 MB[0m
2026.04.10 14:59:42 INFO  Progress (5): 500/622 kB | 229/342 kB | 0.6/8.5 MB | 1.1/1.8 MB | 0.6/1.5 MB[0m
2026.04.10 14:59:42 INFO  Progress (5): 500/622 kB | 246/342 kB | 0.6/8.5 MB | 1.1/1.8 MB | 0.6/1.5 MB[0m
2026.04.10 14:59:42 INFO  Progress (5): 500/622 kB | 246/342 kB | 0.6/8.5 MB | 1.1/1.8 MB | 0.6/1.5 MB[0m
2026.04.10 14:59:42 INFO  Progress (5): 500/622 kB | 246/342 kB | 0.6/8.5 MB | 1.1/1.8 MB | 0.6/1.5 MB[0m
2026.04.10 14:59:42 INFO  Progress (5): 500/622 kB | 246/342 kB | 0.6/8.5 MB | 1.1/1.8 MB | 0.6/1.5 MB[0m
2026.04.10 14:59:42 INFO  Progress (5): 500/622 kB | 246/342 kB | 0.6/8.5 MB | 1.1/1.8 MB | 0.6/1.5 MB[0m
2026.04.10 14:59:42 INFO  Progress (5): 500/622 kB | 246/342 kB | 0.6/8.5 MB | 1.1/1.8 MB | 0.6/1.5 MB[0m
2026.04.10 14:59:42 INFO  Progress (5): 500/622 kB | 246/342 kB | 0.6/8.5 MB | 1.1/1.8 MB | 0.6/1.5 MB[0m
2026.04.10 14:59:42 INFO  Progress (5): 500/622 kB | 246/342 kB | 0.6/8.5 MB | 1.1/1.8 MB | 0.6/1.5 MB[0m
2026.04.10 14:59:42 INFO  Progress (5): 500/622 kB | 246/342 kB | 0.6/8.5 MB | 1.1/1.8 MB | 0.6/1.5 MB[0m
2026.04.10 14:59:42 INFO  Progress (5): 500/622 kB | 246/342 kB | 0.6/8.5 MB | 1.1/1.8 MB | 0.6/1.5 MB[0m
2026.04.10 14:59:42 INFO  Progress (5): 500/622 kB | 246/342 kB | 0.6/8.5 MB | 1.1/1.8 MB | 0.7/1.5 MB[0m
2026.04.10 14:59:42 INFO  Progress (5): 500/622 kB | 246/342 kB | 0.6/8.5 MB | 1.1/1.8 MB | 0.7/1.5 MB[0m
2026.04.10 14:59:42 INFO  Progress (5): 500/622 kB | 246/342 kB | 0.6/8.5 MB | 1.1/1.8 MB | 0.7/1.5 MB[0m
2026.04.10 14:59:42 INFO  Progress (5): 500/622 kB | 246/342 kB | 0.6/8.5 MB | 1.2/1.8 MB | 0.7/1.5 MB[0m
2026.04.10 14:59:42 INFO  Progress (5): 500/622 kB | 246/342 kB | 0.6/8.5 MB | 1.2/1.8 MB | 0.7/1.5 MB[0m
2026.04.10 14:59:42 INFO  Progress (5): 500/622 kB | 246/342 kB | 0.6/8.5 MB | 1.2/1.8 MB | 0.7/1.5 MB[0m
2026.04.10 14:59:42 INFO  Progress (5): 500/622 kB | 246/342 kB | 0.6/8.5 MB | 1.2/1.8 MB | 0.7/1.5 MB[0m
2026.04.10 14:59:42 INFO  Progress (5): 500/622 kB | 246/342 kB | 0.6/8.5 MB | 1.2/1.8 MB | 0.7/1.5 MB[0m
2026.04.10 14:59:42 INFO  Progress (5): 500/622 kB | 246/342 kB | 0.6/8.5 MB | 1.2/1.8 MB | 0.7/1.5 MB[0m
2026.04.10 14:59:42 INFO  Progress (5): 500/622 kB | 246/342 kB | 0.6/8.5 MB | 1.2/1.8 MB | 0.7/1.5 MB[0m
2026.04.10 14:59:42 INFO  Progress (5): 500/622 kB | 246/342 kB | 0.6/8.5 MB | 1.2/1.8 MB | 0.7/1.5 MB[0m
2026.04.10 14:59:42 INFO  Progress (5): 500/622 kB | 246/342 kB | 0.6/8.5 MB | 1.3/1.8 MB | 0.7/1.5 MB[0m
2026.04.10 14:59:42 INFO  Progress (5): 500/622 kB | 246/342 kB | 0.6/8.5 MB | 1.3/1.8 MB | 0.7/1.5 MB[0m
2026.04.10 14:59:42 INFO  Progress (5): 500/622 kB | 246/342 kB | 0.6/8.5 MB | 1.3/1.8 MB | 0.7/1.5 MB[0m
2026.04.10 14:59:42 INFO  Progress (5): 500/622 kB | 246/342 kB | 0.6/8.5 MB | 1.3/1.8 MB | 0.7/1.5 MB[0m
2026.04.10 14:59:42 INFO  Progress (5): 500/622 kB | 246/342 kB | 0.6/8.5 MB | 1.3/1.8 MB | 0.8/1.5 MB[0m
2026.04.10 14:59:42 INFO  Progress (5): 500/622 kB | 246/342 kB | 0.6/8.5 MB | 1.3/1.8 MB | 0.8/1.5 MB[0m
2026.04.10 14:59:42 INFO  Progress (5): 500/622 kB | 246/342 kB | 0.6/8.5 MB | 1.3/1.8 MB | 0.8/1.5 MB[0m
2026.04.10 14:59:42 INFO  Progress (5): 500/622 kB | 246/342 kB | 0.6/8.5 MB | 1.3/1.8 MB | 0.8/1.5 MB[0m
2026.04.10 14:59:42 INFO  Progress (5): 500/622 kB | 246/342 kB | 0.6/8.5 MB | 1.3/1.8 MB | 0.8/1.5 MB[0m
2026.04.10 14:59:42 INFO  Progress (5): 500/622 kB | 246/342 kB | 0.6/8.5 MB | 1.3/1.8 MB | 0.8/1.5 MB[0m
2026.04.10 14:59:42 INFO  Progress (5): 500/622 kB | 246/342 kB | 0.6/8.5 MB | 1.3/1.8 MB | 0.8/1.5 MB[0m
2026.04.10 14:59:42 INFO  Progress (5): 500/622 kB | 246/342 kB | 0.6/8.5 MB | 1.3/1.8 MB | 0.8/1.5 MB[0m
2026.04.10 14:59:42 INFO  Progress (5): 500/622 kB | 246/342 kB | 0.6/8.5 MB | 1.3/1.8 MB | 0.8/1.5 MB[0m
2026.04.10 14:59:42 INFO  Progress (5): 500/622 kB | 246/342 kB | 0.6/8.5 MB | 1.3/1.8 MB | 0.8/1.5 MB[0m
2026.04.10 14:59:42 INFO  Progress (5): 500/622 kB | 246/342 kB | 0.6/8.5 MB | 1.3/1.8 MB | 0.8/1.5 MB[0m
2026.04.10 14:59:42 INFO  Progress (5): 500/622 kB | 246/342 kB | 0.6/8.5 MB | 1.4/1.8 MB | 0.8/1.5 MB[0m
2026.04.10 14:59:42 INFO  Progress (5): 500/622 kB | 246/342 kB | 0.6/8.5 MB | 1.4/1.8 MB | 0.8/1.5 MB[0m
2026.04.10 14:59:42 INFO  Progress (5): 500/622 kB | 246/342 kB | 0.6/8.5 MB | 1.4/1.8 MB | 0.9/1.5 MB[0m
2026.04.10 14:59:42 INFO  Progress (5): 500/622 kB | 246/342 kB | 0.6/8.5 MB | 1.4/1.8 MB | 0.9/1.5 MB[0m
2026.04.10 14:59:42 INFO  Progress (5): 500/622 kB | 246/342 kB | 0.6/8.5 MB | 1.4/1.8 MB | 0.9/1.5 MB[0m
2026.04.10 14:59:42 INFO  Progress (5): 500/622 kB | 246/342 kB | 0.6/8.5 MB | 1.4/1.8 MB | 0.9/1.5 MB[0m
2026.04.10 14:59:42 INFO  Progress (5): 500/622 kB | 246/342 kB | 0.6/8.5 MB | 1.4/1.8 MB | 0.9/1.5 MB[0m
2026.04.10 14:59:42 INFO  Progress (5): 500/622 kB | 246/342 kB | 0.6/8.5 MB | 1.4/1.8 MB | 0.9/1.5 MB[0m
2026.04.10 14:59:42 INFO  Progress (5): 500/622 kB | 246/342 kB | 0.6/8.5 MB | 1.4/1.8 MB | 1.0/1.5 MB[0m
2026.04.10 14:59:42 INFO  Progress (5): 500/622 kB | 246/342 kB | 0.6/8.5 MB | 1.4/1.8 MB | 1.0/1.5 MB[0m
2026.04.10 14:59:42 INFO  Progress (5): 500/622 kB | 246/342 kB | 0.6/8.5 MB | 1.4/1.8 MB | 1.0/1.5 MB[0m
2026.04.10 14:59:42 INFO  Progress (5): 500/622 kB | 246/342 kB | 0.6/8.5 MB | 1.4/1.8 MB | 1.0/1.5 MB[0m
2026.04.10 14:59:42 INFO  Progress (5): 500/622 kB | 246/342 kB | 0.6/8.5 MB | 1.4/1.8 MB | 1.0/1.5 MB[0m
2026.04.10 14:59:42 INFO  Progress (5): 500/622 kB | 246/342 kB | 0.6/8.5 MB | 1.4/1.8 MB | 1.0/1.5 MB[0m
2026.04.10 14:59:42 INFO  Progress (5): 500/622 kB | 246/342 kB | 0.6/8.5 MB | 1.4/1.8 MB | 1.0/1.5 MB[0m
2026.04.10 14:59:42 INFO  Progress (5): 500/622 kB | 246/342 kB | 0.6/8.5 MB | 1.4/1.8 MB | 1.0/1.5 MB[0m
2026.04.10 14:59:42 INFO  Progress (5): 500/622 kB | 246/342 kB | 0.6/8.5 MB | 1.4/1.8 MB | 1.1/1.5 MB[0m
2026.04.10 14:59:42 INFO  Progress (5): 500/622 kB | 246/342 kB | 0.6/8.5 MB | 1.4/1.8 MB | 1.1/1.5 MB[0m
2026.04.10 14:59:42 INFO  Progress (5): 500/622 kB | 246/342 kB | 0.6/8.5 MB | 1.4/1.8 MB | 1.1/1.5 MB[0m
2026.04.10 14:59:42 INFO  Progress (5): 500/622 kB | 246/342 kB | 0.6/8.5 MB | 1.4/1.8 MB | 1.1/1.5 MB[0m
2026.04.10 14:59:42 INFO  Progress (5): 500/622 kB | 246/342 kB | 0.6/8.5 MB | 1.4/1.8 MB | 1.1/1.5 MB[0m
2026.04.10 14:59:42 INFO  Progress (5): 500/622 kB | 246/342 kB | 0.6/8.5 MB | 1.4/1.8 MB | 1.1/1.5 MB[0m
2026.04.10 14:59:42 INFO  Progress (5): 500/622 kB | 246/342 kB | 0.6/8.5 MB | 1.4/1.8 MB | 1.1/1.5 MB[0m
2026.04.10 14:59:42 INFO  Progress (5): 500/622 kB | 246/342 kB | 0.6/8.5 MB | 1.5/1.8 MB | 1.1/1.5 MB[0m
2026.04.10 14:59:42 INFO  Progress (5): 500/622 kB | 246/342 kB | 0.6/8.5 MB | 1.5/1.8 MB | 1.1/1.5 MB[0m
2026.04.10 14:59:42 INFO  Progress (5): 500/622 kB | 246/342 kB | 0.6/8.5 MB | 1.5/1.8 MB | 1.1/1.5 MB[0m
2026.04.10 14:59:42 INFO  Progress (5): 500/622 kB | 246/342 kB | 0.6/8.5 MB | 1.5/1.8 MB | 1.2/1.5 MB[0m
2026.04.10 14:59:42 INFO  Progress (5): 500/622 kB | 246/342 kB | 0.6/8.5 MB | 1.5/1.8 MB | 1.2/1.5 MB[0m
2026.04.10 14:59:42 INFO  Progress (5): 500/622 kB | 246/342 kB | 0.6/8.5 MB | 1.5/1.8 MB | 1.2/1.5 MB[0m
2026.04.10 14:59:42 INFO  Progress (5): 500/622 kB | 246/342 kB | 0.6/8.5 MB | 1.5/1.8 MB | 1.2/1.5 MB[0m
2026.04.10 14:59:42 INFO  Progress (5): 500/622 kB | 246/342 kB | 0.6/8.5 MB | 1.5/1.8 MB | 1.2/1.5 MB[0m
2026.04.10 14:59:42 INFO  Progress (5): 500/622 kB | 246/342 kB | 0.6/8.5 MB | 1.5/1.8 MB | 1.2/1.5 MB[0m
2026.04.10 14:59:42 INFO  Progress (5): 500/622 kB | 246/342 kB | 0.6/8.5 MB | 1.5/1.8 MB | 1.2/1.5 MB[0m
2026.04.10 14:59:42 INFO  Progress (5): 500/622 kB | 246/342 kB | 0.6/8.5 MB | 1.5/1.8 MB | 1.2/1.5 MB[0m
2026.04.10 14:59:42 INFO  Progress (5): 500/622 kB | 246/342 kB | 0.6/8.5 MB | 1.5/1.8 MB | 1.2/1.5 MB[0m
2026.04.10 14:59:42 INFO  Progress (5): 500/622 kB | 246/342 kB | 0.6/8.5 MB | 1.5/1.8 MB | 1.2/1.5 MB[0m
2026.04.10 14:59:42 INFO  Progress (5): 500/622 kB | 246/342 kB | 0.6/8.5 MB | 1.5/1.8 MB | 1.2/1.5 MB[0m
2026.04.10 14:59:42 INFO  Progress (5): 500/622 kB | 246/342 kB | 0.6/8.5 MB | 1.5/1.8 MB | 1.2/1.5 MB[0m
2026.04.10 14:59:42 INFO  Progress (5): 500/622 kB | 246/342 kB | 0.6/8.5 MB | 1.5/1.8 MB | 1.3/1.5 MB[0m
2026.04.10 14:59:42 INFO  Progress (5): 500/622 kB | 246/342 kB | 0.6/8.5 MB | 1.6/1.8 MB | 1.3/1.5 MB[0m
2026.04.10 14:59:42 INFO  Progress (5): 500/622 kB | 246/342 kB | 0.6/8.5 MB | 1.6/1.8 MB | 1.3/1.5 MB[0m
2026.04.10 14:59:42 INFO  Progress (5): 500/622 kB | 246/342 kB | 0.6/8.5 MB | 1.6/1.8 MB | 1.3/1.5 MB[0m
2026.04.10 14:59:42 INFO  Progress (5): 500/622 kB | 246/342 kB | 0.6/8.5 MB | 1.6/1.8 MB | 1.3/1.5 MB[0m
2026.04.10 14:59:42 INFO  Progress (5): 500/622 kB | 246/342 kB | 0.6/8.5 MB | 1.6/1.8 MB | 1.3/1.5 MB[0m
2026.04.10 14:59:42 INFO  Progress (5): 500/622 kB | 246/342 kB | 0.6/8.5 MB | 1.6/1.8 MB | 1.3/1.5 MB[0m
2026.04.10 14:59:42 INFO  Progress (5): 500/622 kB | 246/342 kB | 0.6/8.5 MB | 1.6/1.8 MB | 1.3/1.5 MB[0m
2026.04.10 14:59:42 INFO  Progress (5): 500/622 kB | 246/342 kB | 0.6/8.5 MB | 1.6/1.8 MB | 1.3/1.5 MB[0m
2026.04.10 14:59:42 INFO  Progress (5): 500/622 kB | 246/342 kB | 0.6/8.5 MB | 1.6/1.8 MB | 1.3/1.5 MB[0m
2026.04.10 14:59:42 INFO  Progress (5): 500/622 kB | 246/342 kB | 0.6/8.5 MB | 1.6/1.8 MB | 1.3/1.5 MB[0m
2026.04.10 14:59:42 INFO  Progress (5): 500/622 kB | 246/342 kB | 0.6/8.5 MB | 1.6/1.8 MB | 1.3/1.5 MB[0m
2026.04.10 14:59:42 INFO  Progress (5): 500/622 kB | 246/342 kB | 0.7/8.5 MB | 1.6/1.8 MB | 1.3/1.5 MB[0m
2026.04.10 14:59:42 INFO  Progress (5): 500/622 kB | 246/342 kB | 0.7/8.5 MB | 1.6/1.8 MB | 1.4/1.5 MB[0m
2026.04.10 14:59:42 INFO  Progress (5): 500/622 kB | 246/342 kB | 0.7/8.5 MB | 1.6/1.8 MB | 1.4/1.5 MB[0m
2026.04.10 14:59:42 INFO  Progress (5): 500/622 kB | 246/342 kB | 0.7/8.5 MB | 1.6/1.8 MB | 1.4/1.5 MB[0m
2026.04.10 14:59:42 INFO  Progress (5): 500/622 kB | 246/342 kB | 0.7/8.5 MB | 1.7/1.8 MB | 1.4/1.5 MB[0m
2026.04.10 14:59:42 INFO  Progress (5): 500/622 kB | 246/342 kB | 0.7/8.5 MB | 1.7/1.8 MB | 1.4/1.5 MB[0m
2026.04.10 14:59:42 INFO  Progress (5): 500/622 kB | 246/342 kB | 0.7/8.5 MB | 1.7/1.8 MB | 1.4/1.5 MB[0m
2026.04.10 14:59:42 INFO  Progress (5): 516/622 kB | 246/342 kB | 0.7/8.5 MB | 1.7/1.8 MB | 1.4/1.5 MB[0m
2026.04.10 14:59:42 INFO  Progress (5): 516/622 kB | 246/342 kB | 0.7/8.5 MB | 1.7/1.8 MB | 1.4/1.5 MB[0m
2026.04.10 14:59:42 INFO  Progress (5): 516/622 kB | 246/342 kB | 0.7/8.5 MB | 1.7/1.8 MB | 1.4/1.5 MB[0m
2026.04.10 14:59:42 INFO  Progress (5): 516/622 kB | 246/342 kB | 0.7/8.5 MB | 1.7/1.8 MB | 1.4/1.5 MB[0m
2026.04.10 14:59:42 INFO  Progress (5): 516/622 kB | 246/342 kB | 0.7/8.5 MB | 1.7/1.8 MB | 1.4/1.5 MB[0m
2026.04.10 14:59:42 INFO  Progress (5): 516/622 kB | 246/342 kB | 0.7/8.5 MB | 1.7/1.8 MB | 1.4/1.5 MB[0m
2026.04.10 14:59:42 INFO  Progress (5): 516/622 kB | 246/342 kB | 0.7/8.5 MB | 1.7/1.8 MB | 1.4/1.5 MB[0m
2026.04.10 14:59:42 INFO  Progress (5): 516/622 kB | 246/342 kB | 0.7/8.5 MB | 1.7/1.8 MB | 1.5/1.5 MB[0m
2026.04.10 14:59:42 INFO  Progress (5): 516/622 kB | 246/342 kB | 0.7/8.5 MB | 1.7/1.8 MB | 1.5/1.5 MB[0m
2026.04.10 14:59:42 INFO  Progress (5): 516/622 kB | 262/342 kB | 0.7/8.5 MB | 1.7/1.8 MB | 1.5/1.5 MB[0m
2026.04.10 14:59:42 INFO  Progress (5): 516/622 kB | 262/342 kB | 0.7/8.5 MB | 1.7/1.8 MB | 1.5/1.5 MB[0m
2026.04.10 14:59:42 INFO  Progress (5): 516/622 kB | 262/342 kB | 0.7/8.5 MB | 1.7/1.8 MB | 1.5/1.5 MB[0m
2026.04.10 14:59:42 INFO  Progress (5): 516/622 kB | 262/342 kB | 0.7/8.5 MB | 1.7/1.8 MB | 1.5 MB    [0m
2026.04.10 14:59:42 INFO  Progress (5): 516/622 kB | 262/342 kB | 0.7/8.5 MB | 1.8 MB | 1.5 MB    [0m
2026.04.10 14:59:42 INFO                                                                      [0m
2026.04.10 14:59:42 INFO  Downloaded from central: https://repo.maven.apache.org/maven2/org/springframework/data/spring-data-commons/3.4.2/spring-data-commons-3.4.2.jar (1.5 MB at 1.8 MB/s)[0m
2026.04.10 14:59:42 INFO  Downloading from central: https://repo.maven.apache.org/maven2/org/springframework/spring-orm/6.2.2/spring-orm-6.2.2.jar[0m
2026.04.10 14:59:42 INFO  Downloaded from central: https://repo.maven.apache.org/maven2/org/springframework/data/spring-data-jpa/3.4.2/spring-data-jpa-3.4.2.jar (1.8 MB at 2.1 MB/s)[0m
2026.04.10 14:59:42 INFO  Downloading from central: https://repo.maven.apache.org/maven2/org/springframework/spring-context/6.2.2/spring-context-6.2.2.jar[0m
2026.04.10 14:59:42 INFO  Progress (3): 516/622 kB | 262/342 kB | 0.7/8.5 MB[0m
2026.04.10 14:59:42 INFO  Progress (3): 516/622 kB | 262/342 kB | 0.7/8.5 MB[0m
2026.04.10 14:59:42 INFO  Progress (3): 516/622 kB | 262/342 kB | 0.7/8.5 MB[0m
2026.04.10 14:59:42 INFO  Progress (3): 532/622 kB | 262/342 kB | 0.7/8.5 MB[0m
2026.04.10 14:59:42 INFO  Progress (3): 532/622 kB | 262/342 kB | 0.7/8.5 MB[0m
2026.04.10 14:59:42 INFO  Progress (4): 532/622 kB | 262/342 kB | 0.7/8.5 MB | 0/1.4 MB[0m
2026.04.10 14:59:42 INFO  Progress (4): 532/622 kB | 262/342 kB | 0.7/8.5 MB | 0/1.4 MB[0m
2026.04.10 14:59:42 INFO  Progress (4): 532/622 kB | 262/342 kB | 0.7/8.5 MB | 0/1.4 MB[0m
2026.04.10 14:59:42 INFO  Progress (4): 532/622 kB | 262/342 kB | 0.7/8.5 MB | 0/1.4 MB[0m
2026.04.10 14:59:42 INFO  Progress (4): 532/622 kB | 262/342 kB | 0.7/8.5 MB | 0.1/1.4 MB[0m
2026.04.10 14:59:42 INFO  Progress (5): 532/622 kB | 262/342 kB | 0.7/8.5 MB | 0.1/1.4 MB | 7.7/234 kB[0m
2026.04.10 14:59:42 INFO  Progress (5): 532/622 kB | 262/342 kB | 0.7/8.5 MB | 0.1/1.4 MB | 12/234 kB [0m
2026.04.10 14:59:42 INFO  Progress (5): 532/622 kB | 262/342 kB | 0.7/8.5 MB | 0.1/1.4 MB | 12/234 kB[0m
2026.04.10 14:59:42 INFO  Progress (5): 532/622 kB | 262/342 kB | 0.7/8.5 MB | 0.1/1.4 MB | 28/234 kB[0m
2026.04.10 14:59:42 INFO  Progress (5): 532/622 kB | 262/342 kB | 0.7/8.5 MB | 0.1/1.4 MB | 28/234 kB[0m
2026.04.10 14:59:42 INFO  Progress (5): 532/622 kB | 262/342 kB | 0.7/8.5 MB | 0.1/1.4 MB | 28/234 kB[0m
2026.04.10 14:59:42 INFO  Progress (5): 532/622 kB | 262/342 kB | 0.7/8.5 MB | 0.1/1.4 MB | 44/234 kB[0m
2026.04.10 14:59:42 INFO  Progress (5): 532/622 kB | 262/342 kB | 0.7/8.5 MB | 0.1/1.4 MB | 61/234 kB[0m
2026.04.10 14:59:42 INFO  Progress (5): 532/622 kB | 262/342 kB | 0.7/8.5 MB | 0.1/1.4 MB | 77/234 kB[0m
2026.04.10 14:59:42 INFO  Progress (5): 532/622 kB | 262/342 kB | 0.7/8.5 MB | 0.1/1.4 MB | 77/234 kB[0m
2026.04.10 14:59:42 INFO  Progress (5): 532/622 kB | 262/342 kB | 0.7/8.5 MB | 0.1/1.4 MB | 77/234 kB[0m
2026.04.10 14:59:42 INFO  Progress (5): 532/622 kB | 262/342 kB | 0.7/8.5 MB | 0.1/1.4 MB | 93/234 kB[0m
2026.04.10 14:59:42 INFO  Progress (5): 532/622 kB | 262/342 kB | 0.7/8.5 MB | 0.1/1.4 MB | 93/234 kB[0m
2026.04.10 14:59:42 INFO  Progress (5): 532/622 kB | 262/342 kB | 0.7/8.5 MB | 0.1/1.4 MB | 110/234 kB[0m
2026.04.10 14:59:42 INFO  Progress (5): 532/622 kB | 262/342 kB | 0.7/8.5 MB | 0.1/1.4 MB | 126/234 kB[0m
2026.04.10 14:59:42 INFO  Progress (5): 532/622 kB | 262/342 kB | 0.7/8.5 MB | 0.2/1.4 MB | 126/234 kB[0m
2026.04.10 14:59:42 INFO  Progress (5): 532/622 kB | 262/342 kB | 0.7/8.5 MB | 0.2/1.4 MB | 143/234 kB[0m
2026.04.10 14:59:42 INFO  Progress (5): 532/622 kB | 262/342 kB | 0.7/8.5 MB | 0.2/1.4 MB | 159/234 kB[0m
2026.04.10 14:59:42 INFO  Progress (5): 532/622 kB | 262/342 kB | 0.7/8.5 MB | 0.2/1.4 MB | 175/234 kB[0m
2026.04.10 14:59:42 INFO  Progress (5): 532/622 kB | 262/342 kB | 0.7/8.5 MB | 0.2/1.4 MB | 192/234 kB[0m
2026.04.10 14:59:42 INFO  Progress (5): 532/622 kB | 262/342 kB | 0.7/8.5 MB | 0.2/1.4 MB | 192/234 kB[0m
2026.04.10 14:59:42 INFO  Progress (5): 532/622 kB | 279/342 kB | 0.7/8.5 MB | 0.2/1.4 MB | 192/234 kB[0m
2026.04.10 14:59:42 INFO  Progress (5): 532/622 kB | 279/342 kB | 0.7/8.5 MB | 0.2/1.4 MB | 208/234 kB[0m
2026.04.10 14:59:42 INFO  Progress (5): 532/622 kB | 279/342 kB | 0.7/8.5 MB | 0.2/1.4 MB | 208/234 kB[0m
2026.04.10 14:59:42 INFO  Progress (5): 532/622 kB | 279/342 kB | 0.7/8.5 MB | 0.2/1.4 MB | 225/234 kB[0m
2026.04.10 14:59:42 INFO  Progress (5): 532/622 kB | 279/342 kB | 0.7/8.5 MB | 0.2/1.4 MB | 234 kB    [0m
2026.04.10 14:59:42 INFO  Progress (5): 532/622 kB | 279/342 kB | 0.7/8.5 MB | 0.2/1.4 MB | 234 kB[0m
2026.04.10 14:59:42 INFO  Progress (5): 532/622 kB | 279/342 kB | 0.8/8.5 MB | 0.2/1.4 MB | 234 kB[0m
2026.04.10 14:59:42 INFO  Progress (5): 532/622 kB | 279/342 kB | 0.8/8.5 MB | 0.2/1.4 MB | 234 kB[0m
2026.04.10 14:59:42 INFO  Progress (5): 532/622 kB | 279/342 kB | 0.8/8.5 MB | 0.2/1.4 MB | 234 kB[0m
2026.04.10 14:59:42 INFO  Progress (5): 549/622 kB | 279/342 kB | 0.8/8.5 MB | 0.2/1.4 MB | 234 kB[0m
2026.04.10 14:59:42 INFO  Progress (5): 549/622 kB | 279/342 kB | 0.8/8.5 MB | 0.2/1.4 MB | 234 kB[0m
2026.04.10 14:59:42 INFO  Progress (5): 549/622 kB | 279/342 kB | 0.8/8.5 MB | 0.3/1.4 MB | 234 kB[0m
2026.04.10 14:59:42 INFO                                                                          [0m
2026.04.10 14:59:42 INFO  Downloaded from central: https://repo.maven.apache.org/maven2/org/springframework/spring-orm/6.2.2/spring-orm-6.2.2.jar (234 kB at 264 kB/s)[0m
2026.04.10 14:59:42 INFO  Downloading from central: https://repo.maven.apache.org/maven2/org/springframework/spring-aop/6.2.2/spring-aop-6.2.2.jar[0m
2026.04.10 14:59:42 INFO  Progress (4): 549/622 kB | 279/342 kB | 0.8/8.5 MB | 0.3/1.4 MB[0m
2026.04.10 14:59:42 INFO  Progress (4): 549/622 kB | 279/342 kB | 0.8/8.5 MB | 0.3/1.4 MB[0m
2026.04.10 14:59:42 INFO  Progress (4): 549/622 kB | 279/342 kB | 0.8/8.5 MB | 0.3/1.4 MB[0m
2026.04.10 14:59:42 INFO  Progress (4): 549/622 kB | 279/342 kB | 0.8/8.5 MB | 0.3/1.4 MB[0m
2026.04.10 14:59:42 INFO  Progress (4): 549/622 kB | 279/342 kB | 0.8/8.5 MB | 0.3/1.4 MB[0m
2026.04.10 14:59:42 INFO  Progress (4): 549/622 kB | 279/342 kB | 0.8/8.5 MB | 0.3/1.4 MB[0m
2026.04.10 14:59:42 INFO  Progress (4): 549/622 kB | 279/342 kB | 0.8/8.5 MB | 0.4/1.4 MB[0m
2026.04.10 14:59:42 INFO  Progress (4): 549/622 kB | 279/342 kB | 0.8/8.5 MB | 0.4/1.4 MB[0m
2026.04.10 14:59:42 INFO  Progress (4): 549/622 kB | 279/342 kB | 0.8/8.5 MB | 0.4/1.4 MB[0m
2026.04.10 14:59:42 INFO  Progress (4): 549/622 kB | 279/342 kB | 0.8/8.5 MB | 0.4/1.4 MB[0m
2026.04.10 14:59:42 INFO  Progress (4): 549/622 kB | 279/342 kB | 0.8/8.5 MB | 0.4/1.4 MB[0m
2026.04.10 14:59:42 INFO  Progress (4): 549/622 kB | 279/342 kB | 0.8/8.5 MB | 0.4/1.4 MB[0m
2026.04.10 14:59:42 INFO  Progress (4): 549/622 kB | 279/342 kB | 0.8/8.5 MB | 0.5/1.4 MB[0m
2026.04.10 14:59:42 INFO  Progress (4): 549/622 kB | 279/342 kB | 0.8/8.5 MB | 0.5/1.4 MB[0m
2026.04.10 14:59:42 INFO  Progress (4): 549/622 kB | 279/342 kB | 0.8/8.5 MB | 0.5/1.4 MB[0m
2026.04.10 14:59:42 INFO  Progress (4): 549/622 kB | 279/342 kB | 0.8/8.5 MB | 0.5/1.4 MB[0m
2026.04.10 14:59:42 INFO  Progress (4): 549/622 kB | 279/342 kB | 0.8/8.5 MB | 0.5/1.4 MB[0m
2026.04.10 14:59:42 INFO  Progress (4): 549/622 kB | 279/342 kB | 0.8/8.5 MB | 0.5/1.4 MB[0m
2026.04.10 14:59:42 INFO  Progress (4): 549/622 kB | 279/342 kB | 0.8/8.5 MB | 0.6/1.4 MB[0m
2026.04.10 14:59:42 INFO  Progress (4): 549/622 kB | 279/342 kB | 0.8/8.5 MB | 0.6/1.4 MB[0m
2026.04.10 14:59:42 INFO  Progress (4): 549/622 kB | 279/342 kB | 0.8/8.5 MB | 0.6/1.4 MB[0m
2026.04.10 14:59:42 INFO  Progress (4): 549/622 kB | 279/342 kB | 0.8/8.5 MB | 0.6/1.4 MB[0m
2026.04.10 14:59:42 INFO  Progress (4): 549/622 kB | 279/342 kB | 0.8/8.5 MB | 0.6/1.4 MB[0m
2026.04.10 14:59:42 INFO  Progress (4): 549/622 kB | 279/342 kB | 0.8/8.5 MB | 0.6/1.4 MB[0m
2026.04.10 14:59:42 INFO  Progress (4): 549/622 kB | 279/342 kB | 0.8/8.5 MB | 0.6/1.4 MB[0m
2026.04.10 14:59:42 INFO  Progress (4): 549/622 kB | 279/342 kB | 0.8/8.5 MB | 0.6/1.4 MB[0m
2026.04.10 14:59:42 INFO  Progress (4): 549/622 kB | 279/342 kB | 0.8/8.5 MB | 0.7/1.4 MB[0m
2026.04.10 14:59:42 INFO  Progress (4): 549/622 kB | 279/342 kB | 0.8/8.5 MB | 0.7/1.4 MB[0m
2026.04.10 14:59:42 INFO  Progress (4): 549/622 kB | 279/342 kB | 0.8/8.5 MB | 0.7/1.4 MB[0m
2026.04.10 14:59:42 INFO  Progress (4): 549/622 kB | 279/342 kB | 0.8/8.5 MB | 0.7/1.4 MB[0m
2026.04.10 14:59:42 INFO  Progress (4): 549/622 kB | 279/342 kB | 0.8/8.5 MB | 0.7/1.4 MB[0m
2026.04.10 14:59:42 INFO  Progress (4): 549/622 kB | 279/342 kB | 0.8/8.5 MB | 0.7/1.4 MB[0m
2026.04.10 14:59:42 INFO  Progress (4): 549/622 kB | 279/342 kB | 0.8/8.5 MB | 0.8/1.4 MB[0m
2026.04.10 14:59:42 INFO  Progress (4): 549/622 kB | 279/342 kB | 0.8/8.5 MB | 0.8/1.4 MB[0m
2026.04.10 14:59:42 INFO  Progress (4): 549/622 kB | 279/342 kB | 0.8/8.5 MB | 0.8/1.4 MB[0m
2026.04.10 14:59:42 INFO  Progress (4): 549/622 kB | 279/342 kB | 0.8/8.5 MB | 0.8/1.4 MB[0m
2026.04.10 14:59:42 INFO  Progress (4): 565/622 kB | 279/342 kB | 0.8/8.5 MB | 0.8/1.4 MB[0m
2026.04.10 14:59:42 INFO  Progress (4): 565/622 kB | 279/342 kB | 0.8/8.5 MB | 0.8/1.4 MB[0m
2026.04.10 14:59:42 INFO  Progress (4): 565/622 kB | 279/342 kB | 0.8/8.5 MB | 0.8/1.4 MB[0m
2026.04.10 14:59:42 INFO  Progress (4): 565/622 kB | 279/342 kB | 0.8/8.5 MB | 0.8/1.4 MB[0m
2026.04.10 14:59:42 INFO  Progress (4): 565/622 kB | 279/342 kB | 0.8/8.5 MB | 0.9/1.4 MB[0m
2026.04.10 14:59:42 INFO  Progress (4): 565/622 kB | 279/342 kB | 0.8/8.5 MB | 0.9/1.4 MB[0m
2026.04.10 14:59:42 INFO  Progress (4): 565/622 kB | 295/342 kB | 0.8/8.5 MB | 0.9/1.4 MB[0m
2026.04.10 14:59:42 INFO  Progress (4): 565/622 kB | 295/342 kB | 0.8/8.5 MB | 0.9/1.4 MB[0m
2026.04.10 14:59:42 INFO  Progress (4): 565/622 kB | 295/342 kB | 0.8/8.5 MB | 0.9/1.4 MB[0m
2026.04.10 14:59:42 INFO  Progress (4): 565/622 kB | 295/342 kB | 0.8/8.5 MB | 0.9/1.4 MB[0m
2026.04.10 14:59:42 INFO  Progress (4): 565/622 kB | 295/342 kB | 0.8/8.5 MB | 0.9/1.4 MB[0m
2026.04.10 14:59:42 INFO  Progress (4): 565/622 kB | 295/342 kB | 0.8/8.5 MB | 0.9/1.4 MB[0m
2026.04.10 14:59:42 INFO  Progress (4): 565/622 kB | 295/342 kB | 0.8/8.5 MB | 1.0/1.4 MB[0m
2026.04.10 14:59:42 INFO  Progress (4): 565/622 kB | 295/342 kB | 0.8/8.5 MB | 1.0/1.4 MB[0m
2026.04.10 14:59:42 INFO  Progress (4): 565/622 kB | 295/342 kB | 0.8/8.5 MB | 1.0/1.4 MB[0m
2026.04.10 14:59:42 INFO  Progress (4): 565/622 kB | 295/342 kB | 0.8/8.5 MB | 1.0/1.4 MB[0m
2026.04.10 14:59:42 INFO  Progress (5): 565/622 kB | 295/342 kB | 0.8/8.5 MB | 1.0/1.4 MB | 7.7/418 kB[0m
2026.04.10 14:59:42 INFO  Progress (5): 565/622 kB | 295/342 kB | 0.8/8.5 MB | 1.0/1.4 MB | 16/418 kB [0m
2026.04.10 14:59:42 INFO  Progress (5): 565/622 kB | 295/342 kB | 0.8/8.5 MB | 1.0/1.4 MB | 28/418 kB[0m
2026.04.10 14:59:42 INFO  Progress (5): 565/622 kB | 295/342 kB | 0.8/8.5 MB | 1.0/1.4 MB | 44/418 kB[0m
2026.04.10 14:59:42 INFO  Progress (5): 565/622 kB | 295/342 kB | 0.8/8.5 MB | 1.0/1.4 MB | 44/418 kB[0m
2026.04.10 14:59:42 INFO  Progress (5): 565/622 kB | 295/342 kB | 0.8/8.5 MB | 1.0/1.4 MB | 61/418 kB[0m
2026.04.10 14:59:42 INFO  Progress (5): 565/622 kB | 295/342 kB | 0.8/8.5 MB | 1.0/1.4 MB | 61/418 kB[0m
2026.04.10 14:59:42 INFO  Progress (5): 565/622 kB | 295/342 kB | 0.8/8.5 MB | 1.0/1.4 MB | 77/418 kB[0m
2026.04.10 14:59:42 INFO  Progress (5): 565/622 kB | 295/342 kB | 0.8/8.5 MB | 1.0/1.4 MB | 93/418 kB[0m
2026.04.10 14:59:42 INFO  Progress (5): 565/622 kB | 295/342 kB | 0.8/8.5 MB | 1.0/1.4 MB | 93/418 kB[0m
2026.04.10 14:59:42 INFO  Progress (5): 565/622 kB | 295/342 kB | 0.8/8.5 MB | 1.0/1.4 MB | 110/418 kB[0m
2026.04.10 14:59:42 INFO  Progress (5): 565/622 kB | 295/342 kB | 0.9/8.5 MB | 1.0/1.4 MB | 110/418 kB[0m
2026.04.10 14:59:42 INFO  Progress (5): 565/622 kB | 295/342 kB | 0.9/8.5 MB | 1.1/1.4 MB | 110/418 kB[0m
2026.04.10 14:59:42 INFO  Progress (5): 565/622 kB | 295/342 kB | 0.9/8.5 MB | 1.1/1.4 MB | 126/418 kB[0m
2026.04.10 14:59:42 INFO  Progress (5): 565/622 kB | 295/342 kB | 0.9/8.5 MB | 1.1/1.4 MB | 143/418 kB[0m
2026.04.10 14:59:42 INFO  Progress (5): 565/622 kB | 295/342 kB | 0.9/8.5 MB | 1.1/1.4 MB | 143/418 kB[0m
2026.04.10 14:59:42 INFO  Progress (5): 565/622 kB | 295/342 kB | 0.9/8.5 MB | 1.1/1.4 MB | 143/418 kB[0m
2026.04.10 14:59:42 INFO  Progress (5): 565/622 kB | 295/342 kB | 0.9/8.5 MB | 1.1/1.4 MB | 159/418 kB[0m
2026.04.10 14:59:42 INFO  Progress (5): 565/622 kB | 295/342 kB | 0.9/8.5 MB | 1.1/1.4 MB | 159/418 kB[0m
2026.04.10 14:59:42 INFO  Progress (5): 565/622 kB | 295/342 kB | 0.9/8.5 MB | 1.1/1.4 MB | 175/418 kB[0m
2026.04.10 14:59:42 INFO  Progress (5): 565/622 kB | 295/342 kB | 0.9/8.5 MB | 1.1/1.4 MB | 192/418 kB[0m
2026.04.10 14:59:42 INFO  Progress (5): 565/622 kB | 295/342 kB | 0.9/8.5 MB | 1.1/1.4 MB | 192/418 kB[0m
2026.04.10 14:59:42 INFO  Progress (5): 565/622 kB | 295/342 kB | 0.9/8.5 MB | 1.1/1.4 MB | 208/418 kB[0m
2026.04.10 14:59:42 INFO  Progress (5): 565/622 kB | 295/342 kB | 0.9/8.5 MB | 1.1/1.4 MB | 208/418 kB[0m
2026.04.10 14:59:42 INFO  Progress (5): 565/622 kB | 295/342 kB | 0.9/8.5 MB | 1.1/1.4 MB | 225/418 kB[0m
2026.04.10 14:59:42 INFO  Progress (5): 565/622 kB | 295/342 kB | 0.9/8.5 MB | 1.2/1.4 MB | 225/418 kB[0m
2026.04.10 14:59:42 INFO  Progress (5): 565/622 kB | 295/342 kB | 0.9/8.5 MB | 1.2/1.4 MB | 241/418 kB[0m
2026.04.10 14:59:42 INFO  Progress (5): 565/622 kB | 295/342 kB | 0.9/8.5 MB | 1.2/1.4 MB | 250/418 kB[0m
2026.04.10 14:59:42 INFO  Progress (5): 565/622 kB | 295/342 kB | 0.9/8.5 MB | 1.2/1.4 MB | 266/418 kB[0m
2026.04.10 14:59:42 INFO  Progress (5): 565/622 kB | 295/342 kB | 0.9/8.5 MB | 1.2/1.4 MB | 266/418 kB[0m
2026.04.10 14:59:42 INFO  Progress (5): 565/622 kB | 295/342 kB | 0.9/8.5 MB | 1.2/1.4 MB | 266/418 kB[0m
2026.04.10 14:59:42 INFO  Progress (5): 582/622 kB | 295/342 kB | 0.9/8.5 MB | 1.2/1.4 MB | 266/418 kB[0m
2026.04.10 14:59:42 INFO  Progress (5): 582/622 kB | 295/342 kB | 0.9/8.5 MB | 1.2/1.4 MB | 282/418 kB[0m
2026.04.10 14:59:42 INFO  Progress (5): 582/622 kB | 295/342 kB | 0.9/8.5 MB | 1.2/1.4 MB | 282/418 kB[0m
2026.04.10 14:59:42 INFO  Progress (5): 582/622 kB | 295/342 kB | 0.9/8.5 MB | 1.2/1.4 MB | 299/418 kB[0m
2026.04.10 14:59:42 INFO  Progress (5): 582/622 kB | 295/342 kB | 0.9/8.5 MB | 1.2/1.4 MB | 299/418 kB[0m
2026.04.10 14:59:42 INFO  Progress (5): 582/622 kB | 295/342 kB | 0.9/8.5 MB | 1.2/1.4 MB | 315/418 kB[0m
2026.04.10 14:59:42 INFO  Progress (5): 582/622 kB | 295/342 kB | 0.9/8.5 MB | 1.2/1.4 MB | 331/418 kB[0m
2026.04.10 14:59:42 INFO  Progress (5): 582/622 kB | 295/342 kB | 0.9/8.5 MB | 1.2/1.4 MB | 348/418 kB[0m
2026.04.10 14:59:42 INFO  Progress (5): 582/622 kB | 295/342 kB | 0.9/8.5 MB | 1.2/1.4 MB | 364/418 kB[0m
2026.04.10 14:59:42 INFO  Progress (5): 582/622 kB | 295/342 kB | 0.9/8.5 MB | 1.2/1.4 MB | 364/418 kB[0m
2026.04.10 14:59:42 INFO  Progress (5): 582/622 kB | 295/342 kB | 0.9/8.5 MB | 1.2/1.4 MB | 364/418 kB[0m
2026.04.10 14:59:42 INFO  Progress (5): 582/622 kB | 295/342 kB | 0.9/8.5 MB | 1.3/1.4 MB | 364/418 kB[0m
2026.04.10 14:59:42 INFO  Progress (5): 582/622 kB | 295/342 kB | 0.9/8.5 MB | 1.3/1.4 MB | 381/418 kB[0m
2026.04.10 14:59:42 INFO  Progress (5): 582/622 kB | 295/342 kB | 0.9/8.5 MB | 1.3/1.4 MB | 397/418 kB[0m
2026.04.10 14:59:42 INFO  Progress (5): 582/622 kB | 295/342 kB | 0.9/8.5 MB | 1.3/1.4 MB | 413/418 kB[0m
2026.04.10 14:59:42 INFO  Progress (5): 582/622 kB | 295/342 kB | 0.9/8.5 MB | 1.3/1.4 MB | 413/418 kB[0m
2026.04.10 14:59:42 INFO  Progress (5): 582/622 kB | 295/342 kB | 0.9/8.5 MB | 1.3/1.4 MB | 418 kB    [0m
2026.04.10 14:59:42 INFO                                                                          [0m
2026.04.10 14:59:42 INFO  Downloaded from central: https://repo.maven.apache.org/maven2/org/springframework/spring-aop/6.2.2/spring-aop-6.2.2.jar (418 kB at 449 kB/s)[0m
2026.04.10 14:59:42 INFO  Downloading from central: https://repo.maven.apache.org/maven2/org/springframework/spring-tx/6.2.2/spring-tx-6.2.2.jar[0m
2026.04.10 14:59:42 INFO  Progress (4): 582/622 kB | 295/342 kB | 0.9/8.5 MB | 1.3/1.4 MB[0m
2026.04.10 14:59:42 INFO  Progress (4): 582/622 kB | 295/342 kB | 0.9/8.5 MB | 1.3/1.4 MB[0m
2026.04.10 14:59:42 INFO  Progress (4): 582/622 kB | 295/342 kB | 0.9/8.5 MB | 1.3/1.4 MB[0m
2026.04.10 14:59:42 INFO  Progress (4): 582/622 kB | 295/342 kB | 0.9/8.5 MB | 1.3/1.4 MB[0m
2026.04.10 14:59:42 INFO  Progress (4): 582/622 kB | 295/342 kB | 0.9/8.5 MB | 1.3/1.4 MB[0m
2026.04.10 14:59:42 INFO  Progress (4): 582/622 kB | 295/342 kB | 0.9/8.5 MB | 1.4 MB    [0m
2026.04.10 14:59:42 INFO                                                             [0m
2026.04.10 14:59:42 INFO  Downloaded from central: https://repo.maven.apache.org/maven2/org/springframework/spring-context/6.2.2/spring-context-6.2.2.jar (1.4 MB at 1.4 MB/s)[0m
2026.04.10 14:59:42 INFO  Downloading from central: https://repo.maven.apache.org/maven2/org/springframework/spring-beans/6.2.2/spring-beans-6.2.2.jar[0m
2026.04.10 14:59:42 INFO  Progress (3): 582/622 kB | 295/342 kB | 0.9/8.5 MB[0m
2026.04.10 14:59:42 INFO  Progress (3): 582/622 kB | 295/342 kB | 0.9/8.5 MB[0m
2026.04.10 14:59:42 INFO  Progress (3): 582/622 kB | 311/342 kB | 0.9/8.5 MB[0m
2026.04.10 14:59:42 INFO  Progress (3): 582/622 kB | 311/342 kB | 0.9/8.5 MB[0m
2026.04.10 14:59:42 INFO  Progress (3): 598/622 kB | 311/342 kB | 0.9/8.5 MB[0m
2026.04.10 14:59:42 INFO  Progress (4): 598/622 kB | 311/342 kB | 0.9/8.5 MB | 7.7/285 kB[0m
2026.04.10 14:59:42 INFO  Progress (4): 598/622 kB | 311/342 kB | 0.9/8.5 MB | 16/285 kB [0m
2026.04.10 14:59:42 INFO  Progress (4): 598/622 kB | 311/342 kB | 0.9/8.5 MB | 16/285 kB[0m
2026.04.10 14:59:42 INFO  Progress (4): 598/622 kB | 311/342 kB | 1.0/8.5 MB | 16/285 kB[0m
2026.04.10 14:59:42 INFO  Progress (4): 598/622 kB | 311/342 kB | 1.0/8.5 MB | 33/285 kB[0m
2026.04.10 14:59:42 INFO  Progress (5): 598/622 kB | 311/342 kB | 1.0/8.5 MB | 33/285 kB | 7.7/877 kB[0m
2026.04.10 14:59:42 INFO  Progress (5): 598/622 kB | 311/342 kB | 1.0/8.5 MB | 33/285 kB | 12/877 kB [0m
2026.04.10 14:59:42 INFO  Progress (5): 598/622 kB | 311/342 kB | 1.0/8.5 MB | 33/285 kB | 12/877 kB[0m
2026.04.10 14:59:42 INFO  Progress (5): 598/622 kB | 311/342 kB | 1.0/8.5 MB | 33/285 kB | 29/877 kB[0m
2026.04.10 14:59:42 INFO  Progress (5): 598/622 kB | 311/342 kB | 1.0/8.5 MB | 33/285 kB | 45/877 kB[0m
2026.04.10 14:59:42 INFO  Progress (5): 598/622 kB | 311/342 kB | 1.0/8.5 MB | 49/285 kB | 45/877 kB[0m
2026.04.10 14:59:42 INFO  Progress (5): 598/622 kB | 311/342 kB | 1.0/8.5 MB | 49/285 kB | 61/877 kB[0m
2026.04.10 14:59:42 INFO  Progress (5): 598/622 kB | 311/342 kB | 1.0/8.5 MB | 49/285 kB | 78/877 kB[0m
2026.04.10 14:59:42 INFO  Progress (5): 598/622 kB | 311/342 kB | 1.0/8.5 MB | 49/285 kB | 94/877 kB[0m
2026.04.10 14:59:42 INFO  Progress (5): 598/622 kB | 311/342 kB | 1.0/8.5 MB | 49/285 kB | 111/877 kB[0m
2026.04.10 14:59:42 INFO  Progress (5): 598/622 kB | 311/342 kB | 1.0/8.5 MB | 49/285 kB | 127/877 kB[0m
2026.04.10 14:59:42 INFO  Progress (5): 598/622 kB | 311/342 kB | 1.0/8.5 MB | 49/285 kB | 143/877 kB[0m
2026.04.10 14:59:42 INFO  Progress (5): 598/622 kB | 311/342 kB | 1.0/8.5 MB | 49/285 kB | 160/877 kB[0m
2026.04.10 14:59:42 INFO  Progress (5): 598/622 kB | 311/342 kB | 1.0/8.5 MB | 49/285 kB | 176/877 kB[0m
2026.04.10 14:59:42 INFO  Progress (5): 598/622 kB | 311/342 kB | 1.0/8.5 MB | 49/285 kB | 193/877 kB[0m
2026.04.10 14:59:42 INFO  Progress (5): 598/622 kB | 311/342 kB | 1.0/8.5 MB | 49/285 kB | 193/877 kB[0m
2026.04.10 14:59:42 INFO  Progress (5): 598/622 kB | 311/342 kB | 1.0/8.5 MB | 49/285 kB | 209/877 kB[0m
2026.04.10 14:59:42 INFO  Progress (5): 598/622 kB | 311/342 kB | 1.0/8.5 MB | 49/285 kB | 225/877 kB[0m
2026.04.10 14:59:42 INFO  Progress (5): 598/622 kB | 311/342 kB | 1.0/8.5 MB | 49/285 kB | 242/877 kB[0m
2026.04.10 14:59:42 INFO  Progress (5): 598/622 kB | 311/342 kB | 1.0/8.5 MB | 49/285 kB | 258/877 kB[0m
2026.04.10 14:59:42 INFO  Progress (5): 598/622 kB | 311/342 kB | 1.0/8.5 MB | 66/285 kB | 258/877 kB[0m
2026.04.10 14:59:42 INFO  Progress (5): 598/622 kB | 311/342 kB | 1.0/8.5 MB | 66/285 kB | 274/877 kB[0m
2026.04.10 14:59:42 INFO  Progress (5): 598/622 kB | 311/342 kB | 1.0/8.5 MB | 82/285 kB | 274/877 kB[0m
2026.04.10 14:59:42 INFO  Progress (5): 598/622 kB | 311/342 kB | 1.0/8.5 MB | 82/285 kB | 291/877 kB[0m
2026.04.10 14:59:42 INFO  Progress (5): 598/622 kB | 311/342 kB | 1.0/8.5 MB | 82/285 kB | 307/877 kB[0m
2026.04.10 14:59:42 INFO  Progress (5): 598/622 kB | 311/342 kB | 1.0/8.5 MB | 82/285 kB | 324/877 kB[0m
2026.04.10 14:59:42 INFO  Progress (5): 598/622 kB | 311/342 kB | 1.0/8.5 MB | 98/285 kB | 324/877 kB[0m
2026.04.10 14:59:42 INFO  Progress (5): 598/622 kB | 311/342 kB | 1.0/8.5 MB | 98/285 kB | 340/877 kB[0m
2026.04.10 14:59:42 INFO  Progress (5): 598/622 kB | 311/342 kB | 1.0/8.5 MB | 98/285 kB | 343/877 kB[0m
2026.04.10 14:59:42 INFO  Progress (5): 598/622 kB | 311/342 kB | 1.0/8.5 MB | 98/285 kB | 359/877 kB[0m
2026.04.10 14:59:42 INFO  Progress (5): 598/622 kB | 311/342 kB | 1.0/8.5 MB | 98/285 kB | 376/877 kB[0m
2026.04.10 14:59:42 INFO  Progress (5): 598/622 kB | 311/342 kB | 1.0/8.5 MB | 115/285 kB | 376/877 kB[0m
2026.04.10 14:59:42 INFO  Progress (5): 614/622 kB | 311/342 kB | 1.0/8.5 MB | 115/285 kB | 376/877 kB[0m
2026.04.10 14:59:42 INFO  Progress (5): 614/622 kB | 311/342 kB | 1.0/8.5 MB | 131/285 kB | 376/877 kB[0m
2026.04.10 14:59:42 INFO  Progress (5): 614/622 kB | 311/342 kB | 1.0/8.5 MB | 131/285 kB | 376/877 kB[0m
2026.04.10 14:59:42 INFO  Progress (5): 614/622 kB | 311/342 kB | 1.0/8.5 MB | 131/285 kB | 392/877 kB[0m
2026.04.10 14:59:42 INFO  Progress (5): 614/622 kB | 311/342 kB | 1.0/8.5 MB | 131/285 kB | 408/877 kB[0m
2026.04.10 14:59:42 INFO  Progress (5): 614/622 kB | 311/342 kB | 1.0/8.5 MB | 147/285 kB | 408/877 kB[0m
2026.04.10 14:59:42 INFO  Progress (5): 614/622 kB | 311/342 kB | 1.0/8.5 MB | 147/285 kB | 425/877 kB[0m
2026.04.10 14:59:42 INFO  Progress (5): 614/622 kB | 311/342 kB | 1.0/8.5 MB | 164/285 kB | 425/877 kB[0m
2026.04.10 14:59:42 INFO  Progress (5): 614/622 kB | 311/342 kB | 1.0/8.5 MB | 164/285 kB | 441/877 kB[0m
2026.04.10 14:59:42 INFO  Progress (5): 614/622 kB | 328/342 kB | 1.0/8.5 MB | 164/285 kB | 441/877 kB[0m
2026.04.10 14:59:42 INFO  Progress (5): 614/622 kB | 328/342 kB | 1.0/8.5 MB | 164/285 kB | 457/877 kB[0m
2026.04.10 14:59:42 INFO  Progress (5): 614/622 kB | 328/342 kB | 1.0/8.5 MB | 180/285 kB | 457/877 kB[0m
2026.04.10 14:59:42 INFO  Progress (5): 614/622 kB | 328/342 kB | 1.0/8.5 MB | 180/285 kB | 474/877 kB[0m
2026.04.10 14:59:42 INFO  Progress (5): 614/622 kB | 328/342 kB | 1.0/8.5 MB | 197/285 kB | 474/877 kB[0m
2026.04.10 14:59:42 INFO  Progress (5): 614/622 kB | 328/342 kB | 1.0/8.5 MB | 197/285 kB | 490/877 kB[0m
2026.04.10 14:59:42 INFO  Progress (5): 614/622 kB | 328/342 kB | 1.0/8.5 MB | 197/285 kB | 507/877 kB[0m
2026.04.10 14:59:42 INFO  Progress (5): 614/622 kB | 328/342 kB | 1.0/8.5 MB | 213/285 kB | 507/877 kB[0m
2026.04.10 14:59:42 INFO  Progress (5): 614/622 kB | 328/342 kB | 1.0/8.5 MB | 213/285 kB | 507/877 kB[0m
2026.04.10 14:59:42 INFO  Progress (5): 614/622 kB | 328/342 kB | 1.0/8.5 MB | 229/285 kB | 507/877 kB[0m
2026.04.10 14:59:42 INFO  Progress (5): 614/622 kB | 328/342 kB | 1.0/8.5 MB | 229/285 kB | 523/877 kB[0m
2026.04.10 14:59:42 INFO  Progress (5): 614/622 kB | 328/342 kB | 1.0/8.5 MB | 229/285 kB | 539/877 kB[0m
2026.04.10 14:59:42 INFO  Progress (5): 622 kB | 328/342 kB | 1.0/8.5 MB | 229/285 kB | 539/877 kB    [0m
2026.04.10 14:59:42 INFO  Progress (5): 622 kB | 328/342 kB | 1.0/8.5 MB | 229/285 kB | 556/877 kB[0m
2026.04.10 14:59:42 INFO  Progress (5): 622 kB | 328/342 kB | 1.0/8.5 MB | 246/285 kB | 556/877 kB[0m
2026.04.10 14:59:42 INFO                                                                          [0m
2026.04.10 14:59:42 INFO  Downloaded from central: https://repo.maven.apache.org/maven2/ch/qos/logback/logback-core/1.5.16/logback-core-1.5.16.jar (622 kB at 632 kB/s)[0m
2026.04.10 14:59:42 INFO  Downloading from central: https://repo.maven.apache.org/maven2/org/springframework/spring-aspects/6.2.2/spring-aspects-6.2.2.jar[0m
2026.04.10 14:59:42 INFO  Progress (4): 328/342 kB | 1.0/8.5 MB | 262/285 kB | 556/877 kB[0m
2026.04.10 14:59:42 INFO  Progress (4): 328/342 kB | 1.0/8.5 MB | 262/285 kB | 572/877 kB[0m
2026.04.10 14:59:42 INFO  Progress (4): 328/342 kB | 1.0/8.5 MB | 279/285 kB | 572/877 kB[0m
2026.04.10 14:59:42 INFO  Progress (4): 328/342 kB | 1.0/8.5 MB | 279/285 kB | 589/877 kB[0m
2026.04.10 14:59:42 INFO  Progress (4): 328/342 kB | 1.0/8.5 MB | 279/285 kB | 590/877 kB[0m
2026.04.10 14:59:42 INFO  Progress (4): 328/342 kB | 1.0/8.5 MB | 285 kB | 590/877 kB    [0m
2026.04.10 14:59:42 INFO  Progress (4): 328/342 kB | 1.0/8.5 MB | 285 kB | 606/877 kB[0m
2026.04.10 14:59:42 INFO                                                             [0m
2026.04.10 14:59:42 INFO  Downloaded from central: https://repo.maven.apache.org/maven2/org/springframework/spring-tx/6.2.2/spring-tx-6.2.2.jar (285 kB at 290 kB/s)[0m
2026.04.10 14:59:42 INFO  Downloading from central: https://repo.maven.apache.org/maven2/org/aspectj/aspectjweaver/1.9.22.1/aspectjweaver-1.9.22.1.jar[0m
2026.04.10 14:59:42 INFO  Progress (3): 328/342 kB | 1.0/8.5 MB | 606/877 kB[0m
2026.04.10 14:59:42 INFO  Progress (3): 328/342 kB | 1.0/8.5 MB | 623/877 kB[0m
2026.04.10 14:59:42 INFO  Progress (3): 328/342 kB | 1.0/8.5 MB | 639/877 kB[0m
2026.04.10 14:59:42 INFO  Progress (3): 328/342 kB | 1.0/8.5 MB | 655/877 kB[0m
2026.04.10 14:59:42 INFO  Progress (3): 328/342 kB | 1.0/8.5 MB | 672/877 kB[0m
2026.04.10 14:59:42 INFO  Progress (3): 328/342 kB | 1.0/8.5 MB | 688/877 kB[0m
2026.04.10 14:59:42 INFO  Progress (3): 328/342 kB | 1.0/8.5 MB | 705/877 kB[0m
2026.04.10 14:59:42 INFO  Progress (3): 328/342 kB | 1.0/8.5 MB | 721/877 kB[0m
2026.04.10 14:59:42 INFO  Progress (3): 328/342 kB | 1.0/8.5 MB | 737/877 kB[0m
2026.04.10 14:59:42 INFO  Progress (3): 328/342 kB | 1.0/8.5 MB | 754/877 kB[0m
2026.04.10 14:59:42 INFO  Progress (3): 328/342 kB | 1.0/8.5 MB | 770/877 kB[0m
2026.04.10 14:59:42 INFO  Progress (3): 328/342 kB | 1.1/8.5 MB | 770/877 kB[0m
2026.04.10 14:59:42 INFO  Progress (3): 328/342 kB | 1.1/8.5 MB | 786/877 kB[0m
2026.04.10 14:59:42 INFO  Progress (3): 328/342 kB | 1.1/8.5 MB | 803/877 kB[0m
2026.04.10 14:59:42 INFO  Progress (3): 328/342 kB | 1.1/8.5 MB | 819/877 kB[0m
2026.04.10 14:59:42 INFO  Progress (3): 328/342 kB | 1.1/8.5 MB | 836/877 kB[0m
2026.04.10 14:59:42 INFO  Progress (3): 328/342 kB | 1.1/8.5 MB | 852/877 kB[0m
2026.04.10 14:59:42 INFO  Progress (3): 328/342 kB | 1.1/8.5 MB | 868/877 kB[0m
2026.04.10 14:59:42 INFO  Progress (3): 328/342 kB | 1.1/8.5 MB | 877 kB    [0m
2026.04.10 14:59:42 INFO                                                [0m
2026.04.10 14:59:42 INFO  Downloaded from central: https://repo.maven.apache.org/maven2/org/springframework/spring-beans/6.2.2/spring-beans-6.2.2.jar (877 kB at 885 kB/s)[0m
2026.04.10 14:59:42 INFO  Downloading from central: https://repo.maven.apache.org/maven2/org/springframework/boot/spring-boot-starter-web/3.4.2/spring-boot-starter-web-3.4.2.jar[0m
2026.04.10 14:59:42 INFO  Progress (2): 328/342 kB | 1.1/8.5 MB[0m
2026.04.10 14:59:42 INFO  Progress (2): 342 kB | 1.1/8.5 MB    [0m
2026.04.10 14:59:42 INFO                                   [0m
2026.04.10 14:59:42 INFO  Downloaded from central: https://repo.maven.apache.org/maven2/org/yaml/snakeyaml/2.3/snakeyaml-2.3.jar (342 kB at 342 kB/s)[0m
2026.04.10 14:59:42 INFO  Downloading from central: https://repo.maven.apache.org/maven2/org/springframework/boot/spring-boot-starter-json/3.4.2/spring-boot-starter-json-3.4.2.jar[0m
2026.04.10 14:59:42 INFO  Progress (1): 1.1/8.5 MB[0m
2026.04.10 14:59:42 INFO  Progress (1): 1.1/8.5 MB[0m
2026.04.10 14:59:42 INFO  Progress (2): 1.1/8.5 MB | 0/2.2 MB[0m
2026.04.10 14:59:42 INFO  Progress (2): 1.1/8.5 MB | 0/2.2 MB[0m
2026.04.10 14:59:42 INFO  Progress (2): 1.1/8.5 MB | 0/2.2 MB[0m
2026.04.10 14:59:42 INFO  Progress (2): 1.1/8.5 MB | 0/2.2 MB[0m
2026.04.10 14:59:42 INFO  Progress (2): 1.1/8.5 MB | 0.1/2.2 MB[0m
2026.04.10 14:59:42 INFO  Progress (2): 1.1/8.5 MB | 0.1/2.2 MB[0m
2026.04.10 14:59:42 INFO  Progress (2): 1.1/8.5 MB | 0.1/2.2 MB[0m
2026.04.10 14:59:42 INFO  Progress (2): 1.1/8.5 MB | 0.1/2.2 MB[0m
2026.04.10 14:59:42 INFO  Progress (2): 1.1/8.5 MB | 0.1/2.2 MB[0m
2026.04.10 14:59:42 INFO  Progress (2): 1.1/8.5 MB | 0.1/2.2 MB[0m
2026.04.10 14:59:42 INFO  Progress (2): 1.1/8.5 MB | 0.1/2.2 MB[0m
2026.04.10 14:59:42 INFO  Progress (2): 1.1/8.5 MB | 0.2/2.2 MB[0m
2026.04.10 14:59:42 INFO  Progress (2): 1.1/8.5 MB | 0.2/2.2 MB[0m
2026.04.10 14:59:42 INFO  Progress (2): 1.1/8.5 MB | 0.2/2.2 MB[0m
2026.04.10 14:59:42 INFO  Progress (2): 1.1/8.5 MB | 0.2/2.2 MB[0m
2026.04.10 14:59:42 INFO  Progress (2): 1.1/8.5 MB | 0.2/2.2 MB[0m
2026.04.10 14:59:42 INFO  Progress (2): 1.1/8.5 MB | 0.2/2.2 MB[0m
2026.04.10 14:59:42 INFO  Progress (3): 1.1/8.5 MB | 0.2/2.2 MB | 4.8 kB[0m
2026.04.10 14:59:42 INFO  Progress (3): 1.1/8.5 MB | 0.3/2.2 MB | 4.8 kB[0m
2026.04.10 14:59:42 INFO  Progress (3): 1.1/8.5 MB | 0.3/2.2 MB | 4.8 kB[0m
2026.04.10 14:59:42 INFO                                                [0m
2026.04.10 14:59:42 INFO  Downloaded from central: https://repo.maven.apache.org/maven2/org/springframework/boot/spring-boot-starter-web/3.4.2/spring-boot-starter-web-3.4.2.jar (4.8 kB at 4.7 kB/s)[0m
2026.04.10 14:59:42 INFO  Downloading from central: https://repo.maven.apache.org/maven2/com/fasterxml/jackson/core/jackson-databind/2.18.2/jackson-databind-2.18.2.jar[0m
2026.04.10 14:59:42 INFO  Progress (2): 1.1/8.5 MB | 0.3/2.2 MB[0m
2026.04.10 14:59:42 INFO  Progress (2): 1.1/8.5 MB | 0.3/2.2 MB[0m
2026.04.10 14:59:42 INFO  Progress (2): 1.1/8.5 MB | 0.3/2.2 MB[0m
2026.04.10 14:59:42 INFO  Progress (2): 1.1/8.5 MB | 0.3/2.2 MB[0m
2026.04.10 14:59:42 INFO  Progress (2): 1.1/8.5 MB | 0.4/2.2 MB[0m
2026.04.10 14:59:42 INFO  Progress (2): 1.1/8.5 MB | 0.4/2.2 MB[0m
2026.04.10 14:59:42 INFO  Progress (2): 1.1/8.5 MB | 0.4/2.2 MB[0m
2026.04.10 14:59:42 INFO  Progress (2): 1.1/8.5 MB | 0.4/2.2 MB[0m
2026.04.10 14:59:42 INFO  Progress (2): 1.1/8.5 MB | 0.4/2.2 MB[0m
2026.04.10 14:59:42 INFO  Progress (2): 1.1/8.5 MB | 0.4/2.2 MB[0m
2026.04.10 14:59:42 INFO  Progress (3): 1.1/8.5 MB | 0.4/2.2 MB | 7.7/50 kB[0m
2026.04.10 14:59:42 INFO  Progress (3): 1.1/8.5 MB | 0.4/2.2 MB | 12/50 kB [0m
2026.04.10 14:59:42 INFO  Progress (3): 1.1/8.5 MB | 0.4/2.2 MB | 12/50 kB[0m
2026.04.10 14:59:42 INFO  Progress (3): 1.1/8.5 MB | 0.5/2.2 MB | 12/50 kB[0m
2026.04.10 14:59:42 INFO  Progress (3): 1.1/8.5 MB | 0.5/2.2 MB | 12/50 kB[0m
2026.04.10 14:59:42 INFO  Progress (3): 1.1/8.5 MB | 0.5/2.2 MB | 12/50 kB[0m
2026.04.10 14:59:42 INFO  Progress (3): 1.1/8.5 MB | 0.5/2.2 MB | 12/50 kB[0m
2026.04.10 14:59:42 INFO  Progress (3): 1.1/8.5 MB | 0.5/2.2 MB | 12/50 kB[0m
2026.04.10 14:59:42 INFO  Progress (3): 1.1/8.5 MB | 0.5/2.2 MB | 12/50 kB[0m
2026.04.10 14:59:42 INFO  Progress (3): 1.1/8.5 MB | 0.5/2.2 MB | 12/50 kB[0m
2026.04.10 14:59:42 INFO  Progress (3): 1.1/8.5 MB | 0.6/2.2 MB | 12/50 kB[0m
2026.04.10 14:59:42 INFO  Progress (3): 1.1/8.5 MB | 0.6/2.2 MB | 12/50 kB[0m
2026.04.10 14:59:42 INFO  Progress (3): 1.1/8.5 MB | 0.6/2.2 MB | 12/50 kB[0m
2026.04.10 14:59:42 INFO  Progress (3): 1.2/8.5 MB | 0.6/2.2 MB | 12/50 kB[0m
2026.04.10 14:59:42 INFO  Progress (3): 1.2/8.5 MB | 0.6/2.2 MB | 12/50 kB[0m
2026.04.10 14:59:42 INFO  Progress (3): 1.2/8.5 MB | 0.6/2.2 MB | 12/50 kB[0m
2026.04.10 14:59:42 INFO  Progress (3): 1.2/8.5 MB | 0.6/2.2 MB | 12/50 kB[0m
2026.04.10 14:59:42 INFO  Progress (3): 1.2/8.5 MB | 0.7/2.2 MB | 12/50 kB[0m
2026.04.10 14:59:42 INFO  Progress (3): 1.2/8.5 MB | 0.7/2.2 MB | 12/50 kB[0m
2026.04.10 14:59:42 INFO  Progress (3): 1.2/8.5 MB | 0.7/2.2 MB | 12/50 kB[0m
2026.04.10 14:59:42 INFO  Progress (3): 1.2/8.5 MB | 0.7/2.2 MB | 12/50 kB[0m
2026.04.10 14:59:42 INFO  Progress (3): 1.2/8.5 MB | 0.7/2.2 MB | 12/50 kB[0m
2026.04.10 14:59:42 INFO  Progress (3): 1.2/8.5 MB | 0.7/2.2 MB | 12/50 kB[0m
2026.04.10 14:59:42 INFO  Progress (4): 1.2/8.5 MB | 0.7/2.2 MB | 12/50 kB | 4.7 kB[0m
2026.04.10 14:59:42 INFO  Progress (4): 1.2/8.5 MB | 0.8/2.2 MB | 12/50 kB | 4.7 kB[0m
2026.04.10 14:59:42 INFO                                                           [0m
2026.04.10 14:59:42 INFO  Downloaded from central: https://repo.maven.apache.org/maven2/org/springframework/boot/spring-boot-starter-json/3.4.2/spring-boot-starter-json-3.4.2.jar (4.7 kB at 4.6 kB/s)[0m
2026.04.10 14:59:42 INFO  Downloading from central: https://repo.maven.apache.org/maven2/com/fasterxml/jackson/core/jackson-core/2.18.2/jackson-core-2.18.2.jar[0m
2026.04.10 14:59:42 INFO  Progress (3): 1.2/8.5 MB | 0.8/2.2 MB | 12/50 kB[0m
2026.04.10 14:59:42 INFO  Progress (3): 1.2/8.5 MB | 0.8/2.2 MB | 12/50 kB[0m
2026.04.10 14:59:42 INFO  Progress (3): 1.2/8.5 MB | 0.8/2.2 MB | 12/50 kB[0m
2026.04.10 14:59:42 INFO  Progress (3): 1.2/8.5 MB | 0.8/2.2 MB | 12/50 kB[0m
2026.04.10 14:59:42 INFO  Progress (3): 1.2/8.5 MB | 0.8/2.2 MB | 12/50 kB[0m
2026.04.10 14:59:42 INFO  Progress (3): 1.2/8.5 MB | 0.8/2.2 MB | 12/50 kB[0m
2026.04.10 14:59:42 INFO  Progress (3): 1.2/8.5 MB | 0.9/2.2 MB | 12/50 kB[0m
2026.04.10 14:59:42 INFO  Progress (3): 1.2/8.5 MB | 0.9/2.2 MB | 12/50 kB[0m
2026.04.10 14:59:42 INFO  Progress (3): 1.2/8.5 MB | 0.9/2.2 MB | 12/50 kB[0m
2026.04.10 14:59:42 INFO  Progress (3): 1.2/8.5 MB | 0.9/2.2 MB | 12/50 kB[0m
2026.04.10 14:59:42 INFO  Progress (3): 1.2/8.5 MB | 0.9/2.2 MB | 12/50 kB[0m
2026.04.10 14:59:42 INFO  Progress (3): 1.2/8.5 MB | 0.9/2.2 MB | 12/50 kB[0m
2026.04.10 14:59:42 INFO  Progress (3): 1.2/8.5 MB | 0.9/2.2 MB | 12/50 kB[0m
2026.04.10 14:59:42 INFO  Progress (3): 1.2/8.5 MB | 1.0/2.2 MB | 12/50 kB[0m
2026.04.10 14:59:42 INFO  Progress (3): 1.2/8.5 MB | 1.0/2.2 MB | 12/50 kB[0m
2026.04.10 14:59:42 INFO  Progress (3): 1.2/8.5 MB | 1.0/2.2 MB | 12/50 kB[0m
2026.04.10 14:59:42 INFO  Progress (3): 1.2/8.5 MB | 1.0/2.2 MB | 12/50 kB[0m
2026.04.10 14:59:42 INFO  Progress (3): 1.2/8.5 MB | 1.0/2.2 MB | 12/50 kB[0m
2026.04.10 14:59:42 INFO  Progress (3): 1.2/8.5 MB | 1.0/2.2 MB | 12/50 kB[0m
2026.04.10 14:59:42 INFO  Progress (3): 1.2/8.5 MB | 1.0/2.2 MB | 12/50 kB[0m
2026.04.10 14:59:42 INFO  Progress (3): 1.2/8.5 MB | 1.1/2.2 MB | 12/50 kB[0m
2026.04.10 14:59:42 INFO  Progress (3): 1.2/8.5 MB | 1.1/2.2 MB | 12/50 kB[0m
2026.04.10 14:59:42 INFO  Progress (3): 1.2/8.5 MB | 1.1/2.2 MB | 12/50 kB[0m
2026.04.10 14:59:42 INFO  Progress (3): 1.2/8.5 MB | 1.1/2.2 MB | 29/50 kB[0m
2026.04.10 14:59:42 INFO  Progress (3): 1.2/8.5 MB | 1.1/2.2 MB | 29/50 kB[0m
2026.04.10 14:59:42 INFO  Progress (3): 1.2/8.5 MB | 1.1/2.2 MB | 29/50 kB[0m
2026.04.10 14:59:42 INFO  Progress (3): 1.2/8.5 MB | 1.1/2.2 MB | 29/50 kB[0m
2026.04.10 14:59:42 INFO  Progress (3): 1.2/8.5 MB | 1.2/2.2 MB | 29/50 kB[0m
2026.04.10 14:59:42 INFO  Progress (3): 1.2/8.5 MB | 1.2/2.2 MB | 29/50 kB[0m
2026.04.10 14:59:42 INFO  Progress (3): 1.2/8.5 MB | 1.2/2.2 MB | 29/50 kB[0m
2026.04.10 14:59:42 INFO  Progress (3): 1.2/8.5 MB | 1.2/2.2 MB | 29/50 kB[0m
2026.04.10 14:59:42 INFO  Progress (3): 1.2/8.5 MB | 1.2/2.2 MB | 29/50 kB[0m
2026.04.10 14:59:42 INFO  Progress (3): 1.2/8.5 MB | 1.2/2.2 MB | 29/50 kB[0m
2026.04.10 14:59:42 INFO  Progress (3): 1.2/8.5 MB | 1.3/2.2 MB | 29/50 kB[0m
2026.04.10 14:59:42 INFO  Progress (3): 1.2/8.5 MB | 1.3/2.2 MB | 29/50 kB[0m
2026.04.10 14:59:42 INFO  Progress (3): 1.2/8.5 MB | 1.3/2.2 MB | 29/50 kB[0m
2026.04.10 14:59:42 INFO  Progress (3): 1.2/8.5 MB | 1.3/2.2 MB | 29/50 kB[0m
2026.04.10 14:59:42 INFO  Progress (3): 1.2/8.5 MB | 1.3/2.2 MB | 29/50 kB[0m
2026.04.10 14:59:42 INFO  Progress (3): 1.2/8.5 MB | 1.3/2.2 MB | 29/50 kB[0m
2026.04.10 14:59:42 INFO  Progress (3): 1.2/8.5 MB | 1.4/2.2 MB | 29/50 kB[0m
2026.04.10 14:59:42 INFO  Progress (4): 1.2/8.5 MB | 1.4/2.2 MB | 29/50 kB | 0/1.7 MB[0m
2026.04.10 14:59:42 INFO  Progress (4): 1.2/8.5 MB | 1.4/2.2 MB | 29/50 kB | 0/1.7 MB[0m
2026.04.10 14:59:42 INFO  Progress (4): 1.2/8.5 MB | 1.4/2.2 MB | 29/50 kB | 0/1.7 MB[0m
2026.04.10 14:59:42 INFO  Progress (4): 1.2/8.5 MB | 1.4/2.2 MB | 29/50 kB | 0/1.7 MB[0m
2026.04.10 14:59:42 INFO  Progress (4): 1.2/8.5 MB | 1.4/2.2 MB | 29/50 kB | 0/1.7 MB[0m
2026.04.10 14:59:42 INFO  Progress (4): 1.2/8.5 MB | 1.4/2.2 MB | 29/50 kB | 0/1.7 MB[0m
2026.04.10 14:59:42 INFO  Progress (4): 1.2/8.5 MB | 1.4/2.2 MB | 29/50 kB | 0/1.7 MB[0m
2026.04.10 14:59:42 INFO  Progress (4): 1.2/8.5 MB | 1.4/2.2 MB | 29/50 kB | 0.1/1.7 MB[0m
2026.04.10 14:59:42 INFO  Progress (4): 1.2/8.5 MB | 1.4/2.2 MB | 29/50 kB | 0.1/1.7 MB[0m
2026.04.10 14:59:42 INFO  Progress (4): 1.2/8.5 MB | 1.4/2.2 MB | 29/50 kB | 0.1/1.7 MB[0m
2026.04.10 14:59:42 INFO  Progress (4): 1.2/8.5 MB | 1.4/2.2 MB | 29/50 kB | 0.1/1.7 MB[0m
2026.04.10 14:59:42 INFO  Progress (4): 1.2/8.5 MB | 1.4/2.2 MB | 29/50 kB | 0.1/1.7 MB[0m
2026.04.10 14:59:42 INFO  Progress (4): 1.2/8.5 MB | 1.5/2.2 MB | 29/50 kB | 0.1/1.7 MB[0m
2026.04.10 14:59:42 INFO  Progress (4): 1.2/8.5 MB | 1.5/2.2 MB | 29/50 kB | 0.1/1.7 MB[0m
2026.04.10 14:59:42 INFO  Progress (4): 1.2/8.5 MB | 1.5/2.2 MB | 29/50 kB | 0.1/1.7 MB[0m
2026.04.10 14:59:42 INFO  Progress (4): 1.2/8.5 MB | 1.5/2.2 MB | 29/50 kB | 0.1/1.7 MB[0m
2026.04.10 14:59:42 INFO  Progress (4): 1.2/8.5 MB | 1.5/2.2 MB | 29/50 kB | 0.1/1.7 MB[0m
2026.04.10 14:59:42 INFO  Progress (4): 1.2/8.5 MB | 1.5/2.2 MB | 29/50 kB | 0.1/1.7 MB[0m
2026.04.10 14:59:42 INFO  Progress (4): 1.2/8.5 MB | 1.5/2.2 MB | 29/50 kB | 0.1/1.7 MB[0m
2026.04.10 14:59:42 INFO  Progress (4): 1.2/8.5 MB | 1.5/2.2 MB | 29/50 kB | 0.1/1.7 MB[0m
2026.04.10 14:59:42 INFO  Progress (4): 1.2/8.5 MB | 1.5/2.2 MB | 29/50 kB | 0.1/1.7 MB[0m
2026.04.10 14:59:42 INFO  Progress (4): 1.2/8.5 MB | 1.6/2.2 MB | 29/50 kB | 0.1/1.7 MB[0m
2026.04.10 14:59:42 INFO  Progress (4): 1.2/8.5 MB | 1.6/2.2 MB | 29/50 kB | 0.2/1.7 MB[0m
2026.04.10 14:59:42 INFO  Progress (4): 1.2/8.5 MB | 1.6/2.2 MB | 29/50 kB | 0.2/1.7 MB[0m
2026.04.10 14:59:42 INFO  Progress (4): 1.2/8.5 MB | 1.6/2.2 MB | 29/50 kB | 0.2/1.7 MB[0m
2026.04.10 14:59:42 INFO  Progress (4): 1.2/8.5 MB | 1.6/2.2 MB | 29/50 kB | 0.2/1.7 MB[0m
2026.04.10 14:59:42 INFO  Progress (4): 1.2/8.5 MB | 1.6/2.2 MB | 29/50 kB | 0.2/1.7 MB[0m
2026.04.10 14:59:42 INFO  Progress (4): 1.2/8.5 MB | 1.6/2.2 MB | 29/50 kB | 0.2/1.7 MB[0m
2026.04.10 14:59:42 INFO  Progress (4): 1.2/8.5 MB | 1.6/2.2 MB | 29/50 kB | 0.2/1.7 MB[0m
2026.04.10 14:59:42 INFO  Progress (4): 1.2/8.5 MB | 1.6/2.2 MB | 29/50 kB | 0.2/1.7 MB[0m
2026.04.10 14:59:42 INFO  Progress (4): 1.2/8.5 MB | 1.6/2.2 MB | 29/50 kB | 0.2/1.7 MB[0m
2026.04.10 14:59:42 INFO  Progress (4): 1.2/8.5 MB | 1.6/2.2 MB | 29/50 kB | 0.2/1.7 MB[0m
2026.04.10 14:59:42 INFO  Progress (4): 1.2/8.5 MB | 1.6/2.2 MB | 29/50 kB | 0.2/1.7 MB[0m
2026.04.10 14:59:42 INFO  Progress (4): 1.2/8.5 MB | 1.7/2.2 MB | 29/50 kB | 0.2/1.7 MB[0m
2026.04.10 14:59:42 INFO  Progress (4): 1.2/8.5 MB | 1.7/2.2 MB | 29/50 kB | 0.2/1.7 MB[0m
2026.04.10 14:59:42 INFO  Progress (4): 1.2/8.5 MB | 1.7/2.2 MB | 29/50 kB | 0.2/1.7 MB[0m
2026.04.10 14:59:42 INFO  Progress (4): 1.2/8.5 MB | 1.7/2.2 MB | 29/50 kB | 0.2/1.7 MB[0m
2026.04.10 14:59:42 INFO  Progress (4): 1.2/8.5 MB | 1.7/2.2 MB | 29/50 kB | 0.2/1.7 MB[0m
2026.04.10 14:59:42 INFO  Progress (4): 1.2/8.5 MB | 1.7/2.2 MB | 29/50 kB | 0.2/1.7 MB[0m
2026.04.10 14:59:42 INFO  Progress (4): 1.2/8.5 MB | 1.7/2.2 MB | 29/50 kB | 0.2/1.7 MB[0m
2026.04.10 14:59:42 INFO  Progress (4): 1.2/8.5 MB | 1.7/2.2 MB | 29/50 kB | 0.2/1.7 MB[0m
2026.04.10 14:59:42 INFO  Progress (4): 1.2/8.5 MB | 1.7/2.2 MB | 29/50 kB | 0.2/1.7 MB[0m
2026.04.10 14:59:42 INFO  Progress (4): 1.2/8.5 MB | 1.8/2.2 MB | 29/50 kB | 0.2/1.7 MB[0m
2026.04.10 14:59:42 INFO  Progress (4): 1.2/8.5 MB | 1.8/2.2 MB | 29/50 kB | 0.2/1.7 MB[0m
2026.04.10 14:59:42 INFO  Progress (4): 1.2/8.5 MB | 1.8/2.2 MB | 29/50 kB | 0.2/1.7 MB[0m
2026.04.10 14:59:42 INFO  Progress (4): 1.2/8.5 MB | 1.8/2.2 MB | 29/50 kB | 0.2/1.7 MB[0m
2026.04.10 14:59:42 INFO  Progress (4): 1.2/8.5 MB | 1.8/2.2 MB | 29/50 kB | 0.3/1.7 MB[0m
2026.04.10 14:59:42 INFO  Progress (4): 1.2/8.5 MB | 1.8/2.2 MB | 29/50 kB | 0.3/1.7 MB[0m
2026.04.10 14:59:42 INFO  Progress (4): 1.2/8.5 MB | 1.8/2.2 MB | 29/50 kB | 0.3/1.7 MB[0m
2026.04.10 14:59:42 INFO  Progress (4): 1.2/8.5 MB | 1.9/2.2 MB | 29/50 kB | 0.3/1.7 MB[0m
2026.04.10 14:59:42 INFO  Progress (4): 1.2/8.5 MB | 1.9/2.2 MB | 29/50 kB | 0.3/1.7 MB[0m
2026.04.10 14:59:42 INFO  Progress (4): 1.2/8.5 MB | 1.9/2.2 MB | 29/50 kB | 0.3/1.7 MB[0m
2026.04.10 14:59:42 INFO  Progress (4): 1.2/8.5 MB | 1.9/2.2 MB | 29/50 kB | 0.3/1.7 MB[0m
2026.04.10 14:59:42 INFO  Progress (4): 1.2/8.5 MB | 1.9/2.2 MB | 29/50 kB | 0.3/1.7 MB[0m
2026.04.10 14:59:42 INFO  Progress (4): 1.2/8.5 MB | 1.9/2.2 MB | 29/50 kB | 0.3/1.7 MB[0m
2026.04.10 14:59:42 INFO  Progress (4): 1.2/8.5 MB | 1.9/2.2 MB | 45/50 kB | 0.3/1.7 MB[0m
2026.04.10 14:59:42 INFO  Progress (4): 1.2/8.5 MB | 1.9/2.2 MB | 45/50 kB | 0.3/1.7 MB[0m
2026.04.10 14:59:42 INFO  Progress (4): 1.2/8.5 MB | 1.9/2.2 MB | 45/50 kB | 0.3/1.7 MB[0m
2026.04.10 14:59:42 INFO  Progress (4): 1.2/8.5 MB | 1.9/2.2 MB | 45/50 kB | 0.3/1.7 MB[0m
2026.04.10 14:59:42 INFO  Progress (4): 1.2/8.5 MB | 1.9/2.2 MB | 45/50 kB | 0.3/1.7 MB[0m
2026.04.10 14:59:42 INFO  Progress (4): 1.2/8.5 MB | 2.0/2.2 MB | 45/50 kB | 0.3/1.7 MB[0m
2026.04.10 14:59:42 INFO  Progress (4): 1.2/8.5 MB | 2.0/2.2 MB | 45/50 kB | 0.3/1.7 MB[0m
2026.04.10 14:59:42 INFO  Progress (4): 1.2/8.5 MB | 2.0/2.2 MB | 45/50 kB | 0.3/1.7 MB[0m
2026.04.10 14:59:42 INFO  Progress (4): 1.2/8.5 MB | 2.0/2.2 MB | 45/50 kB | 0.3/1.7 MB[0m
2026.04.10 14:59:42 INFO  Progress (4): 1.2/8.5 MB | 2.0/2.2 MB | 45/50 kB | 0.3/1.7 MB[0m
2026.04.10 14:59:42 INFO  Progress (4): 1.2/8.5 MB | 2.0/2.2 MB | 45/50 kB | 0.4/1.7 MB[0m
2026.04.10 14:59:42 INFO  Progress (4): 1.2/8.5 MB | 2.0/2.2 MB | 45/50 kB | 0.4/1.7 MB[0m
2026.04.10 14:59:42 INFO  Progress (4): 1.2/8.5 MB | 2.0/2.2 MB | 45/50 kB | 0.4/1.7 MB[0m
2026.04.10 14:59:42 INFO  Progress (4): 1.2/8.5 MB | 2.0/2.2 MB | 45/50 kB | 0.4/1.7 MB[0m
2026.04.10 14:59:42 INFO  Progress (4): 1.2/8.5 MB | 2.0/2.2 MB | 45/50 kB | 0.4/1.7 MB[0m
2026.04.10 14:59:42 INFO  Progress (4): 1.2/8.5 MB | 2.0/2.2 MB | 45/50 kB | 0.4/1.7 MB[0m
2026.04.10 14:59:42 INFO  Progress (4): 1.2/8.5 MB | 2.0/2.2 MB | 45/50 kB | 0.4/1.7 MB[0m
2026.04.10 14:59:42 INFO  Progress (4): 1.2/8.5 MB | 2.0/2.2 MB | 45/50 kB | 0.5/1.7 MB[0m
2026.04.10 14:59:42 INFO  Progress (4): 1.2/8.5 MB | 2.0/2.2 MB | 45/50 kB | 0.5/1.7 MB[0m
2026.04.10 14:59:42 INFO  Progress (4): 1.2/8.5 MB | 2.0/2.2 MB | 45/50 kB | 0.5/1.7 MB[0m
2026.04.10 14:59:42 INFO  Progress (4): 1.2/8.5 MB | 2.0/2.2 MB | 45/50 kB | 0.5/1.7 MB[0m
2026.04.10 14:59:42 INFO  Progress (4): 1.2/8.5 MB | 2.0/2.2 MB | 45/50 kB | 0.5/1.7 MB[0m
2026.04.10 14:59:42 INFO  Progress (4): 1.2/8.5 MB | 2.0/2.2 MB | 45/50 kB | 0.5/1.7 MB[0m
2026.04.10 14:59:42 INFO  Progress (4): 1.2/8.5 MB | 2.0/2.2 MB | 45/50 kB | 0.6/1.7 MB[0m
2026.04.10 14:59:42 INFO  Progress (4): 1.2/8.5 MB | 2.0/2.2 MB | 45/50 kB | 0.6/1.7 MB[0m
2026.04.10 14:59:42 INFO  Progress (4): 1.2/8.5 MB | 2.0/2.2 MB | 45/50 kB | 0.6/1.7 MB[0m
2026.04.10 14:59:42 INFO  Progress (4): 1.2/8.5 MB | 2.0/2.2 MB | 45/50 kB | 0.6/1.7 MB[0m
2026.04.10 14:59:42 INFO  Progress (4): 1.2/8.5 MB | 2.0/2.2 MB | 45/50 kB | 0.6/1.7 MB[0m
2026.04.10 14:59:42 INFO  Progress (4): 1.2/8.5 MB | 2.0/2.2 MB | 45/50 kB | 0.6/1.7 MB[0m
2026.04.10 14:59:42 INFO  Progress (4): 1.2/8.5 MB | 2.0/2.2 MB | 45/50 kB | 0.6/1.7 MB[0m
2026.04.10 14:59:42 INFO  Progress (4): 1.2/8.5 MB | 2.0/2.2 MB | 45/50 kB | 0.6/1.7 MB[0m
2026.04.10 14:59:42 INFO  Progress (5): 1.2/8.5 MB | 2.0/2.2 MB | 45/50 kB | 0.6/1.7 MB | 7.7/598 kB[0m
2026.04.10 14:59:42 INFO  Progress (5): 1.2/8.5 MB | 2.0/2.2 MB | 45/50 kB | 0.6/1.7 MB | 12/598 kB [0m
2026.04.10 14:59:42 INFO  Progress (5): 1.2/8.5 MB | 2.0/2.2 MB | 45/50 kB | 0.7/1.7 MB | 12/598 kB[0m
2026.04.10 14:59:42 INFO  Progress (5): 1.2/8.5 MB | 2.0/2.2 MB | 45/50 kB | 0.7/1.7 MB | 12/598 kB[0m
2026.04.10 14:59:42 INFO  Progress (5): 1.2/8.5 MB | 2.0/2.2 MB | 45/50 kB | 0.7/1.7 MB | 12/598 kB[0m
2026.04.10 14:59:42 INFO  Progress (5): 1.2/8.5 MB | 2.0/2.2 MB | 45/50 kB | 0.7/1.7 MB | 12/598 kB[0m
2026.04.10 14:59:42 INFO  Progress (5): 1.2/8.5 MB | 2.0/2.2 MB | 45/50 kB | 0.7/1.7 MB | 12/598 kB[0m
2026.04.10 14:59:42 INFO  Progress (5): 1.2/8.5 MB | 2.1/2.2 MB | 45/50 kB | 0.7/1.7 MB | 12/598 kB[0m
2026.04.10 14:59:42 INFO  Progress (5): 1.2/8.5 MB | 2.1/2.2 MB | 45/50 kB | 0.7/1.7 MB | 12/598 kB[0m
2026.04.10 14:59:42 INFO  Progress (5): 1.2/8.5 MB | 2.1/2.2 MB | 45/50 kB | 0.7/1.7 MB | 12/598 kB[0m
2026.04.10 14:59:42 INFO  Progress (5): 1.2/8.5 MB | 2.1/2.2 MB | 45/50 kB | 0.7/1.7 MB | 12/598 kB[0m
2026.04.10 14:59:42 INFO  Progress (5): 1.2/8.5 MB | 2.1/2.2 MB | 45/50 kB | 0.7/1.7 MB | 12/598 kB[0m
2026.04.10 14:59:42 INFO  Progress (5): 1.2/8.5 MB | 2.1/2.2 MB | 45/50 kB | 0.7/1.7 MB | 12/598 kB[0m
2026.04.10 14:59:42 INFO  Progress (5): 1.2/8.5 MB | 2.1/2.2 MB | 50 kB | 0.7/1.7 MB | 12/598 kB   [0m
2026.04.10 14:59:42 INFO  Progress (5): 1.2/8.5 MB | 2.1/2.2 MB | 50 kB | 0.7/1.7 MB | 12/598 kB[0m
2026.04.10 14:59:42 INFO  Progress (5): 1.2/8.5 MB | 2.1/2.2 MB | 50 kB | 0.7/1.7 MB | 12/598 kB[0m
2026.04.10 14:59:42 INFO  Progress (5): 1.2/8.5 MB | 2.1/2.2 MB | 50 kB | 0.7/1.7 MB | 12/598 kB[0m
2026.04.10 14:59:42 INFO                                                                        [0m
2026.04.10 14:59:42 INFO  Downloaded from central: https://repo.maven.apache.org/maven2/org/springframework/spring-aspects/6.2.2/spring-aspects-6.2.2.jar (50 kB at 46 kB/s)[0m
2026.04.10 14:59:42 INFO  Downloading from central: https://repo.maven.apache.org/maven2/com/fasterxml/jackson/datatype/jackson-datatype-jdk8/2.18.2/jackson-datatype-jdk8-2.18.2.jar[0m
2026.04.10 14:59:42 INFO  Progress (4): 1.2/8.5 MB | 2.1/2.2 MB | 0.7/1.7 MB | 12/598 kB[0m
2026.04.10 14:59:42 INFO  Progress (4): 1.2/8.5 MB | 2.1/2.2 MB | 0.8/1.7 MB | 12/598 kB[0m
2026.04.10 14:59:42 INFO  Progress (4): 1.2/8.5 MB | 2.2/2.2 MB | 0.8/1.7 MB | 12/598 kB[0m
2026.04.10 14:59:42 INFO  Progress (4): 1.2/8.5 MB | 2.2/2.2 MB | 0.8/1.7 MB | 12/598 kB[0m
2026.04.10 14:59:42 INFO  Progress (4): 1.2/8.5 MB | 2.2/2.2 MB | 0.8/1.7 MB | 12/598 kB[0m
2026.04.10 14:59:42 INFO  Progress (4): 1.2/8.5 MB | 2.2 MB | 0.8/1.7 MB | 12/598 kB    [0m
2026.04.10 14:59:42 INFO  Progress (4): 1.2/8.5 MB | 2.2 MB | 0.8/1.7 MB | 12/598 kB[0m
2026.04.10 14:59:42 INFO                                                            [0m
2026.04.10 14:59:42 INFO  Downloaded from central: https://repo.maven.apache.org/maven2/org/aspectj/aspectjweaver/1.9.22.1/aspectjweaver-1.9.22.1.jar (2.2 MB at 2.0 MB/s)[0m
2026.04.10 14:59:42 INFO  Downloading from central: https://repo.maven.apache.org/maven2/com/fasterxml/jackson/datatype/jackson-datatype-jsr310/2.18.2/jackson-datatype-jsr310-2.18.2.jar[0m
2026.04.10 14:59:42 INFO  Progress (3): 1.2/8.5 MB | 0.8/1.7 MB | 12/598 kB[0m
2026.04.10 14:59:42 INFO  Progress (3): 1.2/8.5 MB | 0.8/1.7 MB | 12/598 kB[0m
2026.04.10 14:59:42 INFO  Progress (3): 1.2/8.5 MB | 0.9/1.7 MB | 12/598 kB[0m
2026.04.10 14:59:42 INFO  Progress (3): 1.2/8.5 MB | 0.9/1.7 MB | 12/598 kB[0m
2026.04.10 14:59:42 INFO  Progress (3): 1.2/8.5 MB | 0.9/1.7 MB | 12/598 kB[0m
2026.04.10 14:59:42 INFO  Progress (3): 1.2/8.5 MB | 0.9/1.7 MB | 12/598 kB[0m
2026.04.10 14:59:42 INFO  Progress (3): 1.2/8.5 MB | 0.9/1.7 MB | 12/598 kB[0m
2026.04.10 14:59:42 INFO  Progress (3): 1.2/8.5 MB | 0.9/1.7 MB | 12/598 kB[0m
2026.04.10 14:59:42 INFO  Progress (3): 1.2/8.5 MB | 0.9/1.7 MB | 12/598 kB[0m
2026.04.10 14:59:42 INFO  Progress (3): 1.2/8.5 MB | 1.0/1.7 MB | 12/598 kB[0m
2026.04.10 14:59:42 INFO  Progress (3): 1.2/8.5 MB | 1.0/1.7 MB | 12/598 kB[0m
2026.04.10 14:59:42 INFO  Progress (3): 1.3/8.5 MB | 1.0/1.7 MB | 12/598 kB[0m
2026.04.10 14:59:42 INFO  Progress (3): 1.3/8.5 MB | 1.0/1.7 MB | 12/598 kB[0m
2026.04.10 14:59:42 INFO  Progress (3): 1.3/8.5 MB | 1.0/1.7 MB | 12/598 kB[0m
2026.04.10 14:59:42 INFO  Progress (3): 1.3/8.5 MB | 1.0/1.7 MB | 12/598 kB[0m
2026.04.10 14:59:42 INFO  Progress (3): 1.3/8.5 MB | 1.0/1.7 MB | 12/598 kB[0m
2026.04.10 14:59:42 INFO  Progress (3): 1.3/8.5 MB | 1.0/1.7 MB | 12/598 kB[0m
2026.04.10 14:59:42 INFO  Progress (3): 1.3/8.5 MB | 1.1/1.7 MB | 12/598 kB[0m
2026.04.10 14:59:42 INFO  Progress (3): 1.3/8.5 MB | 1.1/1.7 MB | 12/598 kB[0m
2026.04.10 14:59:42 INFO  Progress (3): 1.3/8.5 MB | 1.1/1.7 MB | 12/598 kB[0m
2026.04.10 14:59:42 INFO  Progress (3): 1.3/8.5 MB | 1.1/1.7 MB | 12/598 kB[0m
2026.04.10 14:59:42 INFO  Progress (3): 1.3/8.5 MB | 1.1/1.7 MB | 12/598 kB[0m
2026.04.10 14:59:42 INFO  Progress (3): 1.3/8.5 MB | 1.1/1.7 MB | 12/598 kB[0m
2026.04.10 14:59:42 INFO  Progress (3): 1.3/8.5 MB | 1.2/1.7 MB | 12/598 kB[0m
2026.04.10 14:59:42 INFO  Progress (3): 1.3/8.5 MB | 1.2/1.7 MB | 12/598 kB[0m
2026.04.10 14:59:42 INFO  Progress (3): 1.3/8.5 MB | 1.2/1.7 MB | 12/598 kB[0m
2026.04.10 14:59:42 INFO  Progress (3): 1.3/8.5 MB | 1.2/1.7 MB | 12/598 kB[0m
2026.04.10 14:59:42 INFO  Progress (3): 1.3/8.5 MB | 1.2/1.7 MB | 12/598 kB[0m
2026.04.10 14:59:42 INFO  Progress (3): 1.3/8.5 MB | 1.2/1.7 MB | 12/598 kB[0m
2026.04.10 14:59:42 INFO  Progress (3): 1.3/8.5 MB | 1.2/1.7 MB | 12/598 kB[0m
2026.04.10 14:59:42 INFO  Progress (3): 1.3/8.5 MB | 1.2/1.7 MB | 12/598 kB[0m
2026.04.10 14:59:42 INFO  Progress (3): 1.3/8.5 MB | 1.3/1.7 MB | 12/598 kB[0m
2026.04.10 14:59:42 INFO  Progress (3): 1.3/8.5 MB | 1.3/1.7 MB | 12/598 kB[0m
2026.04.10 14:59:42 INFO  Progress (3): 1.3/8.5 MB | 1.3/1.7 MB | 12/598 kB[0m
2026.04.10 14:59:42 INFO  Progress (3): 1.3/8.5 MB | 1.3/1.7 MB | 12/598 kB[0m
2026.04.10 14:59:42 INFO  Progress (3): 1.3/8.5 MB | 1.3/1.7 MB | 12/598 kB[0m
2026.04.10 14:59:42 INFO  Progress (3): 1.3/8.5 MB | 1.3/1.7 MB | 12/598 kB[0m
2026.04.10 14:59:42 INFO  Progress (3): 1.3/8.5 MB | 1.3/1.7 MB | 12/598 kB[0m
2026.04.10 14:59:42 INFO  Progress (3): 1.3/8.5 MB | 1.4/1.7 MB | 12/598 kB[0m
2026.04.10 14:59:42 INFO  Progress (3): 1.3/8.5 MB | 1.4/1.7 MB | 12/598 kB[0m
2026.04.10 14:59:42 INFO  Progress (3): 1.3/8.5 MB | 1.4/1.7 MB | 12/598 kB[0m
2026.04.10 14:59:42 INFO  Progress (3): 1.3/8.5 MB | 1.4/1.7 MB | 12/598 kB[0m
2026.04.10 14:59:42 INFO  Progress (3): 1.3/8.5 MB | 1.4/1.7 MB | 12/598 kB[0m
2026.04.10 14:59:42 INFO  Progress (3): 1.3/8.5 MB | 1.4/1.7 MB | 12/598 kB[0m
2026.04.10 14:59:42 INFO  Progress (3): 1.3/8.5 MB | 1.4/1.7 MB | 12/598 kB[0m
2026.04.10 14:59:42 INFO  Progress (3): 1.3/8.5 MB | 1.5/1.7 MB | 12/598 kB[0m
2026.04.10 14:59:42 INFO  Progress (3): 1.3/8.5 MB | 1.5/1.7 MB | 12/598 kB[0m
2026.04.10 14:59:42 INFO  Progress (3): 1.3/8.5 MB | 1.5/1.7 MB | 12/598 kB[0m
2026.04.10 14:59:42 INFO  Progress (3): 1.3/8.5 MB | 1.5/1.7 MB | 12/598 kB[0m
2026.04.10 14:59:42 INFO  Progress (3): 1.3/8.5 MB | 1.5/1.7 MB | 12/598 kB[0m
2026.04.10 14:59:42 INFO  Progress (3): 1.3/8.5 MB | 1.5/1.7 MB | 12/598 kB[0m
2026.04.10 14:59:42 INFO  Progress (3): 1.3/8.5 MB | 1.5/1.7 MB | 12/598 kB[0m
2026.04.10 14:59:42 INFO  Progress (3): 1.3/8.5 MB | 1.6/1.7 MB | 12/598 kB[0m
2026.04.10 14:59:42 INFO  Progress (3): 1.3/8.5 MB | 1.6/1.7 MB | 12/598 kB[0m
2026.04.10 14:59:42 INFO  Progress (3): 1.3/8.5 MB | 1.6/1.7 MB | 12/598 kB[0m
2026.04.10 14:59:42 INFO  Progress (3): 1.3/8.5 MB | 1.6/1.7 MB | 12/598 kB[0m
2026.04.10 14:59:42 INFO  Progress (3): 1.3/8.5 MB | 1.6/1.7 MB | 12/598 kB[0m
2026.04.10 14:59:42 INFO  Progress (3): 1.3/8.5 MB | 1.6/1.7 MB | 12/598 kB[0m
2026.04.10 14:59:42 INFO  Progress (4): 1.3/8.5 MB | 1.6/1.7 MB | 12/598 kB | 7.7/133 kB[0m
2026.04.10 14:59:42 INFO  Progress (4): 1.3/8.5 MB | 1.6/1.7 MB | 12/598 kB | 12/133 kB [0m
2026.04.10 14:59:42 INFO  Progress (4): 1.3/8.5 MB | 1.6/1.7 MB | 12/598 kB | 28/133 kB[0m
2026.04.10 14:59:42 INFO  Progress (4): 1.3/8.5 MB | 1.7/1.7 MB | 12/598 kB | 28/133 kB[0m
2026.04.10 14:59:42 INFO  Progress (4): 1.3/8.5 MB | 1.7/1.7 MB | 12/598 kB | 44/133 kB[0m
2026.04.10 14:59:42 INFO  Progress (4): 1.3/8.5 MB | 1.7 MB | 12/598 kB | 44/133 kB    [0m
2026.04.10 14:59:42 INFO  Progress (4): 1.3/8.5 MB | 1.7 MB | 12/598 kB | 61/133 kB[0m
2026.04.10 14:59:42 INFO  Progress (4): 1.3/8.5 MB | 1.7 MB | 12/598 kB | 66/133 kB[0m
2026.04.10 14:59:42 INFO                                                           [0m
2026.04.10 14:59:42 INFO  Downloaded from central: https://repo.maven.apache.org/maven2/com/fasterxml/jackson/core/jackson-databind/2.18.2/jackson-databind-2.18.2.jar (1.7 MB at 1.5 MB/s)[0m
2026.04.10 14:59:42 INFO  Downloading from central: https://repo.maven.apache.org/maven2/com/fasterxml/jackson/module/jackson-module-parameter-names/2.18.2/jackson-module-parameter-names-2.18.2.jar[0m
2026.04.10 14:59:42 INFO  Progress (3): 1.3/8.5 MB | 12/598 kB | 82/133 kB[0m
2026.04.10 14:59:42 INFO  Progress (3): 1.3/8.5 MB | 12/598 kB | 82/133 kB[0m
2026.04.10 14:59:42 INFO  Progress (3): 1.3/8.5 MB | 12/598 kB | 98/133 kB[0m
2026.04.10 14:59:42 INFO  Progress (3): 1.3/8.5 MB | 12/598 kB | 115/133 kB[0m
2026.04.10 14:59:42 INFO  Progress (3): 1.3/8.5 MB | 12/598 kB | 131/133 kB[0m
2026.04.10 14:59:42 INFO  Progress (3): 1.3/8.5 MB | 12/598 kB | 133 kB    [0m
2026.04.10 14:59:42 INFO  Progress (3): 1.3/8.5 MB | 29/598 kB | 133 kB[0m
2026.04.10 14:59:42 INFO  Progress (4): 1.3/8.5 MB | 29/598 kB | 133 kB | 7.7/36 kB[0m
2026.04.10 14:59:42 INFO  Progress (4): 1.3/8.5 MB | 29/598 kB | 133 kB | 16/36 kB [0m
2026.04.10 14:59:42 INFO                                                          [0m
2026.04.10 14:59:42 INFO  Downloaded from central: https://repo.maven.apache.org/maven2/com/fasterxml/jackson/datatype/jackson-datatype-jsr310/2.18.2/jackson-datatype-jsr310-2.18.2.jar (133 kB at 119 kB/s)[0m
2026.04.10 14:59:42 INFO  Downloading from central: https://repo.maven.apache.org/maven2/org/springframework/boot/spring-boot-starter-tomcat/3.4.2/spring-boot-starter-tomcat-3.4.2.jar[0m
2026.04.10 14:59:42 INFO  Progress (3): 1.3/8.5 MB | 29/598 kB | 16/36 kB[0m
2026.04.10 14:59:42 INFO  Progress (3): 1.4/8.5 MB | 29/598 kB | 16/36 kB[0m
2026.04.10 14:59:42 INFO  Progress (3): 1.4/8.5 MB | 29/598 kB | 16/36 kB[0m
2026.04.10 14:59:42 INFO  Progress (3): 1.4/8.5 MB | 29/598 kB | 29/36 kB[0m
2026.04.10 14:59:42 INFO  Progress (3): 1.4/8.5 MB | 29/598 kB | 29/36 kB[0m
2026.04.10 14:59:42 INFO  Progress (3): 1.4/8.5 MB | 29/598 kB | 36 kB   [0m
2026.04.10 14:59:42 INFO  Progress (3): 1.4/8.5 MB | 29/598 kB | 36 kB[0m
2026.04.10 14:59:42 INFO                                              [0m
2026.04.10 14:59:42 INFO  Downloaded from central: https://repo.maven.apache.org/maven2/com/fasterxml/jackson/datatype/jackson-datatype-jdk8/2.18.2/jackson-datatype-jdk8-2.18.2.jar (36 kB at 32 kB/s)[0m
2026.04.10 14:59:42 INFO  Downloading from central: https://repo.maven.apache.org/maven2/org/apache/tomcat/embed/tomcat-embed-core/10.1.34/tomcat-embed-core-10.1.34.jar[0m
2026.04.10 14:59:42 INFO  Progress (3): 1.4/8.5 MB | 29/598 kB | 4.8 kB[0m
2026.04.10 14:59:42 INFO  Progress (4): 1.4/8.5 MB | 29/598 kB | 4.8 kB | 7.7/10 kB[0m
2026.04.10 14:59:42 INFO  Progress (4): 1.4/8.5 MB | 29/598 kB | 4.8 kB | 10 kB    [0m
2026.04.10 14:59:42 INFO                                                       [0m
2026.04.10 14:59:42 INFO  Downloaded from central: https://repo.maven.apache.org/maven2/org/springframework/boot/spring-boot-starter-tomcat/3.4.2/spring-boot-starter-tomcat-3.4.2.jar (4.8 kB at 4.2 kB/s)[0m
2026.04.10 14:59:42 INFO  Downloading from central: https://repo.maven.apache.org/maven2/org/apache/tomcat/embed/tomcat-embed-websocket/10.1.34/tomcat-embed-websocket-10.1.34.jar[0m
2026.04.10 14:59:42 INFO  Downloaded from central: https://repo.maven.apache.org/maven2/com/fasterxml/jackson/module/jackson-module-parameter-names/2.18.2/jackson-module-parameter-names-2.18.2.jar (10 kB at 9.1 kB/s)[0m
2026.04.10 14:59:42 INFO  Downloading from central: https://repo.maven.apache.org/maven2/org/springframework/spring-web/6.2.2/spring-web-6.2.2.jar[0m
2026.04.10 14:59:42 INFO  Progress (2): 1.4/8.5 MB | 29/598 kB[0m
2026.04.10 14:59:42 INFO  Progress (2): 1.4/8.5 MB | 45/598 kB[0m
2026.04.10 14:59:42 INFO  Progress (2): 1.4/8.5 MB | 45/598 kB[0m
2026.04.10 14:59:42 INFO  Progress (2): 1.5/8.5 MB | 45/598 kB[0m
2026.04.10 14:59:42 INFO  Progress (2): 1.5/8.5 MB | 45/598 kB[0m
2026.04.10 14:59:42 INFO  Progress (3): 1.5/8.5 MB | 45/598 kB | 0/2.1 MB[0m
2026.04.10 14:59:42 INFO  Progress (3): 1.5/8.5 MB | 45/598 kB | 0/2.1 MB[0m
2026.04.10 14:59:42 INFO  Progress (3): 1.5/8.5 MB | 45/598 kB | 0/2.1 MB[0m
2026.04.10 14:59:42 INFO  Progress (3): 1.5/8.5 MB | 45/598 kB | 0/2.1 MB[0m
2026.04.10 14:59:42 INFO  Progress (3): 1.5/8.5 MB | 45/598 kB | 0.1/2.1 MB[0m
2026.04.10 14:59:42 INFO  Progress (3): 1.5/8.5 MB | 45/598 kB | 0.1/2.1 MB[0m
2026.04.10 14:59:42 INFO  Progress (3): 1.5/8.5 MB | 45/598 kB | 0.1/2.1 MB[0m
2026.04.10 14:59:42 INFO  Progress (3): 1.5/8.5 MB | 45/598 kB | 0.1/2.1 MB[0m
2026.04.10 14:59:42 INFO  Progress (3): 1.5/8.5 MB | 45/598 kB | 0.1/2.1 MB[0m
2026.04.10 14:59:42 INFO  Progress (3): 1.5/8.5 MB | 45/598 kB | 0.1/2.1 MB[0m
2026.04.10 14:59:42 INFO  Progress (3): 1.5/8.5 MB | 45/598 kB | 0.2/2.1 MB[0m
2026.04.10 14:59:42 INFO  Progress (3): 1.5/8.5 MB | 45/598 kB | 0.2/2.1 MB[0m
2026.04.10 14:59:42 INFO  Progress (3): 1.5/8.5 MB | 45/598 kB | 0.2/2.1 MB[0m
2026.04.10 14:59:42 INFO  Progress (3): 1.5/8.5 MB | 45/598 kB | 0.2/2.1 MB[0m
2026.04.10 14:59:42 INFO  Progress (3): 1.5/8.5 MB | 45/598 kB | 0.2/2.1 MB[0m
2026.04.10 14:59:42 INFO  Progress (3): 1.5/8.5 MB | 45/598 kB | 0.2/2.1 MB[0m
2026.04.10 14:59:42 INFO  Progress (3): 1.5/8.5 MB | 45/598 kB | 0.3/2.1 MB[0m
2026.04.10 14:59:42 INFO  Progress (4): 1.5/8.5 MB | 45/598 kB | 0.3/2.1 MB | 0/3.6 MB[0m
2026.04.10 14:59:42 INFO  Progress (4): 1.5/8.5 MB | 45/598 kB | 0.3/2.1 MB | 0/3.6 MB[0m
2026.04.10 14:59:42 INFO  Progress (4): 1.5/8.5 MB | 45/598 kB | 0.3/2.1 MB | 0/3.6 MB[0m
2026.04.10 14:59:42 INFO  Progress (4): 1.5/8.5 MB | 45/598 kB | 0.3/2.1 MB | 0/3.6 MB[0m
2026.04.10 14:59:42 INFO  Progress (4): 1.5/8.5 MB | 45/598 kB | 0.3/2.1 MB | 0/3.6 MB[0m
2026.04.10 14:59:42 INFO  Progress (4): 1.5/8.5 MB | 45/598 kB | 0.3/2.1 MB | 0/3.6 MB[0m
2026.04.10 14:59:42 INFO  Progress (4): 1.5/8.5 MB | 45/598 kB | 0.3/2.1 MB | 0/3.6 MB[0m
2026.04.10 14:59:42 INFO  Progress (4): 1.5/8.5 MB | 45/598 kB | 0.3/2.1 MB | 0/3.6 MB[0m
2026.04.10 14:59:42 INFO  Progress (4): 1.5/8.5 MB | 45/598 kB | 0.3/2.1 MB | 0/3.6 MB[0m
2026.04.10 14:59:42 INFO  Progress (4): 1.5/8.5 MB | 45/598 kB | 0.4/2.1 MB | 0/3.6 MB[0m
2026.04.10 14:59:42 INFO  Progress (4): 1.5/8.5 MB | 45/598 kB | 0.4/2.1 MB | 0/3.6 MB[0m
2026.04.10 14:59:42 INFO  Progress (4): 1.5/8.5 MB | 45/598 kB | 0.4/2.1 MB | 0/3.6 MB[0m
2026.04.10 14:59:42 INFO  Progress (4): 1.5/8.5 MB | 45/598 kB | 0.4/2.1 MB | 0/3.6 MB[0m
2026.04.10 14:59:42 INFO  Progress (4): 1.5/8.5 MB | 45/598 kB | 0.4/2.1 MB | 0/3.6 MB[0m
2026.04.10 14:59:42 INFO  Progress (4): 1.5/8.5 MB | 45/598 kB | 0.4/2.1 MB | 0/3.6 MB[0m
2026.04.10 14:59:42 INFO  Progress (4): 1.5/8.5 MB | 45/598 kB | 0.4/2.1 MB | 0/3.6 MB[0m
2026.04.10 14:59:42 INFO  Progress (4): 1.5/8.5 MB | 45/598 kB | 0.5/2.1 MB | 0/3.6 MB[0m
2026.04.10 14:59:42 INFO  Progress (4): 1.5/8.5 MB | 45/598 kB | 0.5/2.1 MB | 0/3.6 MB[0m
2026.04.10 14:59:42 INFO  Progress (4): 1.5/8.5 MB | 45/598 kB | 0.5/2.1 MB | 0/3.6 MB[0m
2026.04.10 14:59:42 INFO  Progress (4): 1.5/8.5 MB | 45/598 kB | 0.5/2.1 MB | 0/3.6 MB[0m
2026.04.10 14:59:42 INFO  Progress (4): 1.5/8.5 MB | 45/598 kB | 0.5/2.1 MB | 0/3.6 MB[0m
2026.04.10 14:59:42 INFO  Progress (4): 1.5/8.5 MB | 45/598 kB | 0.5/2.1 MB | 0/3.6 MB[0m
2026.04.10 14:59:42 INFO  Progress (4): 1.5/8.5 MB | 45/598 kB | 0.6/2.1 MB | 0/3.6 MB[0m
2026.04.10 14:59:42 INFO  Progress (4): 1.5/8.5 MB | 45/598 kB | 0.6/2.1 MB | 0/3.6 MB[0m
2026.04.10 14:59:42 INFO  Progress (4): 1.5/8.5 MB | 45/598 kB | 0.6/2.1 MB | 0/3.6 MB[0m
2026.04.10 14:59:42 INFO  Progress (4): 1.5/8.5 MB | 45/598 kB | 0.6/2.1 MB | 0/3.6 MB[0m
2026.04.10 14:59:42 INFO  Progress (4): 1.5/8.5 MB | 45/598 kB | 0.6/2.1 MB | 0/3.6 MB[0m
2026.04.10 14:59:42 INFO  Progress (4): 1.5/8.5 MB | 45/598 kB | 0.6/2.1 MB | 0/3.6 MB[0m
2026.04.10 14:59:42 INFO  Progress (4): 1.5/8.5 MB | 45/598 kB | 0.7/2.1 MB | 0/3.6 MB[0m
2026.04.10 14:59:42 INFO  Progress (4): 1.5/8.5 MB | 45/598 kB | 0.7/2.1 MB | 0/3.6 MB[0m
2026.04.10 14:59:42 INFO  Progress (4): 1.5/8.5 MB | 45/598 kB | 0.7/2.1 MB | 0/3.6 MB[0m
2026.04.10 14:59:42 INFO  Progress (4): 1.5/8.5 MB | 45/598 kB | 0.7/2.1 MB | 0/3.6 MB[0m
2026.04.10 14:59:42 INFO  Progress (5): 1.5/8.5 MB | 45/598 kB | 0.7/2.1 MB | 0/3.6 MB | 7.7/282 kB[0m
2026.04.10 14:59:42 INFO  Progress (5): 1.5/8.5 MB | 45/598 kB | 0.7/2.1 MB | 0/3.6 MB | 16/282 kB [0m
2026.04.10 14:59:42 INFO  Progress (5): 1.5/8.5 MB | 45/598 kB | 0.7/2.1 MB | 0/3.6 MB | 32/282 kB[0m
2026.04.10 14:59:42 INFO  Progress (5): 1.5/8.5 MB | 45/598 kB | 0.7/2.1 MB | 0/3.6 MB | 49/282 kB[0m
2026.04.10 14:59:42 INFO  Progress (5): 1.5/8.5 MB | 45/598 kB | 0.7/2.1 MB | 0/3.6 MB | 49/282 kB[0m
2026.04.10 14:59:42 INFO  Progress (5): 1.5/8.5 MB | 45/598 kB | 0.7/2.1 MB | 0/3.6 MB | 65/282 kB[0m
2026.04.10 14:59:42 INFO  Progress (5): 1.5/8.5 MB | 45/598 kB | 0.7/2.1 MB | 0/3.6 MB | 65/282 kB[0m
2026.04.10 14:59:42 INFO  Progress (5): 1.5/8.5 MB | 45/598 kB | 0.7/2.1 MB | 0/3.6 MB | 81/282 kB[0m
2026.04.10 14:59:42 INFO  Progress (5): 1.5/8.5 MB | 45/598 kB | 0.8/2.1 MB | 0/3.6 MB | 81/282 kB[0m
2026.04.10 14:59:42 INFO  Progress (5): 1.5/8.5 MB | 45/598 kB | 0.8/2.1 MB | 0/3.6 MB | 98/282 kB[0m
2026.04.10 14:59:42 INFO  Progress (5): 1.5/8.5 MB | 45/598 kB | 0.8/2.1 MB | 0/3.6 MB | 98/282 kB[0m
2026.04.10 14:59:42 INFO  Progress (5): 1.5/8.5 MB | 45/598 kB | 0.8/2.1 MB | 0/3.6 MB | 114/282 kB[0m
2026.04.10 14:59:42 INFO  Progress (5): 1.5/8.5 MB | 45/598 kB | 0.8/2.1 MB | 0/3.6 MB | 114/282 kB[0m
2026.04.10 14:59:42 INFO  Progress (5): 1.5/8.5 MB | 45/598 kB | 0.8/2.1 MB | 0/3.6 MB | 114/282 kB[0m
2026.04.10 14:59:42 INFO  Progress (5): 1.5/8.5 MB | 45/598 kB | 0.8/2.1 MB | 0/3.6 MB | 114/282 kB[0m
2026.04.10 14:59:42 INFO  Progress (5): 1.5/8.5 MB | 45/598 kB | 0.8/2.1 MB | 0/3.6 MB | 131/282 kB[0m
2026.04.10 14:59:42 INFO  Progress (5): 1.5/8.5 MB | 45/598 kB | 0.8/2.1 MB | 0/3.6 MB | 131/282 kB[0m
2026.04.10 14:59:42 INFO  Progress (5): 1.5/8.5 MB | 45/598 kB | 0.8/2.1 MB | 0/3.6 MB | 147/282 kB[0m
2026.04.10 14:59:42 INFO  Progress (5): 1.5/8.5 MB | 45/598 kB | 0.8/2.1 MB | 0/3.6 MB | 147/282 kB[0m
2026.04.10 14:59:42 INFO  Progress (5): 1.5/8.5 MB | 45/598 kB | 0.9/2.1 MB | 0/3.6 MB | 147/282 kB[0m
2026.04.10 14:59:42 INFO  Progress (5): 1.5/8.5 MB | 45/598 kB | 0.9/2.1 MB | 0/3.6 MB | 163/282 kB[0m
2026.04.10 14:59:42 INFO  Progress (5): 1.5/8.5 MB | 45/598 kB | 0.9/2.1 MB | 0/3.6 MB | 163/282 kB[0m
2026.04.10 14:59:42 INFO  Progress (5): 1.5/8.5 MB | 45/598 kB | 0.9/2.1 MB | 0/3.6 MB | 180/282 kB[0m
2026.04.10 14:59:42 INFO  Progress (5): 1.5/8.5 MB | 45/598 kB | 0.9/2.1 MB | 0/3.6 MB | 180/282 kB[0m
2026.04.10 14:59:42 INFO  Progress (5): 1.5/8.5 MB | 45/598 kB | 0.9/2.1 MB | 0/3.6 MB | 180/282 kB[0m
2026.04.10 14:59:42 INFO  Progress (5): 1.5/8.5 MB | 45/598 kB | 0.9/2.1 MB | 0/3.6 MB | 196/282 kB[0m
2026.04.10 14:59:42 INFO  Progress (5): 1.5/8.5 MB | 45/598 kB | 0.9/2.1 MB | 0/3.6 MB | 196/282 kB[0m
2026.04.10 14:59:42 INFO  Progress (5): 1.5/8.5 MB | 45/598 kB | 0.9/2.1 MB | 0/3.6 MB | 196/282 kB[0m
2026.04.10 14:59:42 INFO  Progress (5): 1.5/8.5 MB | 45/598 kB | 0.9/2.1 MB | 0/3.6 MB | 196/282 kB[0m
2026.04.10 14:59:42 INFO  Progress (5): 1.5/8.5 MB | 45/598 kB | 1.0/2.1 MB | 0/3.6 MB | 196/282 kB[0m
2026.04.10 14:59:42 INFO  Progress (5): 1.5/8.5 MB | 45/598 kB | 1.0/2.1 MB | 0/3.6 MB | 212/282 kB[0m
2026.04.10 14:59:42 INFO  Progress (5): 1.5/8.5 MB | 45/598 kB | 1.0/2.1 MB | 0/3.6 MB | 229/282 kB[0m
2026.04.10 14:59:42 INFO  Progress (5): 1.5/8.5 MB | 45/598 kB | 1.0/2.1 MB | 0/3.6 MB | 229/282 kB[0m
2026.04.10 14:59:42 INFO  Progress (5): 1.5/8.5 MB | 61/598 kB | 1.0/2.1 MB | 0/3.6 MB | 229/282 kB[0m
2026.04.10 14:59:42 INFO  Progress (5): 1.5/8.5 MB | 61/598 kB | 1.0/2.1 MB | 0/3.6 MB | 229/282 kB[0m
2026.04.10 14:59:42 INFO  Progress (5): 1.5/8.5 MB | 61/598 kB | 1.0/2.1 MB | 0/3.6 MB | 233/282 kB[0m
2026.04.10 14:59:42 INFO  Progress (5): 1.5/8.5 MB | 61/598 kB | 1.0/2.1 MB | 0/3.6 MB | 250/282 kB[0m
2026.04.10 14:59:42 INFO  Progress (5): 1.5/8.5 MB | 61/598 kB | 1.0/2.1 MB | 0/3.6 MB | 250/282 kB[0m
2026.04.10 14:59:42 INFO  Progress (5): 1.5/8.5 MB | 61/598 kB | 1.0/2.1 MB | 0/3.6 MB | 266/282 kB[0m
2026.04.10 14:59:42 INFO  Progress (5): 1.5/8.5 MB | 61/598 kB | 1.0/2.1 MB | 0/3.6 MB | 266/282 kB[0m
2026.04.10 14:59:42 INFO  Progress (5): 1.5/8.5 MB | 61/598 kB | 1.0/2.1 MB | 0/3.6 MB | 282 kB    [0m
2026.04.10 14:59:42 INFO  Progress (5): 1.5/8.5 MB | 61/598 kB | 1.0/2.1 MB | 0/3.6 MB | 282 kB[0m
2026.04.10 14:59:42 INFO  Progress (5): 1.5/8.5 MB | 61/598 kB | 1.0/2.1 MB | 0/3.6 MB | 282 kB[0m
2026.04.10 14:59:42 INFO                                                                       [0m
2026.04.10 14:59:42 INFO  Downloaded from central: https://repo.maven.apache.org/maven2/org/apache/tomcat/embed/tomcat-embed-websocket/10.1.34/tomcat-embed-websocket-10.1.34.jar (282 kB at 236 kB/s)[0m
2026.04.10 14:59:42 INFO  Downloading from central: https://repo.maven.apache.org/maven2/org/springframework/spring-webmvc/6.2.2/spring-webmvc-6.2.2.jar[0m
2026.04.10 14:59:42 INFO  Progress (4): 1.5/8.5 MB | 61/598 kB | 1.0/2.1 MB | 0/3.6 MB[0m
2026.04.10 14:59:42 INFO  Progress (4): 1.5/8.5 MB | 61/598 kB | 1.1/2.1 MB | 0/3.6 MB[0m
2026.04.10 14:59:42 INFO  Progress (4): 1.5/8.5 MB | 61/598 kB | 1.1/2.1 MB | 0/3.6 MB[0m
2026.04.10 14:59:42 INFO  Progress (4): 1.5/8.5 MB | 61/598 kB | 1.1/2.1 MB | 0/3.6 MB[0m
2026.04.10 14:59:42 INFO  Progress (4): 1.5/8.5 MB | 61/598 kB | 1.1/2.1 MB | 0/3.6 MB[0m
2026.04.10 14:59:42 INFO  Progress (4): 1.5/8.5 MB | 61/598 kB | 1.1/2.1 MB | 0/3.6 MB[0m
2026.04.10 14:59:42 INFO  Progress (4): 1.5/8.5 MB | 61/598 kB | 1.1/2.1 MB | 0/3.6 MB[0m
2026.04.10 14:59:42 INFO  Progress (4): 1.5/8.5 MB | 61/598 kB | 1.2/2.1 MB | 0/3.6 MB[0m
2026.04.10 14:59:42 INFO  Progress (4): 1.5/8.5 MB | 61/598 kB | 1.2/2.1 MB | 0/3.6 MB[0m
2026.04.10 14:59:42 INFO  Progress (4): 1.5/8.5 MB | 61/598 kB | 1.2/2.1 MB | 0/3.6 MB[0m
2026.04.10 14:59:42 INFO  Progress (4): 1.5/8.5 MB | 61/598 kB | 1.2/2.1 MB | 0/3.6 MB[0m
2026.04.10 14:59:42 INFO  Progress (4): 1.5/8.5 MB | 61/598 kB | 1.2/2.1 MB | 0/3.6 MB[0m
2026.04.10 14:59:42 INFO  Progress (4): 1.5/8.5 MB | 61/598 kB | 1.2/2.1 MB | 0/3.6 MB[0m
2026.04.10 14:59:42 INFO  Progress (4): 1.5/8.5 MB | 61/598 kB | 1.3/2.1 MB | 0/3.6 MB[0m
2026.04.10 14:59:42 INFO  Progress (4): 1.5/8.5 MB | 61/598 kB | 1.3/2.1 MB | 0/3.6 MB[0m
2026.04.10 14:59:42 INFO  Progress (4): 1.5/8.5 MB | 61/598 kB | 1.3/2.1 MB | 0/3.6 MB[0m
2026.04.10 14:59:42 INFO  Progress (4): 1.5/8.5 MB | 61/598 kB | 1.3/2.1 MB | 0/3.6 MB[0m
2026.04.10 14:59:42 INFO  Progress (4): 1.5/8.5 MB | 61/598 kB | 1.3/2.1 MB | 0/3.6 MB[0m
2026.04.10 14:59:42 INFO  Progress (4): 1.5/8.5 MB | 61/598 kB | 1.3/2.1 MB | 0/3.6 MB[0m
2026.04.10 14:59:42 INFO  Progress (4): 1.5/8.5 MB | 61/598 kB | 1.3/2.1 MB | 0/3.6 MB[0m
2026.04.10 14:59:42 INFO  Progress (4): 1.5/8.5 MB | 61/598 kB | 1.4/2.1 MB | 0/3.6 MB[0m
2026.04.10 14:59:42 INFO  Progress (4): 1.5/8.5 MB | 61/598 kB | 1.4/2.1 MB | 0/3.6 MB[0m
2026.04.10 14:59:42 INFO  Progress (4): 1.5/8.5 MB | 61/598 kB | 1.4/2.1 MB | 0/3.6 MB[0m
2026.04.10 14:59:42 INFO  Progress (4): 1.5/8.5 MB | 61/598 kB | 1.4/2.1 MB | 0/3.6 MB[0m
2026.04.10 14:59:42 INFO  Progress (4): 1.5/8.5 MB | 61/598 kB | 1.4/2.1 MB | 0/3.6 MB[0m
2026.04.10 14:59:42 INFO  Progress (4): 1.5/8.5 MB | 61/598 kB | 1.4/2.1 MB | 0/3.6 MB[0m
2026.04.10 14:59:42 INFO  Progress (4): 1.5/8.5 MB | 61/598 kB | 1.4/2.1 MB | 0/3.6 MB[0m
2026.04.10 14:59:42 INFO  Progress (4): 1.5/8.5 MB | 61/598 kB | 1.5/2.1 MB | 0/3.6 MB[0m
2026.04.10 14:59:42 INFO  Progress (4): 1.5/8.5 MB | 61/598 kB | 1.5/2.1 MB | 0/3.6 MB[0m
2026.04.10 14:59:42 INFO  Progress (4): 1.5/8.5 MB | 61/598 kB | 1.5/2.1 MB | 0/3.6 MB[0m
2026.04.10 14:59:42 INFO  Progress (4): 1.5/8.5 MB | 61/598 kB | 1.5/2.1 MB | 0/3.6 MB[0m
2026.04.10 14:59:42 INFO  Progress (4): 1.5/8.5 MB | 61/598 kB | 1.5/2.1 MB | 0/3.6 MB[0m
2026.04.10 14:59:42 INFO  Progress (4): 1.5/8.5 MB | 61/598 kB | 1.5/2.1 MB | 0/3.6 MB[0m
2026.04.10 14:59:42 INFO  Progress (4): 1.5/8.5 MB | 61/598 kB | 1.6/2.1 MB | 0/3.6 MB[0m
2026.04.10 14:59:42 INFO  Progress (4): 1.5/8.5 MB | 61/598 kB | 1.6/2.1 MB | 0/3.6 MB[0m
2026.04.10 14:59:42 INFO  Progress (4): 1.5/8.5 MB | 61/598 kB | 1.6/2.1 MB | 0/3.6 MB[0m
2026.04.10 14:59:42 INFO  Progress (4): 1.5/8.5 MB | 61/598 kB | 1.6/2.1 MB | 0/3.6 MB[0m
2026.04.10 14:59:42 INFO  Progress (4): 1.5/8.5 MB | 61/598 kB | 1.6/2.1 MB | 0/3.6 MB[0m
2026.04.10 14:59:42 INFO  Progress (4): 1.5/8.5 MB | 61/598 kB | 1.6/2.1 MB | 0/3.6 MB[0m
2026.04.10 14:59:42 INFO  Progress (4): 1.6/8.5 MB | 61/598 kB | 1.6/2.1 MB | 0/3.6 MB[0m
2026.04.10 14:59:42 INFO  Progress (4): 1.6/8.5 MB | 61/598 kB | 1.7/2.1 MB | 0/3.6 MB[0m
2026.04.10 14:59:42 INFO  Progress (4): 1.6/8.5 MB | 61/598 kB | 1.7/2.1 MB | 0/3.6 MB[0m
2026.04.10 14:59:42 INFO  Progress (4): 1.6/8.5 MB | 61/598 kB | 1.7/2.1 MB | 0/3.6 MB[0m
2026.04.10 14:59:42 INFO  Progress (4): 1.6/8.5 MB | 61/598 kB | 1.7/2.1 MB | 0/3.6 MB[0m
2026.04.10 14:59:42 INFO  Progress (4): 1.6/8.5 MB | 61/598 kB | 1.7/2.1 MB | 0/3.6 MB[0m
2026.04.10 14:59:42 INFO  Progress (4): 1.6/8.5 MB | 61/598 kB | 1.7/2.1 MB | 0/3.6 MB[0m
2026.04.10 14:59:42 INFO  Progress (4): 1.6/8.5 MB | 61/598 kB | 1.8/2.1 MB | 0/3.6 MB[0m
2026.04.10 14:59:42 INFO  Progress (4): 1.6/8.5 MB | 61/598 kB | 1.8/2.1 MB | 0/3.6 MB[0m
2026.04.10 14:59:42 INFO  Progress (4): 1.6/8.5 MB | 61/598 kB | 1.8/2.1 MB | 0/3.6 MB[0m
2026.04.10 14:59:42 INFO  Progress (4): 1.6/8.5 MB | 61/598 kB | 1.8/2.1 MB | 0/3.6 MB[0m
2026.04.10 14:59:42 INFO  Progress (4): 1.6/8.5 MB | 61/598 kB | 1.8/2.1 MB | 0/3.6 MB[0m
2026.04.10 14:59:42 INFO  Progress (4): 1.6/8.5 MB | 61/598 kB | 1.8/2.1 MB | 0.1/3.6 MB[0m
2026.04.10 14:59:42 INFO  Progress (4): 1.6/8.5 MB | 61/598 kB | 1.8/2.1 MB | 0.1/3.6 MB[0m
2026.04.10 14:59:42 INFO  Progress (4): 1.6/8.5 MB | 61/598 kB | 1.9/2.1 MB | 0.1/3.6 MB[0m
2026.04.10 14:59:42 INFO  Progress (4): 1.6/8.5 MB | 61/598 kB | 1.9/2.1 MB | 0.1/3.6 MB[0m
2026.04.10 14:59:42 INFO  Progress (4): 1.6/8.5 MB | 61/598 kB | 1.9/2.1 MB | 0.1/3.6 MB[0m
2026.04.10 14:59:42 INFO  Progress (4): 1.6/8.5 MB | 61/598 kB | 1.9/2.1 MB | 0.1/3.6 MB[0m
2026.04.10 14:59:42 INFO  Progress (4): 1.6/8.5 MB | 61/598 kB | 1.9/2.1 MB | 0.1/3.6 MB[0m
2026.04.10 14:59:42 INFO  Progress (4): 1.6/8.5 MB | 61/598 kB | 1.9/2.1 MB | 0.1/3.6 MB[0m
2026.04.10 14:59:42 INFO  Progress (4): 1.6/8.5 MB | 61/598 kB | 1.9/2.1 MB | 0.1/3.6 MB[0m
2026.04.10 14:59:42 INFO  Progress (4): 1.6/8.5 MB | 61/598 kB | 2.0/2.1 MB | 0.1/3.6 MB[0m
2026.04.10 14:59:42 INFO  Progress (4): 1.6/8.5 MB | 61/598 kB | 2.0/2.1 MB | 0.1/3.6 MB[0m
2026.04.10 14:59:42 INFO  Progress (4): 1.6/8.5 MB | 61/598 kB | 2.0/2.1 MB | 0.1/3.6 MB[0m
2026.04.10 14:59:42 INFO  Progress (4): 1.6/8.5 MB | 61/598 kB | 2.0/2.1 MB | 0.1/3.6 MB[0m
2026.04.10 14:59:42 INFO  Progress (4): 1.6/8.5 MB | 61/598 kB | 2.0/2.1 MB | 0.1/3.6 MB[0m
2026.04.10 14:59:42 INFO  Progress (4): 1.6/8.5 MB | 61/598 kB | 2.0/2.1 MB | 0.1/3.6 MB[0m
2026.04.10 14:59:42 INFO  Progress (4): 1.6/8.5 MB | 61/598 kB | 2.0/2.1 MB | 0.1/3.6 MB[0m
2026.04.10 14:59:42 INFO  Progress (4): 1.6/8.5 MB | 61/598 kB | 2.0/2.1 MB | 0.1/3.6 MB[0m
2026.04.10 14:59:42 INFO  Progress (4): 1.6/8.5 MB | 78/598 kB | 2.0/2.1 MB | 0.1/3.6 MB[0m
2026.04.10 14:59:42 INFO  Progress (4): 1.6/8.5 MB | 78/598 kB | 2.0/2.1 MB | 0.1/3.6 MB[0m
2026.04.10 14:59:42 INFO  Progress (4): 1.6/8.5 MB | 78/598 kB | 2.1/2.1 MB | 0.1/3.6 MB[0m
2026.04.10 14:59:42 INFO  Progress (4): 1.6/8.5 MB | 78/598 kB | 2.1/2.1 MB | 0.1/3.6 MB[0m
2026.04.10 14:59:42 INFO  Progress (4): 1.6/8.5 MB | 78/598 kB | 2.1 MB | 0.1/3.6 MB    [0m
2026.04.10 14:59:42 INFO                                                            [0m
2026.04.10 14:59:42 INFO  Downloaded from central: https://repo.maven.apache.org/maven2/org/springframework/spring-web/6.2.2/spring-web-6.2.2.jar (2.1 MB at 1.7 MB/s)[0m
2026.04.10 14:59:42 INFO  Downloading from central: https://repo.maven.apache.org/maven2/org/springframework/spring-expression/6.2.2/spring-expression-6.2.2.jar[0m
2026.04.10 14:59:42 INFO  Progress (3): 1.6/8.5 MB | 78/598 kB | 0.1/3.6 MB[0m
2026.04.10 14:59:42 INFO  Progress (3): 1.6/8.5 MB | 78/598 kB | 0.1/3.6 MB[0m
2026.04.10 14:59:42 INFO  Progress (3): 1.6/8.5 MB | 78/598 kB | 0.1/3.6 MB[0m
2026.04.10 14:59:42 INFO  Progress (3): 1.6/8.5 MB | 78/598 kB | 0.1/3.6 MB[0m
2026.04.10 14:59:42 INFO  Progress (3): 1.6/8.5 MB | 78/598 kB | 0.1/3.6 MB[0m
2026.04.10 14:59:42 INFO  Progress (4): 1.6/8.5 MB | 78/598 kB | 0.1/3.6 MB | 0/1.1 MB[0m
2026.04.10 14:59:42 INFO  Progress (4): 1.6/8.5 MB | 78/598 kB | 0.1/3.6 MB | 0/1.1 MB[0m
2026.04.10 14:59:42 INFO  Progress (4): 1.6/8.5 MB | 78/598 kB | 0.1/3.6 MB | 0/1.1 MB[0m
2026.04.10 14:59:42 INFO  Progress (4): 1.7/8.5 MB | 78/598 kB | 0.1/3.6 MB | 0/1.1 MB[0m
2026.04.10 14:59:42 INFO  Progress (4): 1.7/8.5 MB | 78/598 kB | 0.1/3.6 MB | 0/1.1 MB[0m
2026.04.10 14:59:42 INFO  Progress (4): 1.7/8.5 MB | 78/598 kB | 0.1/3.6 MB | 0.1/1.1 MB[0m
2026.04.10 14:59:42 INFO  Progress (4): 1.7/8.5 MB | 78/598 kB | 0.1/3.6 MB | 0.1/1.1 MB[0m
2026.04.10 14:59:42 INFO  Progress (4): 1.7/8.5 MB | 78/598 kB | 0.1/3.6 MB | 0.1/1.1 MB[0m
2026.04.10 14:59:42 INFO  Progress (4): 1.7/8.5 MB | 78/598 kB | 0.1/3.6 MB | 0.1/1.1 MB[0m
2026.04.10 14:59:42 INFO  Progress (4): 1.7/8.5 MB | 78/598 kB | 0.1/3.6 MB | 0.1/1.1 MB[0m
2026.04.10 14:59:42 INFO  Progress (4): 1.7/8.5 MB | 78/598 kB | 0.1/3.6 MB | 0.1/1.1 MB[0m
2026.04.10 14:59:42 INFO  Progress (4): 1.7/8.5 MB | 78/598 kB | 0.1/3.6 MB | 0.2/1.1 MB[0m
2026.04.10 14:59:42 INFO  Progress (4): 1.7/8.5 MB | 78/598 kB | 0.1/3.6 MB | 0.2/1.1 MB[0m
2026.04.10 14:59:42 INFO  Progress (4): 1.7/8.5 MB | 78/598 kB | 0.1/3.6 MB | 0.2/1.1 MB[0m
2026.04.10 14:59:42 INFO  Progress (4): 1.7/8.5 MB | 78/598 kB | 0.1/3.6 MB | 0.2/1.1 MB[0m
2026.04.10 14:59:42 INFO  Progress (4): 1.7/8.5 MB | 78/598 kB | 0.1/3.6 MB | 0.2/1.1 MB[0m
2026.04.10 14:59:42 INFO  Progress (4): 1.7/8.5 MB | 78/598 kB | 0.1/3.6 MB | 0.2/1.1 MB[0m
2026.04.10 14:59:42 INFO  Progress (4): 1.7/8.5 MB | 78/598 kB | 0.1/3.6 MB | 0.2/1.1 MB[0m
2026.04.10 14:59:42 INFO  Progress (4): 1.7/8.5 MB | 78/598 kB | 0.1/3.6 MB | 0.2/1.1 MB[0m
2026.04.10 14:59:42 INFO  Progress (4): 1.7/8.5 MB | 78/598 kB | 0.1/3.6 MB | 0.3/1.1 MB[0m
2026.04.10 14:59:42 INFO  Progress (4): 1.7/8.5 MB | 78/598 kB | 0.1/3.6 MB | 0.3/1.1 MB[0m
2026.04.10 14:59:42 INFO  Progress (4): 1.7/8.5 MB | 78/598 kB | 0.1/3.6 MB | 0.3/1.1 MB[0m
2026.04.10 14:59:42 INFO  Progress (4): 1.7/8.5 MB | 78/598 kB | 0.1/3.6 MB | 0.3/1.1 MB[0m
2026.04.10 14:59:42 INFO  Progress (4): 1.7/8.5 MB | 78/598 kB | 0.1/3.6 MB | 0.3/1.1 MB[0m
2026.04.10 14:59:42 INFO  Progress (4): 1.7/8.5 MB | 78/598 kB | 0.1/3.6 MB | 0.3/1.1 MB[0m
2026.04.10 14:59:42 INFO  Progress (4): 1.7/8.5 MB | 78/598 kB | 0.1/3.6 MB | 0.3/1.1 MB[0m
2026.04.10 14:59:42 INFO  Progress (4): 1.7/8.5 MB | 78/598 kB | 0.1/3.6 MB | 0.4/1.1 MB[0m
2026.04.10 14:59:42 INFO  Progress (4): 1.7/8.5 MB | 78/598 kB | 0.1/3.6 MB | 0.4/1.1 MB[0m
2026.04.10 14:59:42 INFO  Progress (4): 1.7/8.5 MB | 78/598 kB | 0.1/3.6 MB | 0.4/1.1 MB[0m
2026.04.10 14:59:42 INFO  Progress (4): 1.7/8.5 MB | 78/598 kB | 0.1/3.6 MB | 0.4/1.1 MB[0m
2026.04.10 14:59:42 INFO  Progress (4): 1.7/8.5 MB | 78/598 kB | 0.1/3.6 MB | 0.4/1.1 MB[0m
2026.04.10 14:59:42 INFO  Progress (5): 1.7/8.5 MB | 78/598 kB | 0.1/3.6 MB | 0.4/1.1 MB | 7.7/318 kB[0m
2026.04.10 14:59:42 INFO  Progress (5): 1.7/8.5 MB | 78/598 kB | 0.1/3.6 MB | 0.4/1.1 MB | 16/318 kB [0m
2026.04.10 14:59:42 INFO  Progress (5): 1.7/8.5 MB | 78/598 kB | 0.1/3.6 MB | 0.4/1.1 MB | 16/318 kB[0m
2026.04.10 14:59:42 INFO  Progress (5): 1.7/8.5 MB | 78/598 kB | 0.1/3.6 MB | 0.4/1.1 MB | 32/318 kB[0m
2026.04.10 14:59:42 INFO  Progress (5): 1.7/8.5 MB | 78/598 kB | 0.1/3.6 MB | 0.4/1.1 MB | 49/318 kB[0m
2026.04.10 14:59:42 INFO  Progress (5): 1.7/8.5 MB | 78/598 kB | 0.1/3.6 MB | 0.5/1.1 MB | 49/318 kB[0m
2026.04.10 14:59:42 INFO  Progress (5): 1.7/8.5 MB | 78/598 kB | 0.1/3.6 MB | 0.5/1.1 MB | 65/318 kB[0m
2026.04.10 14:59:42 INFO  Progress (5): 1.7/8.5 MB | 78/598 kB | 0.1/3.6 MB | 0.5/1.1 MB | 65/318 kB[0m
2026.04.10 14:59:42 INFO  Progress (5): 1.7/8.5 MB | 78/598 kB | 0.1/3.6 MB | 0.5/1.1 MB | 81/318 kB[0m
2026.04.10 14:59:42 INFO  Progress (5): 1.7/8.5 MB | 94/598 kB | 0.1/3.6 MB | 0.5/1.1 MB | 81/318 kB[0m
2026.04.10 14:59:42 INFO  Progress (5): 1.7/8.5 MB | 94/598 kB | 0.1/3.6 MB | 0.5/1.1 MB | 81/318 kB[0m
2026.04.10 14:59:42 INFO  Progress (5): 1.7/8.5 MB | 94/598 kB | 0.1/3.6 MB | 0.5/1.1 MB | 81/318 kB[0m
2026.04.10 14:59:42 INFO  Progress (5): 1.7/8.5 MB | 94/598 kB | 0.1/3.6 MB | 0.5/1.1 MB | 81/318 kB[0m
2026.04.10 14:59:42 INFO  Progress (5): 1.7/8.5 MB | 94/598 kB | 0.1/3.6 MB | 0.5/1.1 MB | 98/318 kB[0m
2026.04.10 14:59:42 INFO  Progress (5): 1.7/8.5 MB | 94/598 kB | 0.1/3.6 MB | 0.5/1.1 MB | 98/318 kB[0m
2026.04.10 14:59:42 INFO  Progress (5): 1.7/8.5 MB | 94/598 kB | 0.1/3.6 MB | 0.5/1.1 MB | 98/318 kB[0m
2026.04.10 14:59:42 INFO  Progress (5): 1.7/8.5 MB | 94/598 kB | 0.1/3.6 MB | 0.5/1.1 MB | 114/318 kB[0m
2026.04.10 14:59:42 INFO  Progress (5): 1.7/8.5 MB | 94/598 kB | 0.1/3.6 MB | 0.5/1.1 MB | 115/318 kB[0m
2026.04.10 14:59:42 INFO  Progress (5): 1.7/8.5 MB | 94/598 kB | 0.1/3.6 MB | 0.6/1.1 MB | 115/318 kB[0m
2026.04.10 14:59:42 INFO  Progress (5): 1.7/8.5 MB | 94/598 kB | 0.1/3.6 MB | 0.6/1.1 MB | 131/318 kB[0m
2026.04.10 14:59:42 INFO  Progress (5): 1.7/8.5 MB | 94/598 kB | 0.1/3.6 MB | 0.6/1.1 MB | 131/318 kB[0m
2026.04.10 14:59:42 INFO  Progress (5): 1.7/8.5 MB | 94/598 kB | 0.1/3.6 MB | 0.6/1.1 MB | 147/318 kB[0m
2026.04.10 14:59:42 INFO  Progress (5): 1.7/8.5 MB | 94/598 kB | 0.1/3.6 MB | 0.6/1.1 MB | 147/318 kB[0m
2026.04.10 14:59:42 INFO  Progress (5): 1.7/8.5 MB | 94/598 kB | 0.1/3.6 MB | 0.6/1.1 MB | 147/318 kB[0m
2026.04.10 14:59:42 INFO  Progress (5): 1.7/8.5 MB | 94/598 kB | 0.1/3.6 MB | 0.6/1.1 MB | 164/318 kB[0m
2026.04.10 14:59:42 INFO  Progress (5): 1.7/8.5 MB | 94/598 kB | 0.1/3.6 MB | 0.6/1.1 MB | 164/318 kB[0m
2026.04.10 14:59:42 INFO  Progress (5): 1.7/8.5 MB | 94/598 kB | 0.1/3.6 MB | 0.6/1.1 MB | 180/318 kB[0m
2026.04.10 14:59:42 INFO  Progress (5): 1.7/8.5 MB | 94/598 kB | 0.1/3.6 MB | 0.6/1.1 MB | 180/318 kB[0m
2026.04.10 14:59:42 INFO  Progress (5): 1.7/8.5 MB | 94/598 kB | 0.1/3.6 MB | 0.6/1.1 MB | 197/318 kB[0m
2026.04.10 14:59:42 INFO  Progress (5): 1.7/8.5 MB | 94/598 kB | 0.1/3.6 MB | 0.6/1.1 MB | 197/318 kB[0m
2026.04.10 14:59:42 INFO  Progress (5): 1.7/8.5 MB | 94/598 kB | 0.1/3.6 MB | 0.6/1.1 MB | 213/318 kB[0m
2026.04.10 14:59:42 INFO  Progress (5): 1.7/8.5 MB | 94/598 kB | 0.1/3.6 MB | 0.7/1.1 MB | 213/318 kB[0m
2026.04.10 14:59:42 INFO  Progress (5): 1.7/8.5 MB | 94/598 kB | 0.1/3.6 MB | 0.7/1.1 MB | 229/318 kB[0m
2026.04.10 14:59:42 INFO  Progress (5): 1.7/8.5 MB | 94/598 kB | 0.1/3.6 MB | 0.7/1.1 MB | 229/318 kB[0m
2026.04.10 14:59:42 INFO  Progress (5): 1.7/8.5 MB | 94/598 kB | 0.1/3.6 MB | 0.7/1.1 MB | 246/318 kB[0m
2026.04.10 14:59:42 INFO  Progress (5): 1.7/8.5 MB | 94/598 kB | 0.1/3.6 MB | 0.7/1.1 MB | 246/318 kB[0m
2026.04.10 14:59:42 INFO  Progress (5): 1.7/8.5 MB | 94/598 kB | 0.1/3.6 MB | 0.7/1.1 MB | 262/318 kB[0m
2026.04.10 14:59:42 INFO  Progress (5): 1.7/8.5 MB | 94/598 kB | 0.1/3.6 MB | 0.7/1.1 MB | 262/318 kB[0m
2026.04.10 14:59:42 INFO  Progress (5): 1.7/8.5 MB | 94/598 kB | 0.1/3.6 MB | 0.7/1.1 MB | 279/318 kB[0m
2026.04.10 14:59:42 INFO  Progress (5): 1.7/8.5 MB | 94/598 kB | 0.1/3.6 MB | 0.7/1.1 MB | 279/318 kB[0m
2026.04.10 14:59:42 INFO  Progress (5): 1.7/8.5 MB | 94/598 kB | 0.1/3.6 MB | 0.7/1.1 MB | 295/318 kB[0m
2026.04.10 14:59:42 INFO  Progress (5): 1.7/8.5 MB | 94/598 kB | 0.1/3.6 MB | 0.7/1.1 MB | 295/318 kB[0m
2026.04.10 14:59:42 INFO  Progress (5): 1.7/8.5 MB | 94/598 kB | 0.1/3.6 MB | 0.8/1.1 MB | 295/318 kB[0m
2026.04.10 14:59:42 INFO  Progress (5): 1.7/8.5 MB | 94/598 kB | 0.1/3.6 MB | 0.8/1.1 MB | 311/318 kB[0m
2026.04.10 14:59:42 INFO  Progress (5): 1.7/8.5 MB | 94/598 kB | 0.1/3.6 MB | 0.8/1.1 MB | 318 kB    [0m
2026.04.10 14:59:42 INFO  Progress (5): 1.7/8.5 MB | 94/598 kB | 0.1/3.6 MB | 0.8/1.1 MB | 318 kB[0m
2026.04.10 14:59:42 INFO  Progress (5): 1.7/8.5 MB | 94/598 kB | 0.1/3.6 MB | 0.8/1.1 MB | 318 kB[0m
2026.04.10 14:59:42 INFO  Progress (5): 1.7/8.5 MB | 94/598 kB | 0.1/3.6 MB | 0.8/1.1 MB | 318 kB[0m
2026.04.10 14:59:42 INFO                                                                         [0m
2026.04.10 14:59:42 INFO  Downloaded from central: https://repo.maven.apache.org/maven2/org/springframework/spring-expression/6.2.2/spring-expression-6.2.2.jar (318 kB at 251 kB/s)[0m
2026.04.10 14:59:42 INFO  Downloading from central: https://repo.maven.apache.org/maven2/org/springframework/boot/spring-boot-starter-jdbc/3.4.2/spring-boot-starter-jdbc-3.4.2.jar[0m
2026.04.10 14:59:42 INFO  Progress (4): 1.7/8.5 MB | 94/598 kB | 0.1/3.6 MB | 0.8/1.1 MB[0m
2026.04.10 14:59:42 INFO  Progress (4): 1.7/8.5 MB | 94/598 kB | 0.1/3.6 MB | 0.8/1.1 MB[0m
2026.04.10 14:59:42 INFO  Progress (4): 1.7/8.5 MB | 94/598 kB | 0.1/3.6 MB | 0.8/1.1 MB[0m
2026.04.10 14:59:42 INFO  Progress (4): 1.7/8.5 MB | 94/598 kB | 0.1/3.6 MB | 0.8/1.1 MB[0m
2026.04.10 14:59:42 INFO  Progress (4): 1.7/8.5 MB | 94/598 kB | 0.1/3.6 MB | 0.8/1.1 MB[0m
2026.04.10 14:59:42 INFO  Progress (4): 1.7/8.5 MB | 94/598 kB | 0.1/3.6 MB | 0.9/1.1 MB[0m
2026.04.10 14:59:42 INFO  Progress (4): 1.7/8.5 MB | 94/598 kB | 0.1/3.6 MB | 0.9/1.1 MB[0m
2026.04.10 14:59:42 INFO  Progress (4): 1.7/8.5 MB | 94/598 kB | 0.1/3.6 MB | 0.9/1.1 MB[0m
2026.04.10 14:59:42 INFO  Progress (4): 1.7/8.5 MB | 94/598 kB | 0.1/3.6 MB | 0.9/1.1 MB[0m
2026.04.10 14:59:42 INFO  Progress (4): 1.7/8.5 MB | 94/598 kB | 0.1/3.6 MB | 0.9/1.1 MB[0m
2026.04.10 14:59:42 INFO  Progress (4): 1.7/8.5 MB | 94/598 kB | 0.1/3.6 MB | 0.9/1.1 MB[0m
2026.04.10 14:59:42 INFO  Progress (4): 1.7/8.5 MB | 94/598 kB | 0.1/3.6 MB | 1.0/1.1 MB[0m
2026.04.10 14:59:42 INFO  Progress (4): 1.7/8.5 MB | 94/598 kB | 0.1/3.6 MB | 1.0/1.1 MB[0m
2026.04.10 14:59:42 INFO  Progress (4): 1.7/8.5 MB | 94/598 kB | 0.1/3.6 MB | 1.0/1.1 MB[0m
2026.04.10 14:59:42 INFO  Progress (4): 1.7/8.5 MB | 94/598 kB | 0.1/3.6 MB | 1.0/1.1 MB[0m
2026.04.10 14:59:42 INFO  Progress (4): 1.7/8.5 MB | 94/598 kB | 0.1/3.6 MB | 1.0/1.1 MB[0m
2026.04.10 14:59:42 INFO  Progress (4): 1.7/8.5 MB | 94/598 kB | 0.1/3.6 MB | 1.0/1.1 MB[0m
2026.04.10 14:59:42 INFO  Progress (4): 1.7/8.5 MB | 94/598 kB | 0.1/3.6 MB | 1.0/1.1 MB[0m
2026.04.10 14:59:42 INFO  Progress (4): 1.7/8.5 MB | 94/598 kB | 0.1/3.6 MB | 1.1/1.1 MB[0m
2026.04.10 14:59:42 INFO  Progress (4): 1.7/8.5 MB | 94/598 kB | 0.1/3.6 MB | 1.1/1.1 MB[0m
2026.04.10 14:59:42 INFO  Progress (4): 1.7/8.5 MB | 94/598 kB | 0.1/3.6 MB | 1.1 MB    [0m
2026.04.10 14:59:42 INFO  Progress (4): 1.7/8.5 MB | 94/598 kB | 0.2/3.6 MB | 1.1 MB[0m
2026.04.10 14:59:42 INFO                                                            [0m
2026.04.10 14:59:42 INFO  Downloaded from central: https://repo.maven.apache.org/maven2/org/springframework/spring-webmvc/6.2.2/spring-webmvc-6.2.2.jar (1.1 MB at 854 kB/s)[0m
2026.04.10 14:59:42 INFO  Downloading from central: https://repo.maven.apache.org/maven2/com/zaxxer/HikariCP/5.1.0/HikariCP-5.1.0.jar[0m
2026.04.10 14:59:42 INFO  Progress (3): 1.7/8.5 MB | 94/598 kB | 0.2/3.6 MB[0m
2026.04.10 14:59:42 INFO  Progress (3): 1.7/8.5 MB | 111/598 kB | 0.2/3.6 MB[0m
2026.04.10 14:59:42 INFO  Progress (3): 1.7/8.5 MB | 111/598 kB | 0.2/3.6 MB[0m
2026.04.10 14:59:42 INFO  Progress (3): 1.7/8.5 MB | 111/598 kB | 0.2/3.6 MB[0m
2026.04.10 14:59:42 INFO  Progress (3): 1.7/8.5 MB | 111/598 kB | 0.2/3.6 MB[0m
2026.04.10 14:59:42 INFO  Progress (4): 1.7/8.5 MB | 111/598 kB | 0.2/3.6 MB | 4.8 kB[0m
2026.04.10 14:59:42 INFO  Progress (4): 1.8/8.5 MB | 111/598 kB | 0.2/3.6 MB | 4.8 kB[0m
2026.04.10 14:59:42 INFO                                                             [0m
2026.04.10 14:59:42 INFO  Downloaded from central: https://repo.maven.apache.org/maven2/org/springframework/boot/spring-boot-starter-jdbc/3.4.2/spring-boot-starter-jdbc-3.4.2.jar (4.8 kB at 3.7 kB/s)[0m
2026.04.10 14:59:42 INFO  Downloading from central: https://repo.maven.apache.org/maven2/org/springframework/spring-jdbc/6.2.2/spring-jdbc-6.2.2.jar[0m
2026.04.10 14:59:42 INFO  Progress (4): 1.8/8.5 MB | 111/598 kB | 0.2/3.6 MB | 7.5/162 kB[0m
2026.04.10 14:59:42 INFO  Progress (4): 1.8/8.5 MB | 111/598 kB | 0.2/3.6 MB | 7.5/162 kB[0m
2026.04.10 14:59:42 INFO  Progress (4): 1.8/8.5 MB | 111/598 kB | 0.2/3.6 MB | 7.5/162 kB[0m
2026.04.10 14:59:42 INFO  Progress (4): 1.8/8.5 MB | 111/598 kB | 0.2/3.6 MB | 24/162 kB [0m
2026.04.10 14:59:42 INFO  Progress (4): 1.8/8.5 MB | 111/598 kB | 0.2/3.6 MB | 40/162 kB[0m
2026.04.10 14:59:42 INFO  Progress (4): 1.8/8.5 MB | 111/598 kB | 0.2/3.6 MB | 57/162 kB[0m
2026.04.10 14:59:42 INFO  Progress (4): 1.8/8.5 MB | 111/598 kB | 0.2/3.6 MB | 73/162 kB[0m
2026.04.10 14:59:42 INFO  Progress (4): 1.8/8.5 MB | 111/598 kB | 0.2/3.6 MB | 89/162 kB[0m
2026.04.10 14:59:42 INFO  Progress (4): 1.8/8.5 MB | 111/598 kB | 0.2/3.6 MB | 101/162 kB[0m
2026.04.10 14:59:42 INFO  Progress (4): 1.8/8.5 MB | 111/598 kB | 0.2/3.6 MB | 118/162 kB[0m
2026.04.10 14:59:42 INFO  Progress (4): 1.8/8.5 MB | 111/598 kB | 0.2/3.6 MB | 118/162 kB[0m
2026.04.10 14:59:42 INFO  Progress (4): 1.8/8.5 MB | 111/598 kB | 0.2/3.6 MB | 134/162 kB[0m
2026.04.10 14:59:42 INFO  Progress (4): 1.8/8.5 MB | 111/598 kB | 0.2/3.6 MB | 151/162 kB[0m
2026.04.10 14:59:42 INFO  Progress (4): 1.8/8.5 MB | 111/598 kB | 0.2/3.6 MB | 151/162 kB[0m
2026.04.10 14:59:42 INFO  Progress (4): 1.8/8.5 MB | 111/598 kB | 0.2/3.6 MB | 162 kB    [0m
2026.04.10 14:59:42 INFO  Progress (4): 1.8/8.5 MB | 111/598 kB | 0.2/3.6 MB | 162 kB[0m
2026.04.10 14:59:42 INFO                                                             [0m
2026.04.10 14:59:42 INFO  Downloaded from central: https://repo.maven.apache.org/maven2/com/zaxxer/HikariCP/5.1.0/HikariCP-5.1.0.jar (162 kB at 123 kB/s)[0m
2026.04.10 14:59:42 INFO  Downloading from central: https://repo.maven.apache.org/maven2/org/springframework/boot/spring-boot-starter-validation/3.4.2/spring-boot-starter-validation-3.4.2.jar[0m
2026.04.10 14:59:42 INFO  Progress (3): 1.8/8.5 MB | 127/598 kB | 0.2/3.6 MB[0m
2026.04.10 14:59:42 INFO  Progress (4): 1.8/8.5 MB | 127/598 kB | 0.2/3.6 MB | 7.7/471 kB[0m
2026.04.10 14:59:42 INFO  Progress (4): 1.8/8.5 MB | 127/598 kB | 0.2/3.6 MB | 16/471 kB [0m
2026.04.10 14:59:42 INFO  Progress (4): 1.8/8.5 MB | 127/598 kB | 0.2/3.6 MB | 32/471 kB[0m
2026.04.10 14:59:42 INFO  Progress (4): 1.8/8.5 MB | 127/598 kB | 0.2/3.6 MB | 48/471 kB[0m
2026.04.10 14:59:42 INFO  Progress (4): 1.8/8.5 MB | 127/598 kB | 0.2/3.6 MB | 65/471 kB[0m
2026.04.10 14:59:42 INFO  Progress (4): 1.8/8.5 MB | 127/598 kB | 0.2/3.6 MB | 81/471 kB[0m
2026.04.10 14:59:42 INFO  Progress (4): 1.8/8.5 MB | 127/598 kB | 0.2/3.6 MB | 98/471 kB[0m
2026.04.10 14:59:42 INFO  Progress (4): 1.8/8.5 MB | 127/598 kB | 0.2/3.6 MB | 114/471 kB[0m
2026.04.10 14:59:42 INFO  Progress (4): 1.8/8.5 MB | 127/598 kB | 0.2/3.6 MB | 130/471 kB[0m
2026.04.10 14:59:42 INFO  Progress (4): 1.8/8.5 MB | 127/598 kB | 0.2/3.6 MB | 147/471 kB[0m
2026.04.10 14:59:42 INFO  Progress (4): 1.8/8.5 MB | 127/598 kB | 0.2/3.6 MB | 147/471 kB[0m
2026.04.10 14:59:42 INFO  Progress (4): 1.8/8.5 MB | 127/598 kB | 0.2/3.6 MB | 163/471 kB[0m
2026.04.10 14:59:42 INFO  Progress (4): 1.8/8.5 MB | 127/598 kB | 0.2/3.6 MB | 179/471 kB[0m
2026.04.10 14:59:42 INFO  Progress (4): 1.8/8.5 MB | 127/598 kB | 0.2/3.6 MB | 196/471 kB[0m
2026.04.10 14:59:42 INFO  Progress (4): 1.8/8.5 MB | 127/598 kB | 0.2/3.6 MB | 212/471 kB[0m
2026.04.10 14:59:42 INFO  Progress (4): 1.8/8.5 MB | 127/598 kB | 0.2/3.6 MB | 212/471 kB[0m
2026.04.10 14:59:42 INFO  Progress (4): 1.8/8.5 MB | 127/598 kB | 0.2/3.6 MB | 229/471 kB[0m
2026.04.10 14:59:42 INFO  Progress (4): 1.8/8.5 MB | 127/598 kB | 0.2/3.6 MB | 245/471 kB[0m
2026.04.10 14:59:42 INFO  Progress (4): 1.8/8.5 MB | 127/598 kB | 0.2/3.6 MB | 261/471 kB[0m
2026.04.10 14:59:42 INFO  Progress (4): 1.8/8.5 MB | 127/598 kB | 0.2/3.6 MB | 278/471 kB[0m
2026.04.10 14:59:42 INFO  Progress (4): 1.8/8.5 MB | 127/598 kB | 0.2/3.6 MB | 294/471 kB[0m
2026.04.10 14:59:42 INFO  Progress (4): 1.8/8.5 MB | 127/598 kB | 0.2/3.6 MB | 311/471 kB[0m
2026.04.10 14:59:42 INFO  Progress (4): 1.8/8.5 MB | 127/598 kB | 0.2/3.6 MB | 327/471 kB[0m
2026.04.10 14:59:42 INFO  Progress (4): 1.8/8.5 MB | 127/598 kB | 0.2/3.6 MB | 343/471 kB[0m
2026.04.10 14:59:42 INFO  Progress (4): 1.8/8.5 MB | 127/598 kB | 0.2/3.6 MB | 360/471 kB[0m
2026.04.10 14:59:42 INFO  Progress (4): 1.8/8.5 MB | 127/598 kB | 0.2/3.6 MB | 360/471 kB[0m
2026.04.10 14:59:42 INFO  Progress (4): 1.8/8.5 MB | 127/598 kB | 0.2/3.6 MB | 377/471 kB[0m
2026.04.10 14:59:42 INFO  Progress (4): 1.8/8.5 MB | 127/598 kB | 0.2/3.6 MB | 393/471 kB[0m
2026.04.10 14:59:42 INFO  Progress (4): 1.8/8.5 MB | 127/598 kB | 0.2/3.6 MB | 410/471 kB[0m
2026.04.10 14:59:42 INFO  Progress (4): 1.8/8.5 MB | 127/598 kB | 0.2/3.6 MB | 426/471 kB[0m
2026.04.10 14:59:42 INFO  Progress (4): 1.8/8.5 MB | 127/598 kB | 0.2/3.6 MB | 442/471 kB[0m
2026.04.10 14:59:42 INFO  Progress (4): 1.8/8.5 MB | 127/598 kB | 0.2/3.6 MB | 442/471 kB[0m
2026.04.10 14:59:42 INFO  Progress (4): 1.8/8.5 MB | 127/598 kB | 0.2/3.6 MB | 459/471 kB[0m
2026.04.10 14:59:42 INFO  Progress (4): 1.8/8.5 MB | 127/598 kB | 0.2/3.6 MB | 471 kB    [0m
2026.04.10 14:59:42 INFO  Progress (4): 1.8/8.5 MB | 127/598 kB | 0.3/3.6 MB | 471 kB[0m
2026.04.10 14:59:42 INFO                                                             [0m
2026.04.10 14:59:42 INFO  Downloaded from central: https://repo.maven.apache.org/maven2/org/springframework/spring-jdbc/6.2.2/spring-jdbc-6.2.2.jar (471 kB at 355 kB/s)[0m
2026.04.10 14:59:42 INFO  Downloading from central: https://repo.maven.apache.org/maven2/org/apache/tomcat/embed/tomcat-embed-el/10.1.34/tomcat-embed-el-10.1.34.jar[0m
2026.04.10 14:59:42 INFO  Progress (3): 1.8/8.5 MB | 127/598 kB | 0.3/3.6 MB[0m
2026.04.10 14:59:42 INFO  Progress (3): 1.9/8.5 MB | 127/598 kB | 0.3/3.6 MB[0m
2026.04.10 14:59:42 INFO  Progress (3): 1.9/8.5 MB | 127/598 kB | 0.3/3.6 MB[0m
2026.04.10 14:59:42 INFO  Progress (3): 1.9/8.5 MB | 127/598 kB | 0.3/3.6 MB[0m
2026.04.10 14:59:42 INFO  Progress (4): 1.9/8.5 MB | 127/598 kB | 0.3/3.6 MB | 4.8 kB[0m
2026.04.10 14:59:42 INFO                                                             [0m
2026.04.10 14:59:42 INFO  Downloaded from central: https://repo.maven.apache.org/maven2/org/springframework/boot/spring-boot-starter-validation/3.4.2/spring-boot-starter-validation-3.4.2.jar (4.8 kB at 3.5 kB/s)[0m
2026.04.10 14:59:42 INFO  Downloading from central: https://repo.maven.apache.org/maven2/org/hibernate/validator/hibernate-validator/8.0.2.Final/hibernate-validator-8.0.2.Final.jar[0m
2026.04.10 14:59:42 INFO  Progress (3): 1.9/8.5 MB | 127/598 kB | 0.3/3.6 MB[0m
2026.04.10 14:59:42 INFO  Progress (3): 1.9/8.5 MB | 143/598 kB | 0.3/3.6 MB[0m
2026.04.10 14:59:42 INFO  Progress (3): 1.9/8.5 MB | 143/598 kB | 0.3/3.6 MB[0m
2026.04.10 14:59:42 INFO  Progress (3): 1.9/8.5 MB | 143/598 kB | 0.3/3.6 MB[0m
2026.04.10 14:59:42 INFO  Progress (3): 1.9/8.5 MB | 143/598 kB | 0.3/3.6 MB[0m
2026.04.10 14:59:42 INFO  Progress (3): 1.9/8.5 MB | 143/598 kB | 0.3/3.6 MB[0m
2026.04.10 14:59:42 INFO  Progress (3): 1.9/8.5 MB | 143/598 kB | 0.3/3.6 MB[0m
2026.04.10 14:59:42 INFO  Progress (3): 1.9/8.5 MB | 143/598 kB | 0.3/3.6 MB[0m
2026.04.10 14:59:42 INFO  Progress (4): 1.9/8.5 MB | 143/598 kB | 0.3/3.6 MB | 7.7/263 kB[0m
2026.04.10 14:59:42 INFO  Progress (4): 2.0/8.5 MB | 143/598 kB | 0.3/3.6 MB | 7.7/263 kB[0m
2026.04.10 14:59:42 INFO  Progress (4): 2.0/8.5 MB | 143/598 kB | 0.3/3.6 MB | 16/263 kB [0m
2026.04.10 14:59:42 INFO  Progress (4): 2.0/8.5 MB | 143/598 kB | 0.3/3.6 MB | 16/263 kB[0m
2026.04.10 14:59:42 INFO  Progress (4): 2.0/8.5 MB | 143/598 kB | 0.3/3.6 MB | 32/263 kB[0m
2026.04.10 14:59:42 INFO  Progress (4): 2.0/8.5 MB | 143/598 kB | 0.3/3.6 MB | 49/263 kB[0m
2026.04.10 14:59:42 INFO  Progress (4): 2.0/8.5 MB | 143/598 kB | 0.3/3.6 MB | 49/263 kB[0m
2026.04.10 14:59:42 INFO  Progress (4): 2.0/8.5 MB | 143/598 kB | 0.3/3.6 MB | 65/263 kB[0m
2026.04.10 14:59:42 INFO  Progress (4): 2.0/8.5 MB | 143/598 kB | 0.3/3.6 MB | 81/263 kB[0m
2026.04.10 14:59:42 INFO  Progress (4): 2.0/8.5 MB | 143/598 kB | 0.3/3.6 MB | 81/263 kB[0m
2026.04.10 14:59:42 INFO  Progress (4): 2.0/8.5 MB | 143/598 kB | 0.3/3.6 MB | 98/263 kB[0m
2026.04.10 14:59:42 INFO  Progress (4): 2.0/8.5 MB | 160/598 kB | 0.3/3.6 MB | 98/263 kB[0m
2026.04.10 14:59:42 INFO  Progress (4): 2.0/8.5 MB | 160/598 kB | 0.3/3.6 MB | 114/263 kB[0m
2026.04.10 14:59:42 INFO  Progress (4): 2.0/8.5 MB | 160/598 kB | 0.3/3.6 MB | 114/263 kB[0m
2026.04.10 14:59:42 INFO  Progress (4): 2.0/8.5 MB | 160/598 kB | 0.3/3.6 MB | 131/263 kB[0m
2026.04.10 14:59:42 INFO  Progress (5): 2.0/8.5 MB | 160/598 kB | 0.3/3.6 MB | 131/263 kB | 0/1.3 MB[0m
2026.04.10 14:59:42 INFO  Progress (5): 2.0/8.5 MB | 160/598 kB | 0.3/3.6 MB | 131/263 kB | 0/1.3 MB[0m
2026.04.10 14:59:42 INFO  Progress (5): 2.0/8.5 MB | 160/598 kB | 0.4/3.6 MB | 131/263 kB | 0/1.3 MB[0m
2026.04.10 14:59:42 INFO  Progress (5): 2.0/8.5 MB | 160/598 kB | 0.4/3.6 MB | 147/263 kB | 0/1.3 MB[0m
2026.04.10 14:59:42 INFO  Progress (5): 2.0/8.5 MB | 160/598 kB | 0.4/3.6 MB | 147/263 kB | 0/1.3 MB[0m
2026.04.10 14:59:42 INFO  Progress (5): 2.0/8.5 MB | 160/598 kB | 0.4/3.6 MB | 147/263 kB | 0/1.3 MB[0m
2026.04.10 14:59:42 INFO  Progress (5): 2.0/8.5 MB | 160/598 kB | 0.4/3.6 MB | 147/263 kB | 0/1.3 MB[0m
2026.04.10 14:59:42 INFO  Progress (5): 2.0/8.5 MB | 160/598 kB | 0.4/3.6 MB | 163/263 kB | 0/1.3 MB[0m
2026.04.10 14:59:42 INFO  Progress (5): 2.0/8.5 MB | 160/598 kB | 0.4/3.6 MB | 180/263 kB | 0/1.3 MB[0m
2026.04.10 14:59:42 INFO  Progress (5): 2.0/8.5 MB | 160/598 kB | 0.4/3.6 MB | 180/263 kB | 0.1/1.3 MB[0m
2026.04.10 14:59:42 INFO  Progress (5): 2.0/8.5 MB | 160/598 kB | 0.4/3.6 MB | 196/263 kB | 0.1/1.3 MB[0m
2026.04.10 14:59:42 INFO  Progress (5): 2.0/8.5 MB | 160/598 kB | 0.4/3.6 MB | 196/263 kB | 0.1/1.3 MB[0m
2026.04.10 14:59:42 INFO  Progress (5): 2.0/8.5 MB | 160/598 kB | 0.4/3.6 MB | 196/263 kB | 0.1/1.3 MB[0m
2026.04.10 14:59:42 INFO  Progress (5): 2.0/8.5 MB | 160/598 kB | 0.4/3.6 MB | 212/263 kB | 0.1/1.3 MB[0m
2026.04.10 14:59:42 INFO  Progress (5): 2.0/8.5 MB | 160/598 kB | 0.4/3.6 MB | 212/263 kB | 0.1/1.3 MB[0m
2026.04.10 14:59:42 INFO  Progress (5): 2.0/8.5 MB | 160/598 kB | 0.4/3.6 MB | 229/263 kB | 0.1/1.3 MB[0m
2026.04.10 14:59:42 INFO  Progress (5): 2.0/8.5 MB | 160/598 kB | 0.4/3.6 MB | 232/263 kB | 0.1/1.3 MB[0m
2026.04.10 14:59:42 INFO  Progress (5): 2.0/8.5 MB | 160/598 kB | 0.4/3.6 MB | 232/263 kB | 0.1/1.3 MB[0m
2026.04.10 14:59:42 INFO  Progress (5): 2.0/8.5 MB | 160/598 kB | 0.4/3.6 MB | 248/263 kB | 0.1/1.3 MB[0m
2026.04.10 14:59:42 INFO  Progress (5): 2.0/8.5 MB | 160/598 kB | 0.4/3.6 MB | 248/263 kB | 0.1/1.3 MB[0m
2026.04.10 14:59:42 INFO  Progress (5): 2.0/8.5 MB | 160/598 kB | 0.4/3.6 MB | 248/263 kB | 0.1/1.3 MB[0m
2026.04.10 14:59:42 INFO  Progress (5): 2.0/8.5 MB | 160/598 kB | 0.4/3.6 MB | 263 kB | 0.1/1.3 MB    [0m
2026.04.10 14:59:42 INFO  Progress (5): 2.0/8.5 MB | 160/598 kB | 0.4/3.6 MB | 263 kB | 0.1/1.3 MB[0m
2026.04.10 14:59:42 INFO  Progress (5): 2.0/8.5 MB | 160/598 kB | 0.4/3.6 MB | 263 kB | 0.1/1.3 MB[0m
2026.04.10 14:59:42 INFO  Progress (5): 2.0/8.5 MB | 160/598 kB | 0.4/3.6 MB | 263 kB | 0.2/1.3 MB[0m
2026.04.10 14:59:42 INFO  Progress (5): 2.0/8.5 MB | 160/598 kB | 0.4/3.6 MB | 263 kB | 0.2/1.3 MB[0m
2026.04.10 14:59:42 INFO                                                                          [0m
2026.04.10 14:59:42 INFO  Downloaded from central: https://repo.maven.apache.org/maven2/org/apache/tomcat/embed/tomcat-embed-el/10.1.34/tomcat-embed-el-10.1.34.jar (263 kB at 190 kB/s)[0m
2026.04.10 14:59:42 INFO  Downloading from central: https://repo.maven.apache.org/maven2/com/fasterxml/jackson/core/jackson-annotations/2.18.2/jackson-annotations-2.18.2.jar[0m
2026.04.10 14:59:42 INFO  Progress (4): 2.0/8.5 MB | 160/598 kB | 0.4/3.6 MB | 0.2/1.3 MB[0m
2026.04.10 14:59:42 INFO  Progress (4): 2.0/8.5 MB | 160/598 kB | 0.4/3.6 MB | 0.2/1.3 MB[0m
2026.04.10 14:59:42 INFO  Progress (4): 2.0/8.5 MB | 160/598 kB | 0.4/3.6 MB | 0.2/1.3 MB[0m
2026.04.10 14:59:42 INFO  Progress (4): 2.0/8.5 MB | 160/598 kB | 0.4/3.6 MB | 0.2/1.3 MB[0m
2026.04.10 14:59:42 INFO  Progress (4): 2.0/8.5 MB | 160/598 kB | 0.4/3.6 MB | 0.3/1.3 MB[0m
2026.04.10 14:59:42 INFO  Progress (4): 2.1/8.5 MB | 160/598 kB | 0.4/3.6 MB | 0.3/1.3 MB[0m
2026.04.10 14:59:42 INFO  Progress (4): 2.1/8.5 MB | 160/598 kB | 0.4/3.6 MB | 0.3/1.3 MB[0m
2026.04.10 14:59:42 INFO  Progress (4): 2.1/8.5 MB | 160/598 kB | 0.4/3.6 MB | 0.3/1.3 MB[0m
2026.04.10 14:59:42 INFO  Progress (4): 2.1/8.5 MB | 160/598 kB | 0.4/3.6 MB | 0.3/1.3 MB[0m
2026.04.10 14:59:42 INFO  Progress (4): 2.1/8.5 MB | 160/598 kB | 0.4/3.6 MB | 0.3/1.3 MB[0m
2026.04.10 14:59:42 INFO  Progress (4): 2.1/8.5 MB | 160/598 kB | 0.4/3.6 MB | 0.3/1.3 MB[0m
2026.04.10 14:59:42 INFO  Progress (4): 2.1/8.5 MB | 176/598 kB | 0.4/3.6 MB | 0.3/1.3 MB[0m
2026.04.10 14:59:42 INFO  Progress (4): 2.1/8.5 MB | 176/598 kB | 0.4/3.6 MB | 0.3/1.3 MB[0m
2026.04.10 14:59:42 INFO  Progress (4): 2.1/8.5 MB | 176/598 kB | 0.4/3.6 MB | 0.3/1.3 MB[0m
2026.04.10 14:59:42 INFO  Progress (4): 2.1/8.5 MB | 176/598 kB | 0.4/3.6 MB | 0.3/1.3 MB[0m
2026.04.10 14:59:42 INFO  Progress (4): 2.1/8.5 MB | 176/598 kB | 0.4/3.6 MB | 0.3/1.3 MB[0m
2026.04.10 14:59:42 INFO  Progress (4): 2.1/8.5 MB | 176/598 kB | 0.4/3.6 MB | 0.4/1.3 MB[0m
2026.04.10 14:59:42 INFO  Progress (4): 2.1/8.5 MB | 176/598 kB | 0.4/3.6 MB | 0.4/1.3 MB[0m
2026.04.10 14:59:42 INFO  Progress (4): 2.1/8.5 MB | 176/598 kB | 0.4/3.6 MB | 0.4/1.3 MB[0m
2026.04.10 14:59:42 INFO  Progress (4): 2.1/8.5 MB | 176/598 kB | 0.4/3.6 MB | 0.4/1.3 MB[0m
2026.04.10 14:59:42 INFO  Progress (4): 2.1/8.5 MB | 176/598 kB | 0.4/3.6 MB | 0.4/1.3 MB[0m
2026.04.10 14:59:42 INFO  Progress (4): 2.1/8.5 MB | 176/598 kB | 0.4/3.6 MB | 0.4/1.3 MB[0m
2026.04.10 14:59:42 INFO  Progress (4): 2.1/8.5 MB | 176/598 kB | 0.4/3.6 MB | 0.4/1.3 MB[0m
2026.04.10 14:59:42 INFO  Progress (4): 2.1/8.5 MB | 176/598 kB | 0.4/3.6 MB | 0.4/1.3 MB[0m
2026.04.10 14:59:42 INFO  Progress (4): 2.1/8.5 MB | 176/598 kB | 0.4/3.6 MB | 0.4/1.3 MB[0m
2026.04.10 14:59:42 INFO  Progress (4): 2.1/8.5 MB | 176/598 kB | 0.4/3.6 MB | 0.5/1.3 MB[0m
2026.04.10 14:59:42 INFO  Progress (4): 2.1/8.5 MB | 176/598 kB | 0.4/3.6 MB | 0.5/1.3 MB[0m
2026.04.10 14:59:42 INFO  Progress (4): 2.1/8.5 MB | 176/598 kB | 0.4/3.6 MB | 0.5/1.3 MB[0m
2026.04.10 14:59:42 INFO  Progress (4): 2.1/8.5 MB | 176/598 kB | 0.4/3.6 MB | 0.5/1.3 MB[0m
2026.04.10 14:59:42 INFO  Progress (5): 2.1/8.5 MB | 176/598 kB | 0.4/3.6 MB | 0.5/1.3 MB | 7.7/78 kB[0m
2026.04.10 14:59:42 INFO  Progress (5): 2.1/8.5 MB | 176/598 kB | 0.4/3.6 MB | 0.5/1.3 MB | 16/78 kB [0m
2026.04.10 14:59:42 INFO  Progress (5): 2.1/8.5 MB | 176/598 kB | 0.4/3.6 MB | 0.5/1.3 MB | 16/78 kB[0m
2026.04.10 14:59:42 INFO  Progress (5): 2.1/8.5 MB | 176/598 kB | 0.4/3.6 MB | 0.5/1.3 MB | 16/78 kB[0m
2026.04.10 14:59:42 INFO  Progress (5): 2.1/8.5 MB | 176/598 kB | 0.4/3.6 MB | 0.5/1.3 MB | 32/78 kB[0m
2026.04.10 14:59:42 INFO  Progress (5): 2.1/8.5 MB | 176/598 kB | 0.4/3.6 MB | 0.5/1.3 MB | 32/78 kB[0m
2026.04.10 14:59:42 INFO  Progress (5): 2.1/8.5 MB | 176/598 kB | 0.4/3.6 MB | 0.5/1.3 MB | 48/78 kB[0m
2026.04.10 14:59:42 INFO  Progress (5): 2.1/8.5 MB | 176/598 kB | 0.4/3.6 MB | 0.6/1.3 MB | 48/78 kB[0m
2026.04.10 14:59:42 INFO  Progress (5): 2.1/8.5 MB | 176/598 kB | 0.4/3.6 MB | 0.6/1.3 MB | 65/78 kB[0m
2026.04.10 14:59:42 INFO  Progress (5): 2.1/8.5 MB | 176/598 kB | 0.4/3.6 MB | 0.6/1.3 MB | 78 kB   [0m
2026.04.10 14:59:42 INFO  Progress (5): 2.1/8.5 MB | 176/598 kB | 0.4/3.6 MB | 0.6/1.3 MB | 78 kB[0m
2026.04.10 14:59:42 INFO  Progress (5): 2.1/8.5 MB | 176/598 kB | 0.4/3.6 MB | 0.6/1.3 MB | 78 kB[0m
2026.04.10 14:59:42 INFO  Progress (5): 2.1/8.5 MB | 176/598 kB | 0.4/3.6 MB | 0.6/1.3 MB | 78 kB[0m
2026.04.10 14:59:42 INFO  Progress (5): 2.1/8.5 MB | 176/598 kB | 0.4/3.6 MB | 0.6/1.3 MB | 78 kB[0m
2026.04.10 14:59:42 INFO  Progress (5): 2.1/8.5 MB | 176/598 kB | 0.4/3.6 MB | 0.6/1.3 MB | 78 kB[0m
2026.04.10 14:59:42 INFO                                                                         [0m
2026.04.10 14:59:42 INFO  Downloaded from central: https://repo.maven.apache.org/maven2/com/fasterxml/jackson/core/jackson-annotations/2.18.2/jackson-annotations-2.18.2.jar (78 kB at 55 kB/s)[0m
2026.04.10 14:59:42 INFO  Downloading from central: https://repo.maven.apache.org/maven2/org/springframework/boot/spring-boot-starter-actuator/3.4.2/spring-boot-starter-actuator-3.4.2.jar[0m
2026.04.10 14:59:42 INFO  Progress (4): 2.1/8.5 MB | 176/598 kB | 0.4/3.6 MB | 0.6/1.3 MB[0m
2026.04.10 14:59:42 INFO  Progress (4): 2.1/8.5 MB | 176/598 kB | 0.4/3.6 MB | 0.6/1.3 MB[0m
2026.04.10 14:59:42 INFO  Progress (4): 2.2/8.5 MB | 176/598 kB | 0.4/3.6 MB | 0.6/1.3 MB[0m
2026.04.10 14:59:42 INFO  Progress (4): 2.2/8.5 MB | 176/598 kB | 0.4/3.6 MB | 0.7/1.3 MB[0m
2026.04.10 14:59:42 INFO  Progress (4): 2.2/8.5 MB | 176/598 kB | 0.4/3.6 MB | 0.7/1.3 MB[0m
2026.04.10 14:59:42 INFO  Progress (4): 2.2/8.5 MB | 176/598 kB | 0.4/3.6 MB | 0.7/1.3 MB[0m
2026.04.10 14:59:42 INFO  Progress (4): 2.2/8.5 MB | 176/598 kB | 0.4/3.6 MB | 0.7/1.3 MB[0m
2026.04.10 14:59:42 INFO  Progress (4): 2.2/8.5 MB | 176/598 kB | 0.4/3.6 MB | 0.7/1.3 MB[0m
2026.04.10 14:59:42 INFO  Progress (4): 2.2/8.5 MB | 176/598 kB | 0.4/3.6 MB | 0.7/1.3 MB[0m
2026.04.10 14:59:42 INFO  Progress (4): 2.2/8.5 MB | 176/598 kB | 0.4/3.6 MB | 0.8/1.3 MB[0m
2026.04.10 14:59:42 INFO  Progress (4): 2.2/8.5 MB | 176/598 kB | 0.4/3.6 MB | 0.8/1.3 MB[0m
2026.04.10 14:59:42 INFO  Progress (4): 2.2/8.5 MB | 176/598 kB | 0.4/3.6 MB | 0.8/1.3 MB[0m
2026.04.10 14:59:42 INFO  Progress (4): 2.2/8.5 MB | 176/598 kB | 0.4/3.6 MB | 0.8/1.3 MB[0m
2026.04.10 14:59:42 INFO  Progress (4): 2.2/8.5 MB | 176/598 kB | 0.4/3.6 MB | 0.8/1.3 MB[0m
2026.04.10 14:59:42 INFO  Progress (4): 2.2/8.5 MB | 176/598 kB | 0.4/3.6 MB | 0.8/1.3 MB[0m
2026.04.10 14:59:42 INFO  Progress (4): 2.2/8.5 MB | 176/598 kB | 0.4/3.6 MB | 0.8/1.3 MB[0m
2026.04.10 14:59:42 INFO  Progress (4): 2.2/8.5 MB | 176/598 kB | 0.5/3.6 MB | 0.8/1.3 MB[0m
2026.04.10 14:59:42 INFO  Progress (4): 2.2/8.5 MB | 176/598 kB | 0.5/3.6 MB | 0.9/1.3 MB[0m
2026.04.10 14:59:42 INFO  Progress (4): 2.2/8.5 MB | 176/598 kB | 0.5/3.6 MB | 0.9/1.3 MB[0m
2026.04.10 14:59:42 INFO  Progress (4): 2.2/8.5 MB | 176/598 kB | 0.5/3.6 MB | 0.9/1.3 MB[0m
2026.04.10 14:59:42 INFO  Progress (4): 2.2/8.5 MB | 176/598 kB | 0.5/3.6 MB | 0.9/1.3 MB[0m
2026.04.10 14:59:42 INFO  Progress (4): 2.2/8.5 MB | 176/598 kB | 0.5/3.6 MB | 0.9/1.3 MB[0m
2026.04.10 14:59:42 INFO  Progress (4): 2.2/8.5 MB | 176/598 kB | 0.5/3.6 MB | 0.9/1.3 MB[0m
2026.04.10 14:59:42 INFO  Progress (4): 2.2/8.5 MB | 176/598 kB | 0.5/3.6 MB | 0.9/1.3 MB[0m
2026.04.10 14:59:42 INFO  Progress (4): 2.2/8.5 MB | 176/598 kB | 0.5/3.6 MB | 1.0/1.3 MB[0m
2026.04.10 14:59:42 INFO  Progress (4): 2.2/8.5 MB | 176/598 kB | 0.5/3.6 MB | 1.0/1.3 MB[0m
2026.04.10 14:59:42 INFO  Progress (4): 2.2/8.5 MB | 176/598 kB | 0.5/3.6 MB | 1.0/1.3 MB[0m
2026.04.10 14:59:42 INFO  Progress (4): 2.2/8.5 MB | 176/598 kB | 0.5/3.6 MB | 1.0/1.3 MB[0m
2026.04.10 14:59:42 INFO  Progress (4): 2.2/8.5 MB | 193/598 kB | 0.5/3.6 MB | 1.0/1.3 MB[0m
2026.04.10 14:59:42 INFO  Progress (4): 2.2/8.5 MB | 193/598 kB | 0.5/3.6 MB | 1.0/1.3 MB[0m
2026.04.10 14:59:42 INFO  Progress (4): 2.2/8.5 MB | 193/598 kB | 0.5/3.6 MB | 1.0/1.3 MB[0m
2026.04.10 14:59:42 INFO  Progress (4): 2.2/8.5 MB | 193/598 kB | 0.5/3.6 MB | 1.0/1.3 MB[0m
2026.04.10 14:59:42 INFO  Progress (4): 2.2/8.5 MB | 193/598 kB | 0.5/3.6 MB | 1.0/1.3 MB[0m
2026.04.10 14:59:42 INFO  Progress (4): 2.2/8.5 MB | 193/598 kB | 0.5/3.6 MB | 1.1/1.3 MB[0m
2026.04.10 14:59:42 INFO  Progress (4): 2.2/8.5 MB | 193/598 kB | 0.5/3.6 MB | 1.1/1.3 MB[0m
2026.04.10 14:59:42 INFO  Progress (4): 2.2/8.5 MB | 193/598 kB | 0.5/3.6 MB | 1.1/1.3 MB[0m
2026.04.10 14:59:42 INFO  Progress (4): 2.2/8.5 MB | 193/598 kB | 0.5/3.6 MB | 1.1/1.3 MB[0m
2026.04.10 14:59:42 INFO  Progress (4): 2.2/8.5 MB | 193/598 kB | 0.5/3.6 MB | 1.1/1.3 MB[0m
2026.04.10 14:59:42 INFO  Progress (4): 2.2/8.5 MB | 193/598 kB | 0.5/3.6 MB | 1.1/1.3 MB[0m
2026.04.10 14:59:42 INFO  Progress (4): 2.2/8.5 MB | 193/598 kB | 0.5/3.6 MB | 1.1/1.3 MB[0m
2026.04.10 14:59:42 INFO  Progress (4): 2.2/8.5 MB | 193/598 kB | 0.5/3.6 MB | 1.1/1.3 MB[0m
2026.04.10 14:59:42 INFO  Progress (4): 2.2/8.5 MB | 193/598 kB | 0.5/3.6 MB | 1.2/1.3 MB[0m
2026.04.10 14:59:42 INFO  Progress (4): 2.2/8.5 MB | 193/598 kB | 0.5/3.6 MB | 1.2/1.3 MB[0m
2026.04.10 14:59:42 INFO  Progress (4): 2.2/8.5 MB | 193/598 kB | 0.5/3.6 MB | 1.2/1.3 MB[0m
2026.04.10 14:59:42 INFO  Progress (4): 2.2/8.5 MB | 193/598 kB | 0.5/3.6 MB | 1.2/1.3 MB[0m
2026.04.10 14:59:42 INFO  Progress (4): 2.2/8.5 MB | 193/598 kB | 0.5/3.6 MB | 1.2/1.3 MB[0m
2026.04.10 14:59:42 INFO  Progress (4): 2.2/8.5 MB | 193/598 kB | 0.5/3.6 MB | 1.2/1.3 MB[0m
2026.04.10 14:59:42 INFO  Progress (4): 2.2/8.5 MB | 193/598 kB | 0.5/3.6 MB | 1.2/1.3 MB[0m
2026.04.10 14:59:42 INFO  Progress (4): 2.2/8.5 MB | 193/598 kB | 0.5/3.6 MB | 1.2/1.3 MB[0m
2026.04.10 14:59:42 INFO  Progress (4): 2.2/8.5 MB | 193/598 kB | 0.5/3.6 MB | 1.3/1.3 MB[0m
2026.04.10 14:59:42 INFO  Progress (4): 2.2/8.5 MB | 193/598 kB | 0.5/3.6 MB | 1.3/1.3 MB[0m
2026.04.10 14:59:42 INFO  Progress (4): 2.2/8.5 MB | 193/598 kB | 0.5/3.6 MB | 1.3/1.3 MB[0m
2026.04.10 14:59:42 INFO  Progress (4): 2.2/8.5 MB | 193/598 kB | 0.5/3.6 MB | 1.3/1.3 MB[0m
2026.04.10 14:59:42 INFO  Progress (4): 2.2/8.5 MB | 193/598 kB | 0.5/3.6 MB | 1.3/1.3 MB[0m
2026.04.10 14:59:42 INFO  Progress (4): 2.2/8.5 MB | 193/598 kB | 0.5/3.6 MB | 1.3 MB    [0m
2026.04.10 14:59:42 INFO                                                             [0m
2026.04.10 14:59:42 INFO  Downloaded from central: https://repo.maven.apache.org/maven2/org/hibernate/validator/hibernate-validator/8.0.2.Final/hibernate-validator-8.0.2.Final.jar (1.3 MB at 921 kB/s)[0m
2026.04.10 14:59:42 INFO  Downloading from central: https://repo.maven.apache.org/maven2/org/springframework/boot/spring-boot-actuator-autoconfigure/3.4.2/spring-boot-actuator-autoconfigure-3.4.2.jar[0m
2026.04.10 14:59:42 INFO  Progress (3): 2.3/8.5 MB | 193/598 kB | 0.5/3.6 MB[0m
2026.04.10 14:59:42 INFO  Progress (4): 2.3/8.5 MB | 193/598 kB | 0.5/3.6 MB | 4.8 kB[0m
2026.04.10 14:59:42 INFO                                                             [0m
2026.04.10 14:59:42 INFO  Downloaded from central: https://repo.maven.apache.org/maven2/org/springframework/boot/spring-boot-starter-actuator/3.4.2/spring-boot-starter-actuator-3.4.2.jar (4.8 kB at 3.3 kB/s)[0m
2026.04.10 14:59:42 INFO  Downloading from central: https://repo.maven.apache.org/maven2/org/springframework/boot/spring-boot-actuator/3.4.2/spring-boot-actuator-3.4.2.jar[0m
2026.04.10 14:59:42 INFO  Progress (3): 2.3/8.5 MB | 193/598 kB | 0.5/3.6 MB[0m
2026.04.10 14:59:42 INFO  Progress (3): 2.3/8.5 MB | 193/598 kB | 0.5/3.6 MB[0m
2026.04.10 14:59:42 INFO  Progress (3): 2.3/8.5 MB | 193/598 kB | 0.5/3.6 MB[0m
2026.04.10 14:59:42 INFO  Progress (3): 2.3/8.5 MB | 193/598 kB | 0.5/3.6 MB[0m
2026.04.10 14:59:42 INFO  Progress (3): 2.3/8.5 MB | 193/598 kB | 0.5/3.6 MB[0m
2026.04.10 14:59:42 INFO  Progress (3): 2.3/8.5 MB | 193/598 kB | 0.5/3.6 MB[0m
2026.04.10 14:59:42 INFO  Progress (3): 2.3/8.5 MB | 193/598 kB | 0.5/3.6 MB[0m
2026.04.10 14:59:42 INFO  Progress (3): 2.3/8.5 MB | 209/598 kB | 0.5/3.6 MB[0m
2026.04.10 14:59:42 INFO  Progress (3): 2.3/8.5 MB | 209/598 kB | 0.5/3.6 MB[0m
2026.04.10 14:59:42 INFO  Progress (3): 2.3/8.5 MB | 209/598 kB | 0.6/3.6 MB[0m
2026.04.10 14:59:42 INFO  Progress (3): 2.4/8.5 MB | 209/598 kB | 0.6/3.6 MB[0m
2026.04.10 14:59:42 INFO  Progress (3): 2.4/8.5 MB | 209/598 kB | 0.6/3.6 MB[0m
2026.04.10 14:59:42 INFO  Progress (4): 2.4/8.5 MB | 209/598 kB | 0.6/3.6 MB | 7.7/822 kB[0m
2026.04.10 14:59:42 INFO  Progress (4): 2.4/8.5 MB | 209/598 kB | 0.6/3.6 MB | 16/822 kB [0m
2026.04.10 14:59:42 INFO  Progress (4): 2.4/8.5 MB | 209/598 kB | 0.6/3.6 MB | 32/822 kB[0m
2026.04.10 14:59:42 INFO  Progress (5): 2.4/8.5 MB | 209/598 kB | 0.6/3.6 MB | 32/822 kB | 7.7/698 kB[0m
2026.04.10 14:59:42 INFO  Progress (5): 2.4/8.5 MB | 209/598 kB | 0.6/3.6 MB | 48/822 kB | 7.7/698 kB[0m
2026.04.10 14:59:42 INFO  Progress (5): 2.4/8.5 MB | 209/598 kB | 0.6/3.6 MB | 48/822 kB | 16/698 kB [0m
2026.04.10 14:59:42 INFO  Progress (5): 2.4/8.5 MB | 209/598 kB | 0.6/3.6 MB | 48/822 kB | 28/698 kB[0m
2026.04.10 14:59:42 INFO  Progress (5): 2.4/8.5 MB | 209/598 kB | 0.6/3.6 MB | 65/822 kB | 28/698 kB[0m
2026.04.10 14:59:42 INFO  Progress (5): 2.4/8.5 MB | 209/598 kB | 0.6/3.6 MB | 81/822 kB | 28/698 kB[0m
2026.04.10 14:59:42 INFO  Progress (5): 2.4/8.5 MB | 209/598 kB | 0.6/3.6 MB | 81/822 kB | 44/698 kB[0m
2026.04.10 14:59:42 INFO  Progress (5): 2.4/8.5 MB | 209/598 kB | 0.6/3.6 MB | 81/822 kB | 61/698 kB[0m
2026.04.10 14:59:42 INFO  Progress (5): 2.4/8.5 MB | 209/598 kB | 0.6/3.6 MB | 81/822 kB | 77/698 kB[0m
2026.04.10 14:59:42 INFO  Progress (5): 2.4/8.5 MB | 209/598 kB | 0.6/3.6 MB | 81/822 kB | 93/698 kB[0m
2026.04.10 14:59:42 INFO  Progress (5): 2.4/8.5 MB | 209/598 kB | 0.6/3.6 MB | 81/822 kB | 110/698 kB[0m
2026.04.10 14:59:42 INFO  Progress (5): 2.4/8.5 MB | 209/598 kB | 0.6/3.6 MB | 98/822 kB | 110/698 kB[0m
2026.04.10 14:59:42 INFO  Progress (5): 2.4/8.5 MB | 209/598 kB | 0.6/3.6 MB | 98/822 kB | 126/698 kB[0m
2026.04.10 14:59:42 INFO  Progress (5): 2.4/8.5 MB | 209/598 kB | 0.6/3.6 MB | 114/822 kB | 126/698 kB[0m
2026.04.10 14:59:42 INFO  Progress (5): 2.4/8.5 MB | 209/598 kB | 0.6/3.6 MB | 114/822 kB | 143/698 kB[0m
2026.04.10 14:59:43 INFO  Progress (5): 2.4/8.5 MB | 209/598 kB | 0.6/3.6 MB | 114/822 kB | 143/698 kB[0m
2026.04.10 14:59:43 INFO  Progress (5): 2.4/8.5 MB | 209/598 kB | 0.6/3.6 MB | 114/822 kB | 159/698 kB[0m
2026.04.10 14:59:43 INFO  Progress (5): 2.4/8.5 MB | 209/598 kB | 0.6/3.6 MB | 114/822 kB | 159/698 kB[0m
2026.04.10 14:59:43 INFO  Progress (5): 2.4/8.5 MB | 209/598 kB | 0.6/3.6 MB | 114/822 kB | 175/698 kB[0m
2026.04.10 14:59:43 INFO  Progress (5): 2.4/8.5 MB | 209/598 kB | 0.6/3.6 MB | 114/822 kB | 192/698 kB[0m
2026.04.10 14:59:43 INFO  Progress (5): 2.4/8.5 MB | 209/598 kB | 0.6/3.6 MB | 130/822 kB | 192/698 kB[0m
2026.04.10 14:59:43 INFO  Progress (5): 2.4/8.5 MB | 209/598 kB | 0.6/3.6 MB | 130/822 kB | 208/698 kB[0m
2026.04.10 14:59:43 INFO  Progress (5): 2.4/8.5 MB | 209/598 kB | 0.6/3.6 MB | 147/822 kB | 208/698 kB[0m
2026.04.10 14:59:43 INFO  Progress (5): 2.4/8.5 MB | 209/598 kB | 0.6/3.6 MB | 147/822 kB | 225/698 kB[0m
2026.04.10 14:59:43 INFO  Progress (5): 2.4/8.5 MB | 209/598 kB | 0.6/3.6 MB | 147/822 kB | 241/698 kB[0m
2026.04.10 14:59:43 INFO  Progress (5): 2.4/8.5 MB | 209/598 kB | 0.6/3.6 MB | 147/822 kB | 257/698 kB[0m
2026.04.10 14:59:43 INFO  Progress (5): 2.4/8.5 MB | 209/598 kB | 0.6/3.6 MB | 147/822 kB | 262/698 kB[0m
2026.04.10 14:59:43 INFO  Progress (5): 2.4/8.5 MB | 209/598 kB | 0.6/3.6 MB | 163/822 kB | 262/698 kB[0m
2026.04.10 14:59:43 INFO  Progress (5): 2.4/8.5 MB | 209/598 kB | 0.6/3.6 MB | 163/822 kB | 279/698 kB[0m
2026.04.10 14:59:43 INFO  Progress (5): 2.4/8.5 MB | 209/598 kB | 0.6/3.6 MB | 179/822 kB | 279/698 kB[0m
2026.04.10 14:59:43 INFO  Progress (5): 2.4/8.5 MB | 209/598 kB | 0.6/3.6 MB | 179/822 kB | 295/698 kB[0m
2026.04.10 14:59:43 INFO  Progress (5): 2.4/8.5 MB | 209/598 kB | 0.6/3.6 MB | 179/822 kB | 311/698 kB[0m
2026.04.10 14:59:43 INFO  Progress (5): 2.4/8.5 MB | 209/598 kB | 0.6/3.6 MB | 196/822 kB | 311/698 kB[0m
2026.04.10 14:59:43 INFO  Progress (5): 2.4/8.5 MB | 209/598 kB | 0.6/3.6 MB | 196/822 kB | 328/698 kB[0m
2026.04.10 14:59:43 INFO  Progress (5): 2.4/8.5 MB | 209/598 kB | 0.6/3.6 MB | 212/822 kB | 328/698 kB[0m
2026.04.10 14:59:43 INFO  Progress (5): 2.4/8.5 MB | 209/598 kB | 0.6/3.6 MB | 212/822 kB | 328/698 kB[0m
2026.04.10 14:59:43 INFO  Progress (5): 2.4/8.5 MB | 209/598 kB | 0.6/3.6 MB | 212/822 kB | 344/698 kB[0m
2026.04.10 14:59:43 INFO  Progress (5): 2.4/8.5 MB | 209/598 kB | 0.6/3.6 MB | 212/822 kB | 360/698 kB[0m
2026.04.10 14:59:43 INFO  Progress (5): 2.4/8.5 MB | 209/598 kB | 0.6/3.6 MB | 212/822 kB | 377/698 kB[0m
2026.04.10 14:59:43 INFO  Progress (5): 2.4/8.5 MB | 209/598 kB | 0.6/3.6 MB | 212/822 kB | 393/698 kB[0m
2026.04.10 14:59:43 INFO  Progress (5): 2.4/8.5 MB | 209/598 kB | 0.6/3.6 MB | 212/822 kB | 410/698 kB[0m
2026.04.10 14:59:43 INFO  Progress (5): 2.4/8.5 MB | 209/598 kB | 0.6/3.6 MB | 229/822 kB | 410/698 kB[0m
2026.04.10 14:59:43 INFO  Progress (5): 2.4/8.5 MB | 209/598 kB | 0.6/3.6 MB | 245/822 kB | 410/698 kB[0m
2026.04.10 14:59:43 INFO  Progress (5): 2.4/8.5 MB | 209/598 kB | 0.6/3.6 MB | 245/822 kB | 426/698 kB[0m
2026.04.10 14:59:43 INFO  Progress (5): 2.4/8.5 MB | 209/598 kB | 0.6/3.6 MB | 245/822 kB | 442/698 kB[0m
2026.04.10 14:59:43 INFO  Progress (5): 2.4/8.5 MB | 209/598 kB | 0.6/3.6 MB | 261/822 kB | 442/698 kB[0m
2026.04.10 14:59:43 INFO  Progress (5): 2.4/8.5 MB | 209/598 kB | 0.6/3.6 MB | 261/822 kB | 459/698 kB[0m
2026.04.10 14:59:43 INFO  Progress (5): 2.4/8.5 MB | 209/598 kB | 0.6/3.6 MB | 278/822 kB | 459/698 kB[0m
2026.04.10 14:59:43 INFO  Progress (5): 2.4/8.5 MB | 209/598 kB | 0.6/3.6 MB | 278/822 kB | 459/698 kB[0m
2026.04.10 14:59:43 INFO  Progress (5): 2.4/8.5 MB | 209/598 kB | 0.6/3.6 MB | 278/822 kB | 475/698 kB[0m
2026.04.10 14:59:43 INFO  Progress (5): 2.4/8.5 MB | 209/598 kB | 0.6/3.6 MB | 278/822 kB | 492/698 kB[0m
2026.04.10 14:59:43 INFO  Progress (5): 2.4/8.5 MB | 209/598 kB | 0.6/3.6 MB | 278/822 kB | 508/698 kB[0m
2026.04.10 14:59:43 INFO  Progress (5): 2.4/8.5 MB | 209/598 kB | 0.6/3.6 MB | 278/822 kB | 524/698 kB[0m
2026.04.10 14:59:43 INFO  Progress (5): 2.4/8.5 MB | 209/598 kB | 0.6/3.6 MB | 278/822 kB | 524/698 kB[0m
2026.04.10 14:59:43 INFO  Progress (5): 2.4/8.5 MB | 209/598 kB | 0.6/3.6 MB | 294/822 kB | 524/698 kB[0m
2026.04.10 14:59:43 INFO  Progress (5): 2.4/8.5 MB | 209/598 kB | 0.6/3.6 MB | 294/822 kB | 541/698 kB[0m
2026.04.10 14:59:43 INFO  Progress (5): 2.4/8.5 MB | 209/598 kB | 0.6/3.6 MB | 311/822 kB | 541/698 kB[0m
2026.04.10 14:59:43 INFO  Progress (5): 2.4/8.5 MB | 209/598 kB | 0.6/3.6 MB | 327/822 kB | 541/698 kB[0m
2026.04.10 14:59:43 INFO  Progress (5): 2.4/8.5 MB | 209/598 kB | 0.6/3.6 MB | 327/822 kB | 557/698 kB[0m
2026.04.10 14:59:43 INFO  Progress (5): 2.4/8.5 MB | 209/598 kB | 0.6/3.6 MB | 327/822 kB | 573/698 kB[0m
2026.04.10 14:59:43 INFO  Progress (5): 2.4/8.5 MB | 209/598 kB | 0.6/3.6 MB | 327/822 kB | 590/698 kB[0m
2026.04.10 14:59:43 INFO  Progress (5): 2.4/8.5 MB | 209/598 kB | 0.6/3.6 MB | 327/822 kB | 606/698 kB[0m
2026.04.10 14:59:43 INFO  Progress (5): 2.4/8.5 MB | 209/598 kB | 0.6/3.6 MB | 343/822 kB | 606/698 kB[0m
2026.04.10 14:59:43 INFO  Progress (5): 2.4/8.5 MB | 209/598 kB | 0.6/3.6 MB | 343/822 kB | 623/698 kB[0m
2026.04.10 14:59:43 INFO  Progress (5): 2.4/8.5 MB | 209/598 kB | 0.6/3.6 MB | 360/822 kB | 623/698 kB[0m
2026.04.10 14:59:43 INFO  Progress (5): 2.4/8.5 MB | 209/598 kB | 0.6/3.6 MB | 360/822 kB | 623/698 kB[0m
2026.04.10 14:59:43 INFO  Progress (5): 2.4/8.5 MB | 209/598 kB | 0.6/3.6 MB | 360/822 kB | 639/698 kB[0m
2026.04.10 14:59:43 INFO  Progress (5): 2.4/8.5 MB | 209/598 kB | 0.6/3.6 MB | 360/822 kB | 655/698 kB[0m
2026.04.10 14:59:43 INFO  Progress (5): 2.4/8.5 MB | 209/598 kB | 0.6/3.6 MB | 377/822 kB | 655/698 kB[0m
2026.04.10 14:59:43 INFO  Progress (5): 2.4/8.5 MB | 209/598 kB | 0.6/3.6 MB | 377/822 kB | 672/698 kB[0m
2026.04.10 14:59:43 INFO  Progress (5): 2.4/8.5 MB | 209/598 kB | 0.6/3.6 MB | 393/822 kB | 672/698 kB[0m
2026.04.10 14:59:43 INFO  Progress (5): 2.4/8.5 MB | 209/598 kB | 0.6/3.6 MB | 393/822 kB | 688/698 kB[0m
2026.04.10 14:59:43 INFO  Progress (5): 2.4/8.5 MB | 209/598 kB | 0.6/3.6 MB | 393/822 kB | 698 kB    [0m
2026.04.10 14:59:43 INFO  Progress (5): 2.4/8.5 MB | 209/598 kB | 0.6/3.6 MB | 393/822 kB | 698 kB[0m
2026.04.10 14:59:43 INFO  Progress (5): 2.4/8.5 MB | 209/598 kB | 0.6/3.6 MB | 410/822 kB | 698 kB[0m
2026.04.10 14:59:43 INFO  Progress (5): 2.4/8.5 MB | 209/598 kB | 0.6/3.6 MB | 410/822 kB | 698 kB[0m
2026.04.10 14:59:43 INFO  Progress (5): 2.4/8.5 MB | 209/598 kB | 0.6/3.6 MB | 426/822 kB | 698 kB[0m
2026.04.10 14:59:43 INFO                                                                          [0m
2026.04.10 14:59:43 INFO  Downloaded from central: https://repo.maven.apache.org/maven2/org/springframework/boot/spring-boot-actuator/3.4.2/spring-boot-actuator-3.4.2.jar (698 kB at 466 kB/s)[0m
2026.04.10 14:59:43 INFO  Downloading from central: https://repo.maven.apache.org/maven2/io/micrometer/micrometer-observation/1.14.3/micrometer-observation-1.14.3.jar[0m
2026.04.10 14:59:43 INFO  Progress (4): 2.4/8.5 MB | 209/598 kB | 0.6/3.6 MB | 442/822 kB[0m
2026.04.10 14:59:43 INFO  Progress (4): 2.4/8.5 MB | 209/598 kB | 0.6/3.6 MB | 459/822 kB[0m
2026.04.10 14:59:43 INFO  Progress (4): 2.4/8.5 MB | 225/598 kB | 0.6/3.6 MB | 459/822 kB[0m
2026.04.10 14:59:43 INFO  Progress (4): 2.5/8.5 MB | 225/598 kB | 0.6/3.6 MB | 459/822 kB[0m
2026.04.10 14:59:43 INFO  Progress (4): 2.5/8.5 MB | 225/598 kB | 0.6/3.6 MB | 475/822 kB[0m
2026.04.10 14:59:43 INFO  Progress (4): 2.5/8.5 MB | 225/598 kB | 0.6/3.6 MB | 492/822 kB[0m
2026.04.10 14:59:43 INFO  Progress (4): 2.5/8.5 MB | 225/598 kB | 0.6/3.6 MB | 508/822 kB[0m
2026.04.10 14:59:43 INFO  Progress (4): 2.5/8.5 MB | 225/598 kB | 0.6/3.6 MB | 524/822 kB[0m
2026.04.10 14:59:43 INFO  Progress (4): 2.5/8.5 MB | 225/598 kB | 0.6/3.6 MB | 541/822 kB[0m
2026.04.10 14:59:43 INFO  Progress (4): 2.5/8.5 MB | 225/598 kB | 0.6/3.6 MB | 557/822 kB[0m
2026.04.10 14:59:43 INFO  Progress (4): 2.5/8.5 MB | 225/598 kB | 0.6/3.6 MB | 573/822 kB[0m
2026.04.10 14:59:43 INFO  Progress (4): 2.5/8.5 MB | 225/598 kB | 0.6/3.6 MB | 580/822 kB[0m
2026.04.10 14:59:43 INFO  Progress (4): 2.5/8.5 MB | 225/598 kB | 0.6/3.6 MB | 596/822 kB[0m
2026.04.10 14:59:43 INFO  Progress (4): 2.5/8.5 MB | 225/598 kB | 0.6/3.6 MB | 612/822 kB[0m
2026.04.10 14:59:43 INFO  Progress (4): 2.5/8.5 MB | 225/598 kB | 0.6/3.6 MB | 629/822 kB[0m
2026.04.10 14:59:43 INFO  Progress (4): 2.5/8.5 MB | 225/598 kB | 0.6/3.6 MB | 645/822 kB[0m
2026.04.10 14:59:43 INFO  Progress (4): 2.5/8.5 MB | 225/598 kB | 0.6/3.6 MB | 662/822 kB[0m
2026.04.10 14:59:43 INFO  Progress (4): 2.5/8.5 MB | 225/598 kB | 0.6/3.6 MB | 678/822 kB[0m
2026.04.10 14:59:43 INFO  Progress (4): 2.5/8.5 MB | 225/598 kB | 0.6/3.6 MB | 694/822 kB[0m
2026.04.10 14:59:43 INFO  Progress (4): 2.5/8.5 MB | 225/598 kB | 0.6/3.6 MB | 694/822 kB[0m
2026.04.10 14:59:43 INFO  Progress (4): 2.5/8.5 MB | 225/598 kB | 0.6/3.6 MB | 711/822 kB[0m
2026.04.10 14:59:43 INFO  Progress (4): 2.5/8.5 MB | 225/598 kB | 0.6/3.6 MB | 711/822 kB[0m
2026.04.10 14:59:43 INFO  Progress (4): 2.5/8.5 MB | 225/598 kB | 0.6/3.6 MB | 727/822 kB[0m
2026.04.10 14:59:43 INFO  Progress (4): 2.5/8.5 MB | 225/598 kB | 0.6/3.6 MB | 727/822 kB[0m
2026.04.10 14:59:43 INFO  Progress (4): 2.5/8.5 MB | 225/598 kB | 0.6/3.6 MB | 744/822 kB[0m
2026.04.10 14:59:43 INFO  Progress (4): 2.5/8.5 MB | 225/598 kB | 0.6/3.6 MB | 744/822 kB[0m
2026.04.10 14:59:43 INFO  Progress (4): 2.5/8.5 MB | 225/598 kB | 0.6/3.6 MB | 744/822 kB[0m
2026.04.10 14:59:43 INFO  Progress (4): 2.5/8.5 MB | 225/598 kB | 0.6/3.6 MB | 760/822 kB[0m
2026.04.10 14:59:43 INFO  Progress (4): 2.5/8.5 MB | 228/598 kB | 0.6/3.6 MB | 760/822 kB[0m
2026.04.10 14:59:43 INFO  Progress (4): 2.5/8.5 MB | 228/598 kB | 0.6/3.6 MB | 776/822 kB[0m
2026.04.10 14:59:43 INFO  Progress (4): 2.5/8.5 MB | 228/598 kB | 0.7/3.6 MB | 776/822 kB[0m
2026.04.10 14:59:43 INFO  Progress (4): 2.5/8.5 MB | 228/598 kB | 0.7/3.6 MB | 793/822 kB[0m
2026.04.10 14:59:43 INFO  Progress (4): 2.5/8.5 MB | 228/598 kB | 0.7/3.6 MB | 799/822 kB[0m
2026.04.10 14:59:43 INFO  Progress (4): 2.5/8.5 MB | 228/598 kB | 0.7/3.6 MB | 815/822 kB[0m
2026.04.10 14:59:43 INFO  Progress (4): 2.5/8.5 MB | 228/598 kB | 0.7/3.6 MB | 822 kB    [0m
2026.04.10 14:59:43 INFO                                                             [0m
2026.04.10 14:59:43 INFO  Downloaded from central: https://repo.maven.apache.org/maven2/org/springframework/boot/spring-boot-actuator-autoconfigure/3.4.2/spring-boot-actuator-autoconfigure-3.4.2.jar (822 kB at 543 kB/s)[0m
2026.04.10 14:59:43 INFO  Downloading from central: https://repo.maven.apache.org/maven2/io/micrometer/micrometer-commons/1.14.3/micrometer-commons-1.14.3.jar[0m
2026.04.10 14:59:43 INFO  Progress (3): 2.5/8.5 MB | 228/598 kB | 0.7/3.6 MB[0m
2026.04.10 14:59:43 INFO  Progress (3): 2.5/8.5 MB | 228/598 kB | 0.7/3.6 MB[0m
2026.04.10 14:59:43 INFO  Progress (3): 2.5/8.5 MB | 228/598 kB | 0.7/3.6 MB[0m
2026.04.10 14:59:43 INFO  Progress (3): 2.5/8.5 MB | 228/598 kB | 0.7/3.6 MB[0m
2026.04.10 14:59:43 INFO  Progress (3): 2.6/8.5 MB | 228/598 kB | 0.7/3.6 MB[0m
2026.04.10 14:59:43 INFO  Progress (3): 2.6/8.5 MB | 228/598 kB | 0.7/3.6 MB[0m
2026.04.10 14:59:43 INFO  Progress (4): 2.6/8.5 MB | 228/598 kB | 0.7/3.6 MB | 7.7/75 kB[0m
2026.04.10 14:59:43 INFO  Progress (4): 2.6/8.5 MB | 228/598 kB | 0.7/3.6 MB | 16/75 kB [0m
2026.04.10 14:59:43 INFO  Progress (4): 2.6/8.5 MB | 228/598 kB | 0.7/3.6 MB | 32/75 kB[0m
2026.04.10 14:59:43 INFO  Progress (4): 2.6/8.5 MB | 228/598 kB | 0.7/3.6 MB | 32/75 kB[0m
2026.04.10 14:59:43 INFO  Progress (4): 2.6/8.5 MB | 228/598 kB | 0.7/3.6 MB | 49/75 kB[0m
2026.04.10 14:59:43 INFO  Progress (4): 2.6/8.5 MB | 228/598 kB | 0.7/3.6 MB | 49/75 kB[0m
2026.04.10 14:59:43 INFO  Progress (4): 2.6/8.5 MB | 228/598 kB | 0.7/3.6 MB | 61/75 kB[0m
2026.04.10 14:59:43 INFO  Progress (4): 2.6/8.5 MB | 228/598 kB | 0.7/3.6 MB | 75 kB   [0m
2026.04.10 14:59:43 INFO                                                            [0m
2026.04.10 14:59:43 INFO  Downloaded from central: https://repo.maven.apache.org/maven2/io/micrometer/micrometer-observation/1.14.3/micrometer-observation-1.14.3.jar (75 kB at 49 kB/s)[0m
2026.04.10 14:59:43 INFO  Downloading from central: https://repo.maven.apache.org/maven2/io/micrometer/micrometer-jakarta9/1.14.3/micrometer-jakarta9-1.14.3.jar[0m
2026.04.10 14:59:43 INFO  Progress (3): 2.6/8.5 MB | 228/598 kB | 0.7/3.6 MB[0m
2026.04.10 14:59:43 INFO  Progress (3): 2.6/8.5 MB | 228/598 kB | 0.7/3.6 MB[0m
2026.04.10 14:59:43 INFO  Progress (3): 2.6/8.5 MB | 228/598 kB | 0.7/3.6 MB[0m
2026.04.10 14:59:43 INFO  Progress (3): 2.6/8.5 MB | 244/598 kB | 0.7/3.6 MB[0m
2026.04.10 14:59:43 INFO  Progress (3): 2.6/8.5 MB | 244/598 kB | 0.7/3.6 MB[0m
2026.04.10 14:59:43 INFO  Progress (4): 2.6/8.5 MB | 244/598 kB | 0.7/3.6 MB | 7.7/48 kB[0m
2026.04.10 14:59:43 INFO  Progress (4): 2.6/8.5 MB | 244/598 kB | 0.7/3.6 MB | 16/48 kB [0m
2026.04.10 14:59:43 INFO  Progress (4): 2.6/8.5 MB | 244/598 kB | 0.8/3.6 MB | 16/48 kB[0m
2026.04.10 14:59:43 INFO  Progress (4): 2.6/8.5 MB | 244/598 kB | 0.8/3.6 MB | 32/48 kB[0m
2026.04.10 14:59:43 INFO  Progress (4): 2.6/8.5 MB | 244/598 kB | 0.8/3.6 MB | 48 kB   [0m
2026.04.10 14:59:43 INFO                                                            [0m
2026.04.10 14:59:43 INFO  Downloaded from central: https://repo.maven.apache.org/maven2/io/micrometer/micrometer-commons/1.14.3/micrometer-commons-1.14.3.jar (48 kB at 31 kB/s)[0m
2026.04.10 14:59:43 INFO  Downloading from central: https://repo.maven.apache.org/maven2/io/micrometer/micrometer-core/1.14.3/micrometer-core-1.14.3.jar[0m
2026.04.10 14:59:43 INFO  Progress (3): 2.6/8.5 MB | 244/598 kB | 0.8/3.6 MB[0m
2026.04.10 14:59:43 INFO  Progress (3): 2.6/8.5 MB | 244/598 kB | 0.8/3.6 MB[0m
2026.04.10 14:59:43 INFO  Progress (3): 2.6/8.5 MB | 244/598 kB | 0.8/3.6 MB[0m
2026.04.10 14:59:43 INFO  Progress (3): 2.7/8.5 MB | 244/598 kB | 0.8/3.6 MB[0m
2026.04.10 14:59:43 INFO  Progress (3): 2.7/8.5 MB | 244/598 kB | 0.8/3.6 MB[0m
2026.04.10 14:59:43 INFO  Progress (3): 2.7/8.5 MB | 244/598 kB | 0.8/3.6 MB[0m
2026.04.10 14:59:43 INFO  Progress (3): 2.7/8.5 MB | 244/598 kB | 0.8/3.6 MB[0m
2026.04.10 14:59:43 INFO  Progress (4): 2.7/8.5 MB | 244/598 kB | 0.8/3.6 MB | 7.7/33 kB[0m
2026.04.10 14:59:43 INFO  Progress (4): 2.7/8.5 MB | 244/598 kB | 0.8/3.6 MB | 16/33 kB [0m
2026.04.10 14:59:43 INFO  Progress (4): 2.7/8.5 MB | 244/598 kB | 0.8/3.6 MB | 16/33 kB[0m
2026.04.10 14:59:43 INFO  Progress (4): 2.7/8.5 MB | 244/598 kB | 0.8/3.6 MB | 28/33 kB[0m
2026.04.10 14:59:43 INFO  Progress (4): 2.7/8.5 MB | 244/598 kB | 0.8/3.6 MB | 33 kB   [0m
2026.04.10 14:59:43 INFO  Progress (4): 2.7/8.5 MB | 244/598 kB | 0.8/3.6 MB | 33 kB[0m
2026.04.10 14:59:43 INFO  Progress (4): 2.7/8.5 MB | 261/598 kB | 0.8/3.6 MB | 33 kB[0m
2026.04.10 14:59:43 INFO                                                            [0m
2026.04.10 14:59:43 INFO  Downloaded from central: https://repo.maven.apache.org/maven2/io/micrometer/micrometer-jakarta9/1.14.3/micrometer-jakarta9-1.14.3.jar (33 kB at 21 kB/s)[0m
2026.04.10 14:59:43 INFO  Downloading from central: https://repo.maven.apache.org/maven2/org/hdrhistogram/HdrHistogram/2.2.2/HdrHistogram-2.2.2.jar[0m
2026.04.10 14:59:43 INFO  Progress (3): 2.7/8.5 MB | 261/598 kB | 0.8/3.6 MB[0m
2026.04.10 14:59:43 INFO  Progress (3): 2.7/8.5 MB | 261/598 kB | 0.8/3.6 MB[0m
2026.04.10 14:59:43 INFO  Progress (3): 2.7/8.5 MB | 261/598 kB | 0.8/3.6 MB[0m
2026.04.10 14:59:43 INFO  Progress (3): 2.8/8.5 MB | 261/598 kB | 0.8/3.6 MB[0m
2026.04.10 14:59:43 INFO  Progress (3): 2.8/8.5 MB | 261/598 kB | 0.9/3.6 MB[0m
2026.04.10 14:59:43 INFO  Progress (3): 2.8/8.5 MB | 261/598 kB | 0.9/3.6 MB[0m
2026.04.10 14:59:43 INFO  Progress (4): 2.8/8.5 MB | 261/598 kB | 0.9/3.6 MB | 7.7/876 kB[0m
2026.04.10 14:59:43 INFO  Progress (4): 2.8/8.5 MB | 261/598 kB | 0.9/3.6 MB | 12/876 kB [0m
2026.04.10 14:59:43 INFO  Progress (4): 2.8/8.5 MB | 261/598 kB | 0.9/3.6 MB | 28/876 kB[0m
2026.04.10 14:59:43 INFO  Progress (4): 2.8/8.5 MB | 261/598 kB | 0.9/3.6 MB | 44/876 kB[0m
2026.04.10 14:59:43 INFO  Progress (4): 2.8/8.5 MB | 261/598 kB | 0.9/3.6 MB | 61/876 kB[0m
2026.04.10 14:59:43 INFO  Progress (4): 2.8/8.5 MB | 261/598 kB | 0.9/3.6 MB | 77/876 kB[0m
2026.04.10 14:59:43 INFO  Progress (4): 2.8/8.5 MB | 261/598 kB | 0.9/3.6 MB | 93/876 kB[0m
2026.04.10 14:59:43 INFO  Progress (4): 2.8/8.5 MB | 261/598 kB | 0.9/3.6 MB | 93/876 kB[0m
2026.04.10 14:59:43 INFO  Progress (4): 2.8/8.5 MB | 261/598 kB | 0.9/3.6 MB | 110/876 kB[0m
2026.04.10 14:59:43 INFO  Progress (4): 2.8/8.5 MB | 261/598 kB | 0.9/3.6 MB | 126/876 kB[0m
2026.04.10 14:59:43 INFO  Progress (4): 2.8/8.5 MB | 261/598 kB | 0.9/3.6 MB | 126/876 kB[0m
2026.04.10 14:59:43 INFO  Progress (4): 2.8/8.5 MB | 261/598 kB | 0.9/3.6 MB | 143/876 kB[0m
2026.04.10 14:59:43 INFO  Progress (4): 2.8/8.5 MB | 261/598 kB | 0.9/3.6 MB | 159/876 kB[0m
2026.04.10 14:59:43 INFO  Progress (4): 2.8/8.5 MB | 261/598 kB | 0.9/3.6 MB | 175/876 kB[0m
2026.04.10 14:59:43 INFO  Progress (4): 2.8/8.5 MB | 261/598 kB | 0.9/3.6 MB | 192/876 kB[0m
2026.04.10 14:59:43 INFO  Progress (4): 2.8/8.5 MB | 261/598 kB | 0.9/3.6 MB | 197/876 kB[0m
2026.04.10 14:59:43 INFO  Progress (4): 2.8/8.5 MB | 261/598 kB | 0.9/3.6 MB | 213/876 kB[0m
2026.04.10 14:59:43 INFO  Progress (4): 2.8/8.5 MB | 261/598 kB | 0.9/3.6 MB | 213/876 kB[0m
2026.04.10 14:59:43 INFO  Progress (4): 2.8/8.5 MB | 261/598 kB | 0.9/3.6 MB | 229/876 kB[0m
2026.04.10 14:59:43 INFO  Progress (4): 2.8/8.5 MB | 261/598 kB | 0.9/3.6 MB | 229/876 kB[0m
2026.04.10 14:59:43 INFO  Progress (4): 2.8/8.5 MB | 261/598 kB | 0.9/3.6 MB | 246/876 kB[0m
2026.04.10 14:59:43 INFO  Progress (4): 2.8/8.5 MB | 261/598 kB | 0.9/3.6 MB | 262/876 kB[0m
2026.04.10 14:59:43 INFO  Progress (4): 2.8/8.5 MB | 261/598 kB | 0.9/3.6 MB | 279/876 kB[0m
2026.04.10 14:59:43 INFO  Progress (4): 2.8/8.5 MB | 261/598 kB | 0.9/3.6 MB | 295/876 kB[0m
2026.04.10 14:59:43 INFO  Progress (4): 2.8/8.5 MB | 261/598 kB | 0.9/3.6 MB | 311/876 kB[0m
2026.04.10 14:59:43 INFO  Progress (4): 2.8/8.5 MB | 261/598 kB | 0.9/3.6 MB | 328/876 kB[0m
2026.04.10 14:59:43 INFO  Progress (4): 2.8/8.5 MB | 261/598 kB | 0.9/3.6 MB | 344/876 kB[0m
2026.04.10 14:59:43 INFO  Progress (4): 2.8/8.5 MB | 261/598 kB | 0.9/3.6 MB | 360/876 kB[0m
2026.04.10 14:59:43 INFO  Progress (4): 2.8/8.5 MB | 261/598 kB | 0.9/3.6 MB | 377/876 kB[0m
2026.04.10 14:59:43 INFO  Progress (4): 2.8/8.5 MB | 261/598 kB | 0.9/3.6 MB | 393/876 kB[0m
2026.04.10 14:59:43 INFO  Progress (4): 2.8/8.5 MB | 261/598 kB | 0.9/3.6 MB | 410/876 kB[0m
2026.04.10 14:59:43 INFO  Progress (4): 2.8/8.5 MB | 261/598 kB | 0.9/3.6 MB | 426/876 kB[0m
2026.04.10 14:59:43 INFO  Progress (4): 2.8/8.5 MB | 261/598 kB | 0.9/3.6 MB | 442/876 kB[0m
2026.04.10 14:59:43 INFO  Progress (4): 2.8/8.5 MB | 261/598 kB | 0.9/3.6 MB | 442/876 kB[0m
2026.04.10 14:59:43 INFO  Progress (4): 2.8/8.5 MB | 261/598 kB | 0.9/3.6 MB | 459/876 kB[0m
2026.04.10 14:59:43 INFO  Progress (4): 2.8/8.5 MB | 261/598 kB | 0.9/3.6 MB | 475/876 kB[0m
2026.04.10 14:59:43 INFO  Progress (4): 2.8/8.5 MB | 261/598 kB | 0.9/3.6 MB | 492/876 kB[0m
2026.04.10 14:59:43 INFO  Progress (4): 2.8/8.5 MB | 261/598 kB | 0.9/3.6 MB | 492/876 kB[0m
2026.04.10 14:59:43 INFO  Progress (4): 2.8/8.5 MB | 261/598 kB | 0.9/3.6 MB | 508/876 kB[0m
2026.04.10 14:59:43 INFO  Progress (4): 2.8/8.5 MB | 261/598 kB | 0.9/3.6 MB | 524/876 kB[0m
2026.04.10 14:59:43 INFO  Progress (4): 2.8/8.5 MB | 261/598 kB | 0.9/3.6 MB | 541/876 kB[0m
2026.04.10 14:59:43 INFO  Progress (4): 2.8/8.5 MB | 261/598 kB | 0.9/3.6 MB | 557/876 kB[0m
2026.04.10 14:59:43 INFO  Progress (4): 2.8/8.5 MB | 261/598 kB | 0.9/3.6 MB | 573/876 kB[0m
2026.04.10 14:59:43 INFO  Progress (4): 2.8/8.5 MB | 261/598 kB | 0.9/3.6 MB | 590/876 kB[0m
2026.04.10 14:59:43 INFO  Progress (4): 2.8/8.5 MB | 277/598 kB | 0.9/3.6 MB | 590/876 kB[0m
2026.04.10 14:59:43 INFO  Progress (4): 2.8/8.5 MB | 277/598 kB | 0.9/3.6 MB | 590/876 kB[0m
2026.04.10 14:59:43 INFO  Progress (4): 2.8/8.5 MB | 277/598 kB | 0.9/3.6 MB | 606/876 kB[0m
2026.04.10 14:59:43 INFO  Progress (4): 2.8/8.5 MB | 277/598 kB | 0.9/3.6 MB | 623/876 kB[0m
2026.04.10 14:59:43 INFO  Progress (4): 2.8/8.5 MB | 277/598 kB | 0.9/3.6 MB | 639/876 kB[0m
2026.04.10 14:59:43 INFO  Progress (4): 2.8/8.5 MB | 277/598 kB | 0.9/3.6 MB | 655/876 kB[0m
2026.04.10 14:59:43 INFO  Progress (4): 2.8/8.5 MB | 277/598 kB | 0.9/3.6 MB | 655/876 kB[0m
2026.04.10 14:59:43 INFO  Progress (4): 2.8/8.5 MB | 277/598 kB | 0.9/3.6 MB | 672/876 kB[0m
2026.04.10 14:59:43 INFO  Progress (4): 2.8/8.5 MB | 277/598 kB | 0.9/3.6 MB | 688/876 kB[0m
2026.04.10 14:59:43 INFO  Progress (5): 2.8/8.5 MB | 277/598 kB | 0.9/3.6 MB | 688/876 kB | 7.7/177 kB[0m
2026.04.10 14:59:43 INFO  Progress (5): 2.8/8.5 MB | 277/598 kB | 0.9/3.6 MB | 688/876 kB | 16/177 kB [0m
2026.04.10 14:59:43 INFO  Progress (5): 2.8/8.5 MB | 277/598 kB | 0.9/3.6 MB | 688/876 kB | 24/177 kB[0m
2026.04.10 14:59:43 INFO  Progress (5): 2.8/8.5 MB | 277/598 kB | 0.9/3.6 MB | 688/876 kB | 40/177 kB[0m
2026.04.10 14:59:43 INFO  Progress (5): 2.8/8.5 MB | 277/598 kB | 0.9/3.6 MB | 688/876 kB | 57/177 kB[0m
2026.04.10 14:59:43 INFO  Progress (5): 2.9/8.5 MB | 277/598 kB | 0.9/3.6 MB | 688/876 kB | 57/177 kB[0m
2026.04.10 14:59:43 INFO  Progress (5): 2.9/8.5 MB | 277/598 kB | 0.9/3.6 MB | 688/876 kB | 73/177 kB[0m
2026.04.10 14:59:43 INFO  Progress (5): 2.9/8.5 MB | 277/598 kB | 0.9/3.6 MB | 688/876 kB | 90/177 kB[0m
2026.04.10 14:59:43 INFO  Progress (5): 2.9/8.5 MB | 277/598 kB | 0.9/3.6 MB | 705/876 kB | 90/177 kB[0m
2026.04.10 14:59:43 INFO  Progress (5): 2.9/8.5 MB | 277/598 kB | 0.9/3.6 MB | 705/876 kB | 106/177 kB[0m
2026.04.10 14:59:43 INFO  Progress (5): 2.9/8.5 MB | 277/598 kB | 0.9/3.6 MB | 721/876 kB | 106/177 kB[0m
2026.04.10 14:59:43 INFO  Progress (5): 2.9/8.5 MB | 277/598 kB | 0.9/3.6 MB | 721/876 kB | 122/177 kB[0m
2026.04.10 14:59:43 INFO  Progress (5): 2.9/8.5 MB | 277/598 kB | 0.9/3.6 MB | 737/876 kB | 122/177 kB[0m
2026.04.10 14:59:43 INFO  Progress (5): 2.9/8.5 MB | 277/598 kB | 0.9/3.6 MB | 737/876 kB | 139/177 kB[0m
2026.04.10 14:59:43 INFO  Progress (5): 2.9/8.5 MB | 277/598 kB | 0.9/3.6 MB | 737/876 kB | 155/177 kB[0m
2026.04.10 14:59:43 INFO  Progress (5): 2.9/8.5 MB | 277/598 kB | 0.9/3.6 MB | 737/876 kB | 172/177 kB[0m
2026.04.10 14:59:43 INFO  Progress (5): 2.9/8.5 MB | 277/598 kB | 0.9/3.6 MB | 737/876 kB | 177 kB    [0m
2026.04.10 14:59:43 INFO  Progress (5): 2.9/8.5 MB | 277/598 kB | 0.9/3.6 MB | 737/876 kB | 177 kB[0m
2026.04.10 14:59:43 INFO  Progress (5): 2.9/8.5 MB | 277/598 kB | 0.9/3.6 MB | 754/876 kB | 177 kB[0m
2026.04.10 14:59:43 INFO  Progress (5): 2.9/8.5 MB | 277/598 kB | 0.9/3.6 MB | 754/876 kB | 177 kB[0m
2026.04.10 14:59:43 INFO                                                                          [0m
2026.04.10 14:59:43 INFO  Downloaded from central: https://repo.maven.apache.org/maven2/org/hdrhistogram/HdrHistogram/2.2.2/HdrHistogram-2.2.2.jar (177 kB at 111 kB/s)[0m
2026.04.10 14:59:43 INFO  Downloading from central: https://repo.maven.apache.org/maven2/org/latencyutils/LatencyUtils/2.0.3/LatencyUtils-2.0.3.jar[0m
2026.04.10 14:59:43 INFO  Progress (4): 2.9/8.5 MB | 277/598 kB | 0.9/3.6 MB | 770/876 kB[0m
2026.04.10 14:59:43 INFO  Progress (4): 2.9/8.5 MB | 277/598 kB | 0.9/3.6 MB | 786/876 kB[0m
2026.04.10 14:59:43 INFO  Progress (4): 2.9/8.5 MB | 277/598 kB | 0.9/3.6 MB | 803/876 kB[0m
2026.04.10 14:59:43 INFO  Progress (4): 2.9/8.5 MB | 277/598 kB | 0.9/3.6 MB | 819/876 kB[0m
2026.04.10 14:59:43 INFO  Progress (4): 2.9/8.5 MB | 277/598 kB | 0.9/3.6 MB | 819/876 kB[0m
2026.04.10 14:59:43 INFO  Progress (4): 2.9/8.5 MB | 277/598 kB | 0.9/3.6 MB | 836/876 kB[0m
2026.04.10 14:59:43 INFO  Progress (4): 2.9/8.5 MB | 277/598 kB | 0.9/3.6 MB | 842/876 kB[0m
2026.04.10 14:59:43 INFO  Progress (4): 2.9/8.5 MB | 277/598 kB | 0.9/3.6 MB | 858/876 kB[0m
2026.04.10 14:59:43 INFO  Progress (4): 2.9/8.5 MB | 277/598 kB | 0.9/3.6 MB | 875/876 kB[0m
2026.04.10 14:59:43 INFO  Progress (4): 2.9/8.5 MB | 277/598 kB | 0.9/3.6 MB | 876 kB    [0m
2026.04.10 14:59:43 INFO  Progress (4): 2.9/8.5 MB | 277/598 kB | 1.0/3.6 MB | 876 kB[0m
2026.04.10 14:59:43 INFO  Progress (4): 2.9/8.5 MB | 277/598 kB | 1.0/3.6 MB | 876 kB[0m
2026.04.10 14:59:43 INFO  Progress (4): 2.9/8.5 MB | 277/598 kB | 1.0/3.6 MB | 876 kB[0m
2026.04.10 14:59:43 INFO                                                             [0m
2026.04.10 14:59:43 INFO  Downloaded from central: https://repo.maven.apache.org/maven2/io/micrometer/micrometer-core/1.14.3/micrometer-core-1.14.3.jar (876 kB at 548 kB/s)[0m
2026.04.10 14:59:43 INFO  Downloading from central: https://repo.maven.apache.org/maven2/org/postgresql/postgresql/42.7.5/postgresql-42.7.5.jar[0m
2026.04.10 14:59:43 INFO  Progress (3): 2.9/8.5 MB | 277/598 kB | 1.0/3.6 MB[0m
2026.04.10 14:59:43 INFO  Progress (3): 2.9/8.5 MB | 277/598 kB | 1.0/3.6 MB[0m
2026.04.10 14:59:43 INFO  Progress (3): 2.9/8.5 MB | 277/598 kB | 1.0/3.6 MB[0m
2026.04.10 14:59:43 INFO  Progress (3): 2.9/8.5 MB | 277/598 kB | 1.0/3.6 MB[0m
2026.04.10 14:59:43 INFO  Progress (3): 2.9/8.5 MB | 277/598 kB | 1.0/3.6 MB[0m
2026.04.10 14:59:43 INFO  Progress (3): 3.0/8.5 MB | 277/598 kB | 1.0/3.6 MB[0m
2026.04.10 14:59:43 INFO  Progress (3): 3.0/8.5 MB | 277/598 kB | 1.0/3.6 MB[0m
2026.04.10 14:59:43 INFO  Progress (3): 3.0/8.5 MB | 293/598 kB | 1.0/3.6 MB[0m
2026.04.10 14:59:43 INFO  Progress (3): 3.0/8.5 MB | 293/598 kB | 1.0/3.6 MB[0m
2026.04.10 14:59:43 INFO  Progress (3): 3.0/8.5 MB | 293/598 kB | 1.0/3.6 MB[0m
2026.04.10 14:59:43 INFO  Progress (3): 3.0/8.5 MB | 293/598 kB | 1.0/3.6 MB[0m
2026.04.10 14:59:43 INFO  Progress (3): 3.0/8.5 MB | 293/598 kB | 1.0/3.6 MB[0m
2026.04.10 14:59:43 INFO  Progress (3): 3.0/8.5 MB | 310/598 kB | 1.0/3.6 MB[0m
2026.04.10 14:59:43 INFO  Progress (3): 3.0/8.5 MB | 310/598 kB | 1.0/3.6 MB[0m
2026.04.10 14:59:43 INFO  Progress (3): 3.0/8.5 MB | 310/598 kB | 1.0/3.6 MB[0m
2026.04.10 14:59:43 INFO  Progress (4): 3.0/8.5 MB | 310/598 kB | 1.0/3.6 MB | 0/1.1 MB[0m
2026.04.10 14:59:43 INFO  Progress (4): 3.0/8.5 MB | 310/598 kB | 1.0/3.6 MB | 0/1.1 MB[0m
2026.04.10 14:59:43 INFO  Progress (5): 3.0/8.5 MB | 310/598 kB | 1.0/3.6 MB | 0/1.1 MB | 7.7/30 kB[0m
2026.04.10 14:59:43 INFO  Progress (5): 3.0/8.5 MB | 326/598 kB | 1.0/3.6 MB | 0/1.1 MB | 7.7/30 kB[0m
2026.04.10 14:59:43 INFO  Progress (5): 3.0/8.5 MB | 326/598 kB | 1.0/3.6 MB | 0/1.1 MB | 16/30 kB [0m
2026.04.10 14:59:43 INFO  Progress (5): 3.0/8.5 MB | 326/598 kB | 1.1/3.6 MB | 0/1.1 MB | 16/30 kB[0m
2026.04.10 14:59:43 INFO  Progress (5): 3.0/8.5 MB | 326/598 kB | 1.1/3.6 MB | 0/1.1 MB | 16/30 kB[0m
2026.04.10 14:59:43 INFO  Progress (5): 3.0/8.5 MB | 342/598 kB | 1.1/3.6 MB | 0/1.1 MB | 16/30 kB[0m
2026.04.10 14:59:43 INFO  Progress (5): 3.0/8.5 MB | 342/598 kB | 1.1/3.6 MB | 0/1.1 MB | 16/30 kB[0m
2026.04.10 14:59:43 INFO  Progress (5): 3.0/8.5 MB | 342/598 kB | 1.1/3.6 MB | 0/1.1 MB | 16/30 kB[0m
2026.04.10 14:59:43 INFO  Progress (5): 3.0/8.5 MB | 342/598 kB | 1.1/3.6 MB | 0/1.1 MB | 30 kB   [0m
2026.04.10 14:59:43 INFO  Progress (5): 3.0/8.5 MB | 342/598 kB | 1.1/3.6 MB | 0/1.1 MB | 30 kB[0m
2026.04.10 14:59:43 INFO  Progress (5): 3.0/8.5 MB | 359/598 kB | 1.1/3.6 MB | 0/1.1 MB | 30 kB[0m
2026.04.10 14:59:43 INFO  Progress (5): 3.1/8.5 MB | 359/598 kB | 1.1/3.6 MB | 0/1.1 MB | 30 kB[0m
2026.04.10 14:59:43 INFO  Progress (5): 3.1/8.5 MB | 359/598 kB | 1.1/3.6 MB | 0/1.1 MB | 30 kB[0m
2026.04.10 14:59:43 INFO  Progress (5): 3.1/8.5 MB | 359/598 kB | 1.1/3.6 MB | 0.1/1.1 MB | 30 kB[0m
2026.04.10 14:59:43 INFO                                                                         [0m
2026.04.10 14:59:43 INFO  Downloaded from central: https://repo.maven.apache.org/maven2/org/latencyutils/LatencyUtils/2.0.3/LatencyUtils-2.0.3.jar (30 kB at 17 kB/s)[0m
2026.04.10 14:59:43 INFO  Progress (4): 3.1/8.5 MB | 375/598 kB | 1.1/3.6 MB | 0.1/1.1 MB[0m
2026.04.10 14:59:43 INFO                                                                 [0m
2026.04.10 14:59:43 INFO  Downloading from central: https://repo.maven.apache.org/maven2/org/checkerframework/checker-qual/3.48.3/checker-qual-3.48.3.jar[0m
2026.04.10 14:59:43 INFO  Progress (4): 3.1/8.5 MB | 375/598 kB | 1.1/3.6 MB | 0.1/1.1 MB[0m
2026.04.10 14:59:43 INFO  Progress (4): 3.1/8.5 MB | 375/598 kB | 1.1/3.6 MB | 0.1/1.1 MB[0m
2026.04.10 14:59:43 INFO  Progress (4): 3.1/8.5 MB | 375/598 kB | 1.1/3.6 MB | 0.1/1.1 MB[0m
2026.04.10 14:59:43 INFO  Progress (4): 3.1/8.5 MB | 375/598 kB | 1.1/3.6 MB | 0.1/1.1 MB[0m
2026.04.10 14:59:43 INFO  Progress (4): 3.1/8.5 MB | 375/598 kB | 1.1/3.6 MB | 0.1/1.1 MB[0m
2026.04.10 14:59:43 INFO  Progress (4): 3.1/8.5 MB | 375/598 kB | 1.1/3.6 MB | 0.1/1.1 MB[0m
2026.04.10 14:59:43 INFO  Progress (4): 3.1/8.5 MB | 375/598 kB | 1.1/3.6 MB | 0.1/1.1 MB[0m
2026.04.10 14:59:43 INFO  Progress (4): 3.1/8.5 MB | 375/598 kB | 1.1/3.6 MB | 0.1/1.1 MB[0m
2026.04.10 14:59:43 INFO  Progress (4): 3.1/8.5 MB | 375/598 kB | 1.1/3.6 MB | 0.1/1.1 MB[0m
2026.04.10 14:59:43 INFO  Progress (4): 3.1/8.5 MB | 375/598 kB | 1.1/3.6 MB | 0.1/1.1 MB[0m
2026.04.10 14:59:43 INFO  Progress (4): 3.1/8.5 MB | 375/598 kB | 1.1/3.6 MB | 0.1/1.1 MB[0m
2026.04.10 14:59:43 INFO  Progress (4): 3.1/8.5 MB | 375/598 kB | 1.1/3.6 MB | 0.1/1.1 MB[0m
2026.04.10 14:59:43 INFO  Progress (4): 3.1/8.5 MB | 375/598 kB | 1.2/3.6 MB | 0.1/1.1 MB[0m
2026.04.10 14:59:43 INFO  Progress (4): 3.1/8.5 MB | 375/598 kB | 1.2/3.6 MB | 0.2/1.1 MB[0m
2026.04.10 14:59:43 INFO  Progress (4): 3.1/8.5 MB | 375/598 kB | 1.2/3.6 MB | 0.2/1.1 MB[0m
2026.04.10 14:59:43 INFO  Progress (4): 3.1/8.5 MB | 375/598 kB | 1.2/3.6 MB | 0.2/1.1 MB[0m
2026.04.10 14:59:43 INFO  Progress (4): 3.1/8.5 MB | 375/598 kB | 1.2/3.6 MB | 0.2/1.1 MB[0m
2026.04.10 14:59:43 INFO  Progress (4): 3.2/8.5 MB | 375/598 kB | 1.2/3.6 MB | 0.2/1.1 MB[0m
2026.04.10 14:59:43 INFO  Progress (4): 3.2/8.5 MB | 375/598 kB | 1.2/3.6 MB | 0.2/1.1 MB[0m
2026.04.10 14:59:43 INFO  Progress (4): 3.2/8.5 MB | 375/598 kB | 1.2/3.6 MB | 0.2/1.1 MB[0m
2026.04.10 14:59:43 INFO  Progress (4): 3.2/8.5 MB | 375/598 kB | 1.2/3.6 MB | 0.2/1.1 MB[0m
2026.04.10 14:59:43 INFO  Progress (4): 3.2/8.5 MB | 375/598 kB | 1.2/3.6 MB | 0.2/1.1 MB[0m
2026.04.10 14:59:43 INFO  Progress (4): 3.2/8.5 MB | 375/598 kB | 1.2/3.6 MB | 0.2/1.1 MB[0m
2026.04.10 14:59:43 INFO  Progress (4): 3.2/8.5 MB | 375/598 kB | 1.2/3.6 MB | 0.2/1.1 MB[0m
2026.04.10 14:59:43 INFO  Progress (4): 3.2/8.5 MB | 375/598 kB | 1.2/3.6 MB | 0.2/1.1 MB[0m
2026.04.10 14:59:43 INFO  Progress (4): 3.2/8.5 MB | 375/598 kB | 1.2/3.6 MB | 0.2/1.1 MB[0m
2026.04.10 14:59:43 INFO  Progress (4): 3.2/8.5 MB | 375/598 kB | 1.2/3.6 MB | 0.2/1.1 MB[0m
2026.04.10 14:59:43 INFO  Progress (4): 3.2/8.5 MB | 392/598 kB | 1.2/3.6 MB | 0.2/1.1 MB[0m
2026.04.10 14:59:43 INFO  Progress (4): 3.2/8.5 MB | 392/598 kB | 1.2/3.6 MB | 0.3/1.1 MB[0m
2026.04.10 14:59:43 INFO  Progress (4): 3.2/8.5 MB | 392/598 kB | 1.2/3.6 MB | 0.3/1.1 MB[0m
2026.04.10 14:59:43 INFO  Progress (4): 3.2/8.5 MB | 392/598 kB | 1.2/3.6 MB | 0.3/1.1 MB[0m
2026.04.10 14:59:43 INFO  Progress (4): 3.2/8.5 MB | 392/598 kB | 1.2/3.6 MB | 0.3/1.1 MB[0m
2026.04.10 14:59:43 INFO  Progress (4): 3.2/8.5 MB | 392/598 kB | 1.2/3.6 MB | 0.3/1.1 MB[0m
2026.04.10 14:59:43 INFO  Progress (4): 3.2/8.5 MB | 392/598 kB | 1.2/3.6 MB | 0.3/1.1 MB[0m
2026.04.10 14:59:43 INFO  Progress (4): 3.2/8.5 MB | 392/598 kB | 1.2/3.6 MB | 0.3/1.1 MB[0m
2026.04.10 14:59:43 INFO  Progress (4): 3.2/8.5 MB | 392/598 kB | 1.2/3.6 MB | 0.4/1.1 MB[0m
2026.04.10 14:59:43 INFO  Progress (4): 3.2/8.5 MB | 392/598 kB | 1.2/3.6 MB | 0.4/1.1 MB[0m
2026.04.10 14:59:43 INFO  Progress (4): 3.2/8.5 MB | 392/598 kB | 1.2/3.6 MB | 0.4/1.1 MB[0m
2026.04.10 14:59:43 INFO  Progress (4): 3.2/8.5 MB | 392/598 kB | 1.2/3.6 MB | 0.4/1.1 MB[0m
2026.04.10 14:59:43 INFO  Progress (4): 3.2/8.5 MB | 392/598 kB | 1.2/3.6 MB | 0.4/1.1 MB[0m
2026.04.10 14:59:43 INFO  Progress (4): 3.2/8.5 MB | 392/598 kB | 1.2/3.6 MB | 0.4/1.1 MB[0m
2026.04.10 14:59:43 INFO  Progress (4): 3.2/8.5 MB | 392/598 kB | 1.2/3.6 MB | 0.5/1.1 MB[0m
2026.04.10 14:59:43 INFO  Progress (4): 3.2/8.5 MB | 392/598 kB | 1.2/3.6 MB | 0.5/1.1 MB[0m
2026.04.10 14:59:43 INFO  Progress (4): 3.2/8.5 MB | 392/598 kB | 1.2/3.6 MB | 0.5/1.1 MB[0m
2026.04.10 14:59:43 INFO  Progress (4): 3.2/8.5 MB | 392/598 kB | 1.2/3.6 MB | 0.5/1.1 MB[0m
2026.04.10 14:59:43 INFO  Progress (4): 3.2/8.5 MB | 392/598 kB | 1.2/3.6 MB | 0.5/1.1 MB[0m
2026.04.10 14:59:43 INFO  Progress (4): 3.2/8.5 MB | 392/598 kB | 1.2/3.6 MB | 0.5/1.1 MB[0m
2026.04.10 14:59:43 INFO  Progress (4): 3.2/8.5 MB | 392/598 kB | 1.2/3.6 MB | 0.6/1.1 MB[0m
2026.04.10 14:59:43 INFO  Progress (4): 3.2/8.5 MB | 392/598 kB | 1.2/3.6 MB | 0.6/1.1 MB[0m
2026.04.10 14:59:43 INFO  Progress (4): 3.2/8.5 MB | 392/598 kB | 1.2/3.6 MB | 0.6/1.1 MB[0m
2026.04.10 14:59:43 INFO  Progress (4): 3.2/8.5 MB | 392/598 kB | 1.2/3.6 MB | 0.6/1.1 MB[0m
2026.04.10 14:59:43 INFO  Progress (4): 3.2/8.5 MB | 392/598 kB | 1.2/3.6 MB | 0.6/1.1 MB[0m
2026.04.10 14:59:43 INFO  Progress (4): 3.2/8.5 MB | 392/598 kB | 1.2/3.6 MB | 0.6/1.1 MB[0m
2026.04.10 14:59:43 INFO  Progress (4): 3.2/8.5 MB | 392/598 kB | 1.2/3.6 MB | 0.6/1.1 MB[0m
2026.04.10 14:59:43 INFO  Progress (4): 3.2/8.5 MB | 392/598 kB | 1.2/3.6 MB | 0.6/1.1 MB[0m
2026.04.10 14:59:43 INFO  Progress (4): 3.2/8.5 MB | 392/598 kB | 1.2/3.6 MB | 0.6/1.1 MB[0m
2026.04.10 14:59:43 INFO  Progress (4): 3.2/8.5 MB | 392/598 kB | 1.2/3.6 MB | 0.7/1.1 MB[0m
2026.04.10 14:59:43 INFO  Progress (4): 3.2/8.5 MB | 392/598 kB | 1.2/3.6 MB | 0.7/1.1 MB[0m
2026.04.10 14:59:43 INFO  Progress (4): 3.2/8.5 MB | 392/598 kB | 1.2/3.6 MB | 0.7/1.1 MB[0m
2026.04.10 14:59:43 INFO  Progress (4): 3.2/8.5 MB | 392/598 kB | 1.2/3.6 MB | 0.7/1.1 MB[0m
2026.04.10 14:59:43 INFO  Progress (4): 3.2/8.5 MB | 392/598 kB | 1.2/3.6 MB | 0.7/1.1 MB[0m
2026.04.10 14:59:43 INFO  Progress (4): 3.2/8.5 MB | 392/598 kB | 1.2/3.6 MB | 0.7/1.1 MB[0m
2026.04.10 14:59:43 INFO  Progress (4): 3.2/8.5 MB | 392/598 kB | 1.2/3.6 MB | 0.7/1.1 MB[0m
2026.04.10 14:59:43 INFO  Progress (4): 3.2/8.5 MB | 392/598 kB | 1.2/3.6 MB | 0.7/1.1 MB[0m
2026.04.10 14:59:43 INFO  Progress (4): 3.2/8.5 MB | 392/598 kB | 1.2/3.6 MB | 0.8/1.1 MB[0m
2026.04.10 14:59:43 INFO  Progress (4): 3.2/8.5 MB | 392/598 kB | 1.2/3.6 MB | 0.8/1.1 MB[0m
2026.04.10 14:59:43 INFO  Progress (4): 3.2/8.5 MB | 392/598 kB | 1.2/3.6 MB | 0.8/1.1 MB[0m
2026.04.10 14:59:43 INFO  Progress (4): 3.2/8.5 MB | 392/598 kB | 1.2/3.6 MB | 0.8/1.1 MB[0m
2026.04.10 14:59:43 INFO  Progress (4): 3.2/8.5 MB | 392/598 kB | 1.2/3.6 MB | 0.8/1.1 MB[0m
2026.04.10 14:59:43 INFO  Progress (4): 3.2/8.5 MB | 392/598 kB | 1.2/3.6 MB | 0.8/1.1 MB[0m
2026.04.10 14:59:43 INFO  Progress (4): 3.2/8.5 MB | 392/598 kB | 1.2/3.6 MB | 0.8/1.1 MB[0m
2026.04.10 14:59:43 INFO  Progress (4): 3.2/8.5 MB | 392/598 kB | 1.2/3.6 MB | 0.9/1.1 MB[0m
2026.04.10 14:59:43 INFO  Progress (4): 3.2/8.5 MB | 392/598 kB | 1.2/3.6 MB | 0.9/1.1 MB[0m
2026.04.10 14:59:43 INFO  Progress (4): 3.2/8.5 MB | 392/598 kB | 1.2/3.6 MB | 0.9/1.1 MB[0m
2026.04.10 14:59:43 INFO  Progress (4): 3.2/8.5 MB | 392/598 kB | 1.2/3.6 MB | 0.9/1.1 MB[0m
2026.04.10 14:59:43 INFO  Progress (4): 3.2/8.5 MB | 392/598 kB | 1.2/3.6 MB | 0.9/1.1 MB[0m
2026.04.10 14:59:43 INFO  Progress (4): 3.2/8.5 MB | 392/598 kB | 1.2/3.6 MB | 0.9/1.1 MB[0m
2026.04.10 14:59:43 INFO  Progress (4): 3.2/8.5 MB | 392/598 kB | 1.2/3.6 MB | 0.9/1.1 MB[0m
2026.04.10 14:59:43 INFO  Progress (4): 3.2/8.5 MB | 392/598 kB | 1.2/3.6 MB | 1.0/1.1 MB[0m
2026.04.10 14:59:43 INFO  Progress (4): 3.2/8.5 MB | 392/598 kB | 1.2/3.6 MB | 1.0/1.1 MB[0m
2026.04.10 14:59:43 INFO  Progress (4): 3.2/8.5 MB | 392/598 kB | 1.2/3.6 MB | 1.0/1.1 MB[0m
2026.04.10 14:59:43 INFO  Progress (4): 3.2/8.5 MB | 392/598 kB | 1.2/3.6 MB | 1.0/1.1 MB[0m
2026.04.10 14:59:43 INFO  Progress (4): 3.2/8.5 MB | 392/598 kB | 1.2/3.6 MB | 1.0/1.1 MB[0m
2026.04.10 14:59:43 INFO  Progress (4): 3.2/8.5 MB | 392/598 kB | 1.2/3.6 MB | 1.0/1.1 MB[0m
2026.04.10 14:59:43 INFO  Progress (4): 3.2/8.5 MB | 392/598 kB | 1.2/3.6 MB | 1.1/1.1 MB[0m
2026.04.10 14:59:43 INFO  Progress (4): 3.2/8.5 MB | 392/598 kB | 1.2/3.6 MB | 1.1/1.1 MB[0m
2026.04.10 14:59:43 INFO  Progress (4): 3.2/8.5 MB | 392/598 kB | 1.2/3.6 MB | 1.1/1.1 MB[0m
2026.04.10 14:59:43 INFO  Progress (4): 3.2/8.5 MB | 392/598 kB | 1.2/3.6 MB | 1.1 MB    [0m
2026.04.10 14:59:43 INFO  Progress (4): 3.2/8.5 MB | 392/598 kB | 1.3/3.6 MB | 1.1 MB[0m
2026.04.10 14:59:43 INFO  Progress (4): 3.3/8.5 MB | 392/598 kB | 1.3/3.6 MB | 1.1 MB[0m
2026.04.10 14:59:43 INFO                                                             [0m
2026.04.10 14:59:43 INFO  Downloaded from central: https://repo.maven.apache.org/maven2/org/postgresql/postgresql/42.7.5/postgresql-42.7.5.jar (1.1 MB at 614 kB/s)[0m
2026.04.10 14:59:43 INFO  Downloading from central: https://repo.maven.apache.org/maven2/org/springframework/spring-core/6.2.2/spring-core-6.2.2.jar[0m
2026.04.10 14:59:43 INFO  Progress (3): 3.3/8.5 MB | 392/598 kB | 1.3/3.6 MB[0m
2026.04.10 14:59:43 INFO  Progress (3): 3.3/8.5 MB | 392/598 kB | 1.3/3.6 MB[0m
2026.04.10 14:59:43 INFO  Progress (4): 3.3/8.5 MB | 392/598 kB | 1.3/3.6 MB | 7.7/239 kB[0m
2026.04.10 14:59:43 INFO  Progress (4): 3.3/8.5 MB | 392/598 kB | 1.3/3.6 MB | 16/239 kB [0m
2026.04.10 14:59:43 INFO  Progress (4): 3.3/8.5 MB | 392/598 kB | 1.3/3.6 MB | 32/239 kB[0m
2026.04.10 14:59:43 INFO  Progress (4): 3.3/8.5 MB | 392/598 kB | 1.3/3.6 MB | 48/239 kB[0m
2026.04.10 14:59:43 INFO  Progress (4): 3.3/8.5 MB | 392/598 kB | 1.3/3.6 MB | 65/239 kB[0m
2026.04.10 14:59:43 INFO  Progress (4): 3.3/8.5 MB | 392/598 kB | 1.3/3.6 MB | 81/239 kB[0m
2026.04.10 14:59:43 INFO  Progress (4): 3.3/8.5 MB | 392/598 kB | 1.3/3.6 MB | 98/239 kB[0m
2026.04.10 14:59:43 INFO  Progress (4): 3.3/8.5 MB | 392/598 kB | 1.3/3.6 MB | 114/239 kB[0m
2026.04.10 14:59:43 INFO  Progress (4): 3.3/8.5 MB | 392/598 kB | 1.3/3.6 MB | 130/239 kB[0m
2026.04.10 14:59:43 INFO  Progress (4): 3.3/8.5 MB | 392/598 kB | 1.3/3.6 MB | 147/239 kB[0m
2026.04.10 14:59:43 INFO  Progress (4): 3.3/8.5 MB | 392/598 kB | 1.3/3.6 MB | 163/239 kB[0m
2026.04.10 14:59:43 INFO  Progress (4): 3.3/8.5 MB | 392/598 kB | 1.3/3.6 MB | 163/239 kB[0m
2026.04.10 14:59:43 INFO  Progress (4): 3.3/8.5 MB | 392/598 kB | 1.3/3.6 MB | 179/239 kB[0m
2026.04.10 14:59:43 INFO  Progress (4): 3.3/8.5 MB | 392/598 kB | 1.3/3.6 MB | 196/239 kB[0m
2026.04.10 14:59:43 INFO  Progress (4): 3.3/8.5 MB | 392/598 kB | 1.3/3.6 MB | 212/239 kB[0m
2026.04.10 14:59:43 INFO  Progress (4): 3.3/8.5 MB | 392/598 kB | 1.3/3.6 MB | 229/239 kB[0m
2026.04.10 14:59:43 INFO  Progress (4): 3.3/8.5 MB | 408/598 kB | 1.3/3.6 MB | 229/239 kB[0m
2026.04.10 14:59:43 INFO  Progress (4): 3.3/8.5 MB | 408/598 kB | 1.3/3.6 MB | 239 kB    [0m
2026.04.10 14:59:43 INFO  Progress (4): 3.3/8.5 MB | 408/598 kB | 1.3/3.6 MB | 239 kB[0m
2026.04.10 14:59:43 INFO                                                             [0m
2026.04.10 14:59:43 INFO  Downloaded from central: https://repo.maven.apache.org/maven2/org/checkerframework/checker-qual/3.48.3/checker-qual-3.48.3.jar (239 kB at 134 kB/s)[0m
2026.04.10 14:59:43 INFO  Downloading from central: https://repo.maven.apache.org/maven2/org/springframework/spring-jcl/6.2.2/spring-jcl-6.2.2.jar[0m
2026.04.10 14:59:43 INFO  Progress (3): 3.3/8.5 MB | 408/598 kB | 1.3/3.6 MB[0m
2026.04.10 14:59:43 INFO  Progress (3): 3.3/8.5 MB | 408/598 kB | 1.3/3.6 MB[0m
2026.04.10 14:59:43 INFO  Progress (3): 3.3/8.5 MB | 408/598 kB | 1.3/3.6 MB[0m
2026.04.10 14:59:43 INFO  Progress (3): 3.3/8.5 MB | 408/598 kB | 1.3/3.6 MB[0m
2026.04.10 14:59:43 INFO  Progress (3): 3.3/8.5 MB | 408/598 kB | 1.3/3.6 MB[0m
2026.04.10 14:59:43 INFO  Progress (3): 3.4/8.5 MB | 408/598 kB | 1.3/3.6 MB[0m
2026.04.10 14:59:43 INFO  Progress (3): 3.4/8.5 MB | 408/598 kB | 1.3/3.6 MB[0m
2026.04.10 14:59:43 INFO  Progress (3): 3.4/8.5 MB | 408/598 kB | 1.3/3.6 MB[0m
2026.04.10 14:59:43 INFO  Progress (3): 3.4/8.5 MB | 408/598 kB | 1.4/3.6 MB[0m
2026.04.10 14:59:43 INFO  Progress (3): 3.4/8.5 MB | 424/598 kB | 1.4/3.6 MB[0m
2026.04.10 14:59:43 INFO  Progress (3): 3.4/8.5 MB | 424/598 kB | 1.4/3.6 MB[0m
2026.04.10 14:59:43 INFO  Progress (4): 3.4/8.5 MB | 424/598 kB | 1.4/3.6 MB | 7.7/25 kB[0m
2026.04.10 14:59:43 INFO  Progress (4): 3.4/8.5 MB | 424/598 kB | 1.4/3.6 MB | 12/25 kB [0m
2026.04.10 14:59:43 INFO  Progress (4): 3.4/8.5 MB | 424/598 kB | 1.4/3.6 MB | 25 kB   [0m
2026.04.10 14:59:43 INFO  Progress (5): 3.4/8.5 MB | 424/598 kB | 1.4/3.6 MB | 25 kB | 0/2.0 MB[0m
2026.04.10 14:59:43 INFO  Progress (5): 3.4/8.5 MB | 424/598 kB | 1.4/3.6 MB | 25 kB | 0/2.0 MB[0m
2026.04.10 14:59:43 INFO  Progress (5): 3.4/8.5 MB | 424/598 kB | 1.4/3.6 MB | 25 kB | 0/2.0 MB[0m
2026.04.10 14:59:43 INFO                                                                       [0m
2026.04.10 14:59:43 INFO  Downloaded from central: https://repo.maven.apache.org/maven2/org/springframework/spring-jcl/6.2.2/spring-jcl-6.2.2.jar (25 kB at 14 kB/s)[0m
2026.04.10 14:59:43 INFO  Progress (4): 3.4/8.5 MB | 424/598 kB | 1.4/3.6 MB | 0/2.0 MB[0m
2026.04.10 14:59:43 INFO  Progress (4): 3.4/8.5 MB | 424/598 kB | 1.4/3.6 MB | 0/2.0 MB[0m
2026.04.10 14:59:43 INFO  Progress (4): 3.4/8.5 MB | 424/598 kB | 1.4/3.6 MB | 0.1/2.0 MB[0m
2026.04.10 14:59:43 INFO  Progress (4): 3.4/8.5 MB | 424/598 kB | 1.4/3.6 MB | 0.1/2.0 MB[0m
2026.04.10 14:59:43 INFO  Progress (4): 3.4/8.5 MB | 424/598 kB | 1.4/3.6 MB | 0.1/2.0 MB[0m
2026.04.10 14:59:43 INFO  Progress (4): 3.4/8.5 MB | 424/598 kB | 1.4/3.6 MB | 0.1/2.0 MB[0m
2026.04.10 14:59:43 INFO  Progress (4): 3.4/8.5 MB | 424/598 kB | 1.4/3.6 MB | 0.1/2.0 MB[0m
2026.04.10 14:59:43 INFO  Progress (4): 3.4/8.5 MB | 424/598 kB | 1.4/3.6 MB | 0.1/2.0 MB[0m
2026.04.10 14:59:43 INFO  Progress (4): 3.4/8.5 MB | 424/598 kB | 1.4/3.6 MB | 0.2/2.0 MB[0m
2026.04.10 14:59:43 INFO  Progress (4): 3.4/8.5 MB | 424/598 kB | 1.4/3.6 MB | 0.2/2.0 MB[0m
2026.04.10 14:59:43 INFO  Progress (4): 3.4/8.5 MB | 424/598 kB | 1.4/3.6 MB | 0.2/2.0 MB[0m
2026.04.10 14:59:43 INFO  Progress (4): 3.4/8.5 MB | 424/598 kB | 1.4/3.6 MB | 0.2/2.0 MB[0m
2026.04.10 14:59:43 INFO  Progress (4): 3.4/8.5 MB | 424/598 kB | 1.4/3.6 MB | 0.2/2.0 MB[0m
2026.04.10 14:59:43 INFO  Progress (4): 3.4/8.5 MB | 424/598 kB | 1.4/3.6 MB | 0.2/2.0 MB[0m
2026.04.10 14:59:43 INFO  Progress (4): 3.4/8.5 MB | 424/598 kB | 1.4/3.6 MB | 0.2/2.0 MB[0m
2026.04.10 14:59:43 INFO  Progress (4): 3.4/8.5 MB | 424/598 kB | 1.4/3.6 MB | 0.2/2.0 MB[0m
2026.04.10 14:59:43 INFO  Progress (4): 3.4/8.5 MB | 424/598 kB | 1.4/3.6 MB | 0.2/2.0 MB[0m
2026.04.10 14:59:43 INFO  Progress (4): 3.4/8.5 MB | 424/598 kB | 1.4/3.6 MB | 0.2/2.0 MB[0m
2026.04.10 14:59:43 INFO  Progress (4): 3.4/8.5 MB | 424/598 kB | 1.4/3.6 MB | 0.2/2.0 MB[0m
2026.04.10 14:59:43 INFO  Progress (4): 3.4/8.5 MB | 424/598 kB | 1.4/3.6 MB | 0.3/2.0 MB[0m
2026.04.10 14:59:43 INFO  Progress (4): 3.4/8.5 MB | 424/598 kB | 1.4/3.6 MB | 0.3/2.0 MB[0m
2026.04.10 14:59:43 INFO  Progress (4): 3.4/8.5 MB | 424/598 kB | 1.4/3.6 MB | 0.3/2.0 MB[0m
2026.04.10 14:59:43 INFO  Progress (4): 3.4/8.5 MB | 424/598 kB | 1.4/3.6 MB | 0.3/2.0 MB[0m
2026.04.10 14:59:43 INFO  Progress (4): 3.4/8.5 MB | 424/598 kB | 1.4/3.6 MB | 0.3/2.0 MB[0m
2026.04.10 14:59:43 INFO  Progress (4): 3.4/8.5 MB | 424/598 kB | 1.4/3.6 MB | 0.3/2.0 MB[0m
2026.04.10 14:59:43 INFO  Progress (4): 3.4/8.5 MB | 424/598 kB | 1.4/3.6 MB | 0.3/2.0 MB[0m
2026.04.10 14:59:43 INFO  Progress (4): 3.4/8.5 MB | 424/598 kB | 1.4/3.6 MB | 0.4/2.0 MB[0m
2026.04.10 14:59:43 INFO  Progress (4): 3.4/8.5 MB | 424/598 kB | 1.4/3.6 MB | 0.4/2.0 MB[0m
2026.04.10 14:59:43 INFO  Progress (4): 3.4/8.5 MB | 424/598 kB | 1.4/3.6 MB | 0.4/2.0 MB[0m
2026.04.10 14:59:43 INFO  Progress (4): 3.4/8.5 MB | 424/598 kB | 1.4/3.6 MB | 0.4/2.0 MB[0m
2026.04.10 14:59:43 INFO  Progress (4): 3.4/8.5 MB | 424/598 kB | 1.4/3.6 MB | 0.4/2.0 MB[0m
2026.04.10 14:59:43 INFO  Progress (4): 3.4/8.5 MB | 424/598 kB | 1.4/3.6 MB | 0.4/2.0 MB[0m
2026.04.10 14:59:43 INFO  Progress (4): 3.4/8.5 MB | 424/598 kB | 1.4/3.6 MB | 0.4/2.0 MB[0m
2026.04.10 14:59:43 INFO  Progress (4): 3.4/8.5 MB | 424/598 kB | 1.4/3.6 MB | 0.5/2.0 MB[0m
2026.04.10 14:59:43 INFO  Progress (4): 3.4/8.5 MB | 424/598 kB | 1.4/3.6 MB | 0.5/2.0 MB[0m
2026.04.10 14:59:43 INFO  Progress (4): 3.4/8.5 MB | 424/598 kB | 1.4/3.6 MB | 0.5/2.0 MB[0m
2026.04.10 14:59:43 INFO  Progress (4): 3.4/8.5 MB | 424/598 kB | 1.4/3.6 MB | 0.5/2.0 MB[0m
2026.04.10 14:59:43 INFO  Progress (4): 3.4/8.5 MB | 424/598 kB | 1.4/3.6 MB | 0.5/2.0 MB[0m
2026.04.10 14:59:43 INFO  Progress (4): 3.4/8.5 MB | 441/598 kB | 1.4/3.6 MB | 0.5/2.0 MB[0m
2026.04.10 14:59:43 INFO  Progress (4): 3.4/8.5 MB | 441/598 kB | 1.4/3.6 MB | 0.5/2.0 MB[0m
2026.04.10 14:59:43 INFO  Progress (4): 3.4/8.5 MB | 441/598 kB | 1.4/3.6 MB | 0.5/2.0 MB[0m
2026.04.10 14:59:43 INFO  Progress (4): 3.4/8.5 MB | 441/598 kB | 1.4/3.6 MB | 0.6/2.0 MB[0m
2026.04.10 14:59:43 INFO  Progress (4): 3.4/8.5 MB | 441/598 kB | 1.4/3.6 MB | 0.6/2.0 MB[0m
2026.04.10 14:59:43 INFO  Progress (4): 3.5/8.5 MB | 441/598 kB | 1.4/3.6 MB | 0.6/2.0 MB[0m
2026.04.10 14:59:43 INFO  Progress (4): 3.5/8.5 MB | 441/598 kB | 1.4/3.6 MB | 0.6/2.0 MB[0m
2026.04.10 14:59:43 INFO  Progress (4): 3.5/8.5 MB | 441/598 kB | 1.4/3.6 MB | 0.6/2.0 MB[0m
2026.04.10 14:59:43 INFO  Progress (4): 3.5/8.5 MB | 441/598 kB | 1.4/3.6 MB | 0.6/2.0 MB[0m
2026.04.10 14:59:43 INFO  Progress (4): 3.5/8.5 MB | 441/598 kB | 1.5/3.6 MB | 0.6/2.0 MB[0m
2026.04.10 14:59:43 INFO  Progress (4): 3.5/8.5 MB | 441/598 kB | 1.5/3.6 MB | 0.6/2.0 MB[0m
2026.04.10 14:59:43 INFO  Progress (4): 3.5/8.5 MB | 441/598 kB | 1.5/3.6 MB | 0.7/2.0 MB[0m
2026.04.10 14:59:43 INFO  Progress (4): 3.5/8.5 MB | 441/598 kB | 1.5/3.6 MB | 0.7/2.0 MB[0m
2026.04.10 14:59:43 INFO  Progress (4): 3.5/8.5 MB | 441/598 kB | 1.5/3.6 MB | 0.7/2.0 MB[0m
2026.04.10 14:59:43 INFO  Progress (4): 3.5/8.5 MB | 441/598 kB | 1.5/3.6 MB | 0.7/2.0 MB[0m
2026.04.10 14:59:43 INFO  Progress (4): 3.5/8.5 MB | 441/598 kB | 1.5/3.6 MB | 0.7/2.0 MB[0m
2026.04.10 14:59:43 INFO  Progress (4): 3.5/8.5 MB | 441/598 kB | 1.5/3.6 MB | 0.7/2.0 MB[0m
2026.04.10 14:59:43 INFO  Progress (4): 3.5/8.5 MB | 441/598 kB | 1.5/3.6 MB | 0.7/2.0 MB[0m
2026.04.10 14:59:43 INFO  Progress (4): 3.5/8.5 MB | 441/598 kB | 1.5/3.6 MB | 0.7/2.0 MB[0m
2026.04.10 14:59:43 INFO  Progress (4): 3.5/8.5 MB | 441/598 kB | 1.5/3.6 MB | 0.8/2.0 MB[0m
2026.04.10 14:59:43 INFO  Progress (4): 3.5/8.5 MB | 441/598 kB | 1.5/3.6 MB | 0.8/2.0 MB[0m
2026.04.10 14:59:43 INFO  Progress (4): 3.5/8.5 MB | 441/598 kB | 1.5/3.6 MB | 0.8/2.0 MB[0m
2026.04.10 14:59:43 INFO  Progress (4): 3.5/8.5 MB | 441/598 kB | 1.5/3.6 MB | 0.8/2.0 MB[0m
2026.04.10 14:59:43 INFO  Progress (4): 3.5/8.5 MB | 441/598 kB | 1.5/3.6 MB | 0.8/2.0 MB[0m
2026.04.10 14:59:43 INFO  Progress (4): 3.5/8.5 MB | 441/598 kB | 1.5/3.6 MB | 0.8/2.0 MB[0m
2026.04.10 14:59:43 INFO  Progress (4): 3.5/8.5 MB | 441/598 kB | 1.5/3.6 MB | 0.8/2.0 MB[0m
2026.04.10 14:59:43 INFO  Progress (4): 3.5/8.5 MB | 441/598 kB | 1.5/3.6 MB | 0.8/2.0 MB[0m
2026.04.10 14:59:43 INFO  Progress (4): 3.5/8.5 MB | 441/598 kB | 1.5/3.6 MB | 0.8/2.0 MB[0m
2026.04.10 14:59:43 INFO  Progress (4): 3.5/8.5 MB | 441/598 kB | 1.5/3.6 MB | 0.9/2.0 MB[0m
2026.04.10 14:59:43 INFO  Progress (4): 3.5/8.5 MB | 441/598 kB | 1.5/3.6 MB | 0.9/2.0 MB[0m
2026.04.10 14:59:43 INFO  Progress (4): 3.5/8.5 MB | 441/598 kB | 1.5/3.6 MB | 0.9/2.0 MB[0m
2026.04.10 14:59:43 INFO  Progress (4): 3.5/8.5 MB | 441/598 kB | 1.5/3.6 MB | 0.9/2.0 MB[0m
2026.04.10 14:59:43 INFO  Progress (4): 3.5/8.5 MB | 441/598 kB | 1.5/3.6 MB | 0.9/2.0 MB[0m
2026.04.10 14:59:43 INFO  Progress (4): 3.5/8.5 MB | 441/598 kB | 1.5/3.6 MB | 0.9/2.0 MB[0m
2026.04.10 14:59:43 INFO  Progress (4): 3.5/8.5 MB | 441/598 kB | 1.5/3.6 MB | 0.9/2.0 MB[0m
2026.04.10 14:59:43 INFO  Progress (4): 3.5/8.5 MB | 441/598 kB | 1.5/3.6 MB | 1.0/2.0 MB[0m
2026.04.10 14:59:43 INFO  Progress (4): 3.5/8.5 MB | 441/598 kB | 1.5/3.6 MB | 1.0/2.0 MB[0m
2026.04.10 14:59:43 INFO  Progress (4): 3.5/8.5 MB | 441/598 kB | 1.5/3.6 MB | 1.0/2.0 MB[0m
2026.04.10 14:59:43 INFO  Progress (4): 3.5/8.5 MB | 441/598 kB | 1.5/3.6 MB | 1.0/2.0 MB[0m
2026.04.10 14:59:43 INFO  Progress (4): 3.5/8.5 MB | 441/598 kB | 1.5/3.6 MB | 1.0/2.0 MB[0m
2026.04.10 14:59:43 INFO  Progress (4): 3.5/8.5 MB | 441/598 kB | 1.5/3.6 MB | 1.0/2.0 MB[0m
2026.04.10 14:59:43 INFO  Progress (4): 3.5/8.5 MB | 441/598 kB | 1.5/3.6 MB | 1.0/2.0 MB[0m
2026.04.10 14:59:43 INFO  Progress (4): 3.5/8.5 MB | 441/598 kB | 1.5/3.6 MB | 1.0/2.0 MB[0m
2026.04.10 14:59:43 INFO  Progress (4): 3.5/8.5 MB | 441/598 kB | 1.5/3.6 MB | 1.0/2.0 MB[0m
2026.04.10 14:59:43 INFO  Progress (4): 3.5/8.5 MB | 441/598 kB | 1.5/3.6 MB | 1.1/2.0 MB[0m
2026.04.10 14:59:43 INFO  Progress (4): 3.5/8.5 MB | 441/598 kB | 1.5/3.6 MB | 1.1/2.0 MB[0m
2026.04.10 14:59:43 INFO  Progress (4): 3.5/8.5 MB | 441/598 kB | 1.5/3.6 MB | 1.1/2.0 MB[0m
2026.04.10 14:59:43 INFO  Progress (4): 3.5/8.5 MB | 441/598 kB | 1.5/3.6 MB | 1.1/2.0 MB[0m
2026.04.10 14:59:43 INFO  Progress (4): 3.5/8.5 MB | 441/598 kB | 1.5/3.6 MB | 1.1/2.0 MB[0m
2026.04.10 14:59:43 INFO  Progress (4): 3.5/8.5 MB | 441/598 kB | 1.5/3.6 MB | 1.1/2.0 MB[0m
2026.04.10 14:59:43 INFO  Progress (4): 3.5/8.5 MB | 441/598 kB | 1.5/3.6 MB | 1.1/2.0 MB[0m
2026.04.10 14:59:43 INFO  Progress (4): 3.5/8.5 MB | 441/598 kB | 1.5/3.6 MB | 1.2/2.0 MB[0m
2026.04.10 14:59:43 INFO  Progress (4): 3.5/8.5 MB | 441/598 kB | 1.5/3.6 MB | 1.2/2.0 MB[0m
2026.04.10 14:59:43 INFO  Progress (4): 3.5/8.5 MB | 441/598 kB | 1.5/3.6 MB | 1.2/2.0 MB[0m
2026.04.10 14:59:43 INFO  Progress (4): 3.5/8.5 MB | 441/598 kB | 1.5/3.6 MB | 1.2/2.0 MB[0m
2026.04.10 14:59:43 INFO  Progress (4): 3.5/8.5 MB | 441/598 kB | 1.5/3.6 MB | 1.2/2.0 MB[0m
2026.04.10 14:59:43 INFO  Progress (4): 3.5/8.5 MB | 441/598 kB | 1.5/3.6 MB | 1.2/2.0 MB[0m
2026.04.10 14:59:43 INFO  Progress (4): 3.5/8.5 MB | 441/598 kB | 1.5/3.6 MB | 1.2/2.0 MB[0m
2026.04.10 14:59:43 INFO  Progress (4): 3.5/8.5 MB | 441/598 kB | 1.5/3.6 MB | 1.3/2.0 MB[0m
2026.04.10 14:59:43 INFO  Progress (4): 3.6/8.5 MB | 441/598 kB | 1.5/3.6 MB | 1.3/2.0 MB[0m
2026.04.10 14:59:43 INFO  Progress (4): 3.6/8.5 MB | 441/598 kB | 1.5/3.6 MB | 1.3/2.0 MB[0m
2026.04.10 14:59:43 INFO  Progress (4): 3.6/8.5 MB | 441/598 kB | 1.5/3.6 MB | 1.3/2.0 MB[0m
2026.04.10 14:59:43 INFO  Progress (4): 3.6/8.5 MB | 441/598 kB | 1.5/3.6 MB | 1.3/2.0 MB[0m
2026.04.10 14:59:43 INFO  Progress (4): 3.6/8.5 MB | 441/598 kB | 1.5/3.6 MB | 1.3/2.0 MB[0m
2026.04.10 14:59:43 INFO  Progress (4): 3.6/8.5 MB | 457/598 kB | 1.5/3.6 MB | 1.3/2.0 MB[0m
2026.04.10 14:59:43 INFO  Progress (4): 3.6/8.5 MB | 457/598 kB | 1.5/3.6 MB | 1.3/2.0 MB[0m
2026.04.10 14:59:43 INFO  Progress (4): 3.6/8.5 MB | 457/598 kB | 1.5/3.6 MB | 1.3/2.0 MB[0m
2026.04.10 14:59:43 INFO  Progress (4): 3.6/8.5 MB | 457/598 kB | 1.5/3.6 MB | 1.4/2.0 MB[0m
2026.04.10 14:59:43 INFO  Progress (4): 3.6/8.5 MB | 457/598 kB | 1.5/3.6 MB | 1.4/2.0 MB[0m
2026.04.10 14:59:43 INFO  Progress (4): 3.6/8.5 MB | 457/598 kB | 1.5/3.6 MB | 1.4/2.0 MB[0m
2026.04.10 14:59:43 INFO  Progress (4): 3.6/8.5 MB | 457/598 kB | 1.5/3.6 MB | 1.4/2.0 MB[0m
2026.04.10 14:59:43 INFO  Progress (4): 3.6/8.5 MB | 457/598 kB | 1.5/3.6 MB | 1.4/2.0 MB[0m
2026.04.10 14:59:43 INFO  Progress (4): 3.6/8.5 MB | 457/598 kB | 1.5/3.6 MB | 1.4/2.0 MB[0m
2026.04.10 14:59:43 INFO  Progress (4): 3.6/8.5 MB | 457/598 kB | 1.5/3.6 MB | 1.4/2.0 MB[0m
2026.04.10 14:59:43 INFO  Progress (4): 3.6/8.5 MB | 457/598 kB | 1.6/3.6 MB | 1.4/2.0 MB[0m
2026.04.10 14:59:43 INFO  Progress (4): 3.6/8.5 MB | 457/598 kB | 1.6/3.6 MB | 1.5/2.0 MB[0m
2026.04.10 14:59:43 INFO  Progress (4): 3.6/8.5 MB | 457/598 kB | 1.6/3.6 MB | 1.5/2.0 MB[0m
2026.04.10 14:59:43 INFO  Progress (4): 3.6/8.5 MB | 457/598 kB | 1.6/3.6 MB | 1.5/2.0 MB[0m
2026.04.10 14:59:43 INFO  Progress (4): 3.6/8.5 MB | 457/598 kB | 1.6/3.6 MB | 1.5/2.0 MB[0m
2026.04.10 14:59:43 INFO  Progress (4): 3.6/8.5 MB | 457/598 kB | 1.6/3.6 MB | 1.5/2.0 MB[0m
2026.04.10 14:59:43 INFO  Progress (4): 3.6/8.5 MB | 457/598 kB | 1.6/3.6 MB | 1.5/2.0 MB[0m
2026.04.10 14:59:43 INFO  Progress (4): 3.6/8.5 MB | 457/598 kB | 1.6/3.6 MB | 1.5/2.0 MB[0m
2026.04.10 14:59:43 INFO  Progress (4): 3.6/8.5 MB | 457/598 kB | 1.6/3.6 MB | 1.6/2.0 MB[0m
2026.04.10 14:59:43 INFO  Progress (4): 3.6/8.5 MB | 457/598 kB | 1.6/3.6 MB | 1.6/2.0 MB[0m
2026.04.10 14:59:43 INFO  Progress (4): 3.6/8.5 MB | 457/598 kB | 1.6/3.6 MB | 1.6/2.0 MB[0m
2026.04.10 14:59:43 INFO  Progress (4): 3.6/8.5 MB | 457/598 kB | 1.6/3.6 MB | 1.6/2.0 MB[0m
2026.04.10 14:59:43 INFO  Progress (4): 3.6/8.5 MB | 457/598 kB | 1.6/3.6 MB | 1.6/2.0 MB[0m
2026.04.10 14:59:43 INFO  Progress (4): 3.6/8.5 MB | 457/598 kB | 1.6/3.6 MB | 1.6/2.0 MB[0m
2026.04.10 14:59:43 INFO  Progress (4): 3.6/8.5 MB | 457/598 kB | 1.6/3.6 MB | 1.6/2.0 MB[0m
2026.04.10 14:59:43 INFO  Progress (4): 3.6/8.5 MB | 457/598 kB | 1.6/3.6 MB | 1.6/2.0 MB[0m
2026.04.10 14:59:43 INFO  Progress (4): 3.6/8.5 MB | 457/598 kB | 1.6/3.6 MB | 1.7/2.0 MB[0m
2026.04.10 14:59:43 INFO  Progress (4): 3.6/8.5 MB | 457/598 kB | 1.6/3.6 MB | 1.7/2.0 MB[0m
2026.04.10 14:59:43 INFO  Progress (4): 3.6/8.5 MB | 457/598 kB | 1.6/3.6 MB | 1.7/2.0 MB[0m
2026.04.10 14:59:43 INFO  Progress (4): 3.6/8.5 MB | 457/598 kB | 1.6/3.6 MB | 1.7/2.0 MB[0m
2026.04.10 14:59:43 INFO  Progress (4): 3.6/8.5 MB | 457/598 kB | 1.6/3.6 MB | 1.7/2.0 MB[0m
2026.04.10 14:59:43 INFO  Progress (4): 3.6/8.5 MB | 457/598 kB | 1.6/3.6 MB | 1.7/2.0 MB[0m
2026.04.10 14:59:43 INFO  Progress (4): 3.6/8.5 MB | 457/598 kB | 1.6/3.6 MB | 1.7/2.0 MB[0m
2026.04.10 14:59:43 INFO  Progress (4): 3.6/8.5 MB | 457/598 kB | 1.6/3.6 MB | 1.7/2.0 MB[0m
2026.04.10 14:59:43 INFO  Progress (4): 3.6/8.5 MB | 457/598 kB | 1.6/3.6 MB | 1.8/2.0 MB[0m
2026.04.10 14:59:43 INFO  Progress (4): 3.6/8.5 MB | 457/598 kB | 1.6/3.6 MB | 1.8/2.0 MB[0m
2026.04.10 14:59:43 INFO  Progress (4): 3.6/8.5 MB | 457/598 kB | 1.6/3.6 MB | 1.8/2.0 MB[0m
2026.04.10 14:59:43 INFO  Progress (4): 3.6/8.5 MB | 457/598 kB | 1.6/3.6 MB | 1.8/2.0 MB[0m
2026.04.10 14:59:43 INFO  Progress (4): 3.6/8.5 MB | 457/598 kB | 1.6/3.6 MB | 1.8/2.0 MB[0m
2026.04.10 14:59:43 INFO  Progress (4): 3.6/8.5 MB | 457/598 kB | 1.6/3.6 MB | 1.8/2.0 MB[0m
2026.04.10 14:59:43 INFO  Progress (4): 3.6/8.5 MB | 457/598 kB | 1.6/3.6 MB | 1.8/2.0 MB[0m
2026.04.10 14:59:43 INFO  Progress (4): 3.6/8.5 MB | 457/598 kB | 1.6/3.6 MB | 1.8/2.0 MB[0m
2026.04.10 14:59:43 INFO  Progress (4): 3.6/8.5 MB | 457/598 kB | 1.6/3.6 MB | 1.9/2.0 MB[0m
2026.04.10 14:59:43 INFO  Progress (4): 3.6/8.5 MB | 457/598 kB | 1.6/3.6 MB | 1.9/2.0 MB[0m
2026.04.10 14:59:43 INFO  Progress (4): 3.7/8.5 MB | 457/598 kB | 1.6/3.6 MB | 1.9/2.0 MB[0m
2026.04.10 14:59:43 INFO  Progress (4): 3.7/8.5 MB | 457/598 kB | 1.6/3.6 MB | 1.9/2.0 MB[0m
2026.04.10 14:59:43 INFO  Progress (4): 3.7/8.5 MB | 457/598 kB | 1.6/3.6 MB | 1.9/2.0 MB[0m
2026.04.10 14:59:43 INFO  Progress (4): 3.7/8.5 MB | 457/598 kB | 1.6/3.6 MB | 1.9/2.0 MB[0m
2026.04.10 14:59:43 INFO  Progress (4): 3.7/8.5 MB | 457/598 kB | 1.6/3.6 MB | 1.9/2.0 MB[0m
2026.04.10 14:59:43 INFO  Progress (4): 3.7/8.5 MB | 457/598 kB | 1.6/3.6 MB | 1.9/2.0 MB[0m
2026.04.10 14:59:43 INFO  Progress (4): 3.7/8.5 MB | 457/598 kB | 1.6/3.6 MB | 2.0 MB    [0m
2026.04.10 14:59:43 INFO  Progress (4): 3.7/8.5 MB | 457/598 kB | 1.6/3.6 MB | 2.0 MB[0m
2026.04.10 14:59:43 INFO  Progress (4): 3.7/8.5 MB | 474/598 kB | 1.6/3.6 MB | 2.0 MB[0m
2026.04.10 14:59:43 INFO                                                             [0m
2026.04.10 14:59:43 INFO  Downloaded from central: https://repo.maven.apache.org/maven2/org/springframework/spring-core/6.2.2/spring-core-6.2.2.jar (2.0 MB at 1.1 MB/s)[0m
2026.04.10 14:59:43 INFO  Progress (3): 3.7/8.5 MB | 474/598 kB | 1.6/3.6 MB[0m
2026.04.10 14:59:43 INFO  Progress (3): 3.7/8.5 MB | 474/598 kB | 1.6/3.6 MB[0m
2026.04.10 14:59:43 INFO  Progress (3): 3.7/8.5 MB | 474/598 kB | 1.6/3.6 MB[0m
2026.04.10 14:59:43 INFO  Progress (3): 3.7/8.5 MB | 474/598 kB | 1.7/3.6 MB[0m
2026.04.10 14:59:43 INFO  Progress (3): 3.7/8.5 MB | 474/598 kB | 1.7/3.6 MB[0m
2026.04.10 14:59:43 INFO  Progress (3): 3.7/8.5 MB | 474/598 kB | 1.7/3.6 MB[0m
2026.04.10 14:59:43 INFO  Progress (3): 3.7/8.5 MB | 474/598 kB | 1.7/3.6 MB[0m
2026.04.10 14:59:43 INFO  Progress (3): 3.7/8.5 MB | 474/598 kB | 1.7/3.6 MB[0m
2026.04.10 14:59:43 INFO  Progress (3): 3.7/8.5 MB | 474/598 kB | 1.7/3.6 MB[0m
2026.04.10 14:59:43 INFO  Progress (3): 3.7/8.5 MB | 474/598 kB | 1.7/3.6 MB[0m
2026.04.10 14:59:43 INFO  Progress (3): 3.8/8.5 MB | 474/598 kB | 1.7/3.6 MB[0m
2026.04.10 14:59:43 INFO  Progress (3): 3.8/8.5 MB | 474/598 kB | 1.7/3.6 MB[0m
2026.04.10 14:59:43 INFO  Progress (3): 3.8/8.5 MB | 474/598 kB | 1.7/3.6 MB[0m
2026.04.10 14:59:43 INFO  Progress (3): 3.8/8.5 MB | 474/598 kB | 1.7/3.6 MB[0m
2026.04.10 14:59:43 INFO  Progress (3): 3.8/8.5 MB | 490/598 kB | 1.7/3.6 MB[0m
2026.04.10 14:59:43 INFO  Progress (3): 3.8/8.5 MB | 490/598 kB | 1.7/3.6 MB[0m
2026.04.10 14:59:43 INFO  Progress (3): 3.8/8.5 MB | 490/598 kB | 1.7/3.6 MB[0m
2026.04.10 14:59:43 INFO  Progress (3): 3.8/8.5 MB | 490/598 kB | 1.7/3.6 MB[0m
2026.04.10 14:59:43 INFO  Progress (3): 3.8/8.5 MB | 490/598 kB | 1.8/3.6 MB[0m
2026.04.10 14:59:43 INFO  Progress (3): 3.8/8.5 MB | 490/598 kB | 1.8/3.6 MB[0m
2026.04.10 14:59:43 INFO  Progress (3): 3.8/8.5 MB | 490/598 kB | 1.8/3.6 MB[0m
2026.04.10 14:59:43 INFO  Progress (3): 3.8/8.5 MB | 490/598 kB | 1.8/3.6 MB[0m
2026.04.10 14:59:43 INFO  Progress (3): 3.9/8.5 MB | 490/598 kB | 1.8/3.6 MB[0m
2026.04.10 14:59:43 INFO  Progress (3): 3.9/8.5 MB | 490/598 kB | 1.8/3.6 MB[0m
2026.04.10 14:59:43 INFO  Progress (3): 3.9/8.5 MB | 490/598 kB | 1.8/3.6 MB[0m
2026.04.10 14:59:43 INFO  Progress (3): 3.9/8.5 MB | 490/598 kB | 1.8/3.6 MB[0m
2026.04.10 14:59:43 INFO  Progress (3): 3.9/8.5 MB | 490/598 kB | 1.8/3.6 MB[0m
2026.04.10 14:59:43 INFO  Progress (3): 3.9/8.5 MB | 490/598 kB | 1.8/3.6 MB[0m
2026.04.10 14:59:43 INFO  Progress (3): 3.9/8.5 MB | 506/598 kB | 1.8/3.6 MB[0m
2026.04.10 14:59:43 INFO  Progress (3): 3.9/8.5 MB | 506/598 kB | 1.8/3.6 MB[0m
2026.04.10 14:59:43 INFO  Progress (3): 3.9/8.5 MB | 506/598 kB | 1.8/3.6 MB[0m
2026.04.10 14:59:43 INFO  Progress (3): 3.9/8.5 MB | 506/598 kB | 1.8/3.6 MB[0m
2026.04.10 14:59:43 INFO  Progress (3): 3.9/8.5 MB | 506/598 kB | 1.9/3.6 MB[0m
2026.04.10 14:59:43 INFO  Progress (3): 3.9/8.5 MB | 506/598 kB | 1.9/3.6 MB[0m
2026.04.10 14:59:43 INFO  Progress (3): 4.0/8.5 MB | 506/598 kB | 1.9/3.6 MB[0m
2026.04.10 14:59:43 INFO  Progress (3): 4.0/8.5 MB | 506/598 kB | 1.9/3.6 MB[0m
2026.04.10 14:59:43 INFO  Progress (3): 4.0/8.5 MB | 506/598 kB | 1.9/3.6 MB[0m
2026.04.10 14:59:43 INFO  Progress (3): 4.0/8.5 MB | 506/598 kB | 1.9/3.6 MB[0m
2026.04.10 14:59:43 INFO  Progress (3): 4.0/8.5 MB | 506/598 kB | 1.9/3.6 MB[0m
2026.04.10 14:59:43 INFO  Progress (3): 4.0/8.5 MB | 523/598 kB | 1.9/3.6 MB[0m
2026.04.10 14:59:43 INFO  Progress (3): 4.0/8.5 MB | 523/598 kB | 1.9/3.6 MB[0m
2026.04.10 14:59:43 INFO  Progress (3): 4.0/8.5 MB | 523/598 kB | 1.9/3.6 MB[0m
2026.04.10 14:59:43 INFO  Progress (3): 4.0/8.5 MB | 523/598 kB | 1.9/3.6 MB[0m
2026.04.10 14:59:43 INFO  Progress (3): 4.0/8.5 MB | 523/598 kB | 1.9/3.6 MB[0m
2026.04.10 14:59:43 INFO  Progress (3): 4.0/8.5 MB | 523/598 kB | 1.9/3.6 MB[0m
2026.04.10 14:59:43 INFO  Progress (3): 4.0/8.5 MB | 523/598 kB | 1.9/3.6 MB[0m
2026.04.10 14:59:43 INFO  Progress (3): 4.0/8.5 MB | 523/598 kB | 1.9/3.6 MB[0m
2026.04.10 14:59:43 INFO  Progress (3): 4.1/8.5 MB | 523/598 kB | 1.9/3.6 MB[0m
2026.04.10 14:59:43 INFO  Progress (3): 4.1/8.5 MB | 523/598 kB | 2.0/3.6 MB[0m
2026.04.10 14:59:43 INFO  Progress (3): 4.1/8.5 MB | 523/598 kB | 2.0/3.6 MB[0m
2026.04.10 14:59:43 INFO  Progress (3): 4.1/8.5 MB | 523/598 kB | 2.0/3.6 MB[0m
2026.04.10 14:59:43 INFO  Progress (3): 4.1/8.5 MB | 523/598 kB | 2.0/3.6 MB[0m
2026.04.10 14:59:43 INFO  Progress (3): 4.1/8.5 MB | 523/598 kB | 2.0/3.6 MB[0m
2026.04.10 14:59:43 INFO  Progress (3): 4.1/8.5 MB | 539/598 kB | 2.0/3.6 MB[0m
2026.04.10 14:59:43 INFO  Progress (3): 4.1/8.5 MB | 539/598 kB | 2.0/3.6 MB[0m
2026.04.10 14:59:43 INFO  Progress (3): 4.1/8.5 MB | 539/598 kB | 2.0/3.6 MB[0m
2026.04.10 14:59:43 INFO  Progress (3): 4.1/8.5 MB | 539/598 kB | 2.0/3.6 MB[0m
2026.04.10 14:59:43 INFO  Progress (3): 4.1/8.5 MB | 539/598 kB | 2.0/3.6 MB[0m
2026.04.10 14:59:43 INFO  Progress (3): 4.1/8.5 MB | 539/598 kB | 2.0/3.6 MB[0m
2026.04.10 14:59:43 INFO  Progress (3): 4.2/8.5 MB | 539/598 kB | 2.0/3.6 MB[0m
2026.04.10 14:59:43 INFO  Progress (3): 4.2/8.5 MB | 539/598 kB | 2.0/3.6 MB[0m
2026.04.10 14:59:43 INFO  Progress (3): 4.2/8.5 MB | 539/598 kB | 2.1/3.6 MB[0m
2026.04.10 14:59:43 INFO  Progress (3): 4.2/8.5 MB | 539/598 kB | 2.1/3.6 MB[0m
2026.04.10 14:59:43 INFO  Progress (3): 4.2/8.5 MB | 539/598 kB | 2.1/3.6 MB[0m
2026.04.10 14:59:43 INFO  Progress (3): 4.2/8.5 MB | 539/598 kB | 2.1/3.6 MB[0m
2026.04.10 14:59:43 INFO  Progress (3): 4.2/8.5 MB | 555/598 kB | 2.1/3.6 MB[0m
2026.04.10 14:59:43 INFO  Progress (3): 4.2/8.5 MB | 555/598 kB | 2.1/3.6 MB[0m
2026.04.10 14:59:43 INFO  Progress (3): 4.2/8.5 MB | 555/598 kB | 2.1/3.6 MB[0m
2026.04.10 14:59:43 INFO  Progress (3): 4.2/8.5 MB | 555/598 kB | 2.1/3.6 MB[0m
2026.04.10 14:59:43 INFO  Progress (3): 4.2/8.5 MB | 555/598 kB | 2.1/3.6 MB[0m
2026.04.10 14:59:43 INFO  Progress (3): 4.2/8.5 MB | 555/598 kB | 2.1/3.6 MB[0m
2026.04.10 14:59:43 INFO  Progress (3): 4.2/8.5 MB | 555/598 kB | 2.1/3.6 MB[0m
2026.04.10 14:59:43 INFO  Progress (3): 4.2/8.5 MB | 555/598 kB | 2.1/3.6 MB[0m
2026.04.10 14:59:43 INFO  Progress (3): 4.2/8.5 MB | 555/598 kB | 2.2/3.6 MB[0m
2026.04.10 14:59:43 INFO  Progress (3): 4.2/8.5 MB | 555/598 kB | 2.2/3.6 MB[0m
2026.04.10 14:59:43 INFO  Progress (3): 4.2/8.5 MB | 572/598 kB | 2.2/3.6 MB[0m
2026.04.10 14:59:43 INFO  Progress (3): 4.2/8.5 MB | 572/598 kB | 2.2/3.6 MB[0m
2026.04.10 14:59:43 INFO  Progress (3): 4.2/8.5 MB | 572/598 kB | 2.2/3.6 MB[0m
2026.04.10 14:59:43 INFO  Progress (3): 4.3/8.5 MB | 572/598 kB | 2.2/3.6 MB[0m
2026.04.10 14:59:43 INFO  Progress (3): 4.3/8.5 MB | 572/598 kB | 2.2/3.6 MB[0m
2026.04.10 14:59:43 INFO  Progress (3): 4.3/8.5 MB | 572/598 kB | 2.2/3.6 MB[0m
2026.04.10 14:59:43 INFO  Progress (3): 4.3/8.5 MB | 572/598 kB | 2.2/3.6 MB[0m
2026.04.10 14:59:43 INFO  Progress (3): 4.3/8.5 MB | 572/598 kB | 2.2/3.6 MB[0m
2026.04.10 14:59:43 INFO  Progress (3): 4.3/8.5 MB | 572/598 kB | 2.2/3.6 MB[0m
2026.04.10 14:59:43 INFO  Progress (3): 4.3/8.5 MB | 572/598 kB | 2.2/3.6 MB[0m
2026.04.10 14:59:43 INFO  Progress (3): 4.3/8.5 MB | 572/598 kB | 2.3/3.6 MB[0m
2026.04.10 14:59:43 INFO  Progress (3): 4.3/8.5 MB | 572/598 kB | 2.3/3.6 MB[0m
2026.04.10 14:59:43 INFO  Progress (3): 4.3/8.5 MB | 588/598 kB | 2.3/3.6 MB[0m
2026.04.10 14:59:43 INFO  Progress (3): 4.3/8.5 MB | 588/598 kB | 2.3/3.6 MB[0m
2026.04.10 14:59:43 INFO  Progress (3): 4.3/8.5 MB | 588/598 kB | 2.3/3.6 MB[0m
2026.04.10 14:59:43 INFO  Progress (3): 4.3/8.5 MB | 588/598 kB | 2.3/3.6 MB[0m
2026.04.10 14:59:43 INFO  Progress (3): 4.3/8.5 MB | 588/598 kB | 2.3/3.6 MB[0m
2026.04.10 14:59:43 INFO  Progress (3): 4.3/8.5 MB | 588/598 kB | 2.3/3.6 MB[0m
2026.04.10 14:59:43 INFO  Progress (3): 4.4/8.5 MB | 588/598 kB | 2.3/3.6 MB[0m
2026.04.10 14:59:43 INFO  Progress (3): 4.4/8.5 MB | 588/598 kB | 2.3/3.6 MB[0m
2026.04.10 14:59:43 INFO  Progress (3): 4.4/8.5 MB | 598 kB | 2.3/3.6 MB    [0m
2026.04.10 14:59:43 INFO  Progress (3): 4.4/8.5 MB | 598 kB | 2.3/3.6 MB[0m
2026.04.10 14:59:43 INFO                                                [0m
2026.04.10 14:59:43 INFO  Downloaded from central: https://repo.maven.apache.org/maven2/com/fasterxml/jackson/core/jackson-core/2.18.2/jackson-core-2.18.2.jar (598 kB at 300 kB/s)[0m
2026.04.10 14:59:43 INFO  Progress (2): 4.4/8.5 MB | 2.3/3.6 MB[0m
2026.04.10 14:59:43 INFO  Progress (2): 4.4/8.5 MB | 2.4/3.6 MB[0m
2026.04.10 14:59:43 INFO  Progress (2): 4.4/8.5 MB | 2.4/3.6 MB[0m
2026.04.10 14:59:43 INFO  Progress (2): 4.4/8.5 MB | 2.4/3.6 MB[0m
2026.04.10 14:59:43 INFO  Progress (2): 4.4/8.5 MB | 2.4/3.6 MB[0m
2026.04.10 14:59:43 INFO  Progress (2): 4.4/8.5 MB | 2.4/3.6 MB[0m
2026.04.10 14:59:43 INFO  Progress (2): 4.4/8.5 MB | 2.4/3.6 MB[0m
2026.04.10 14:59:43 INFO  Progress (2): 4.4/8.5 MB | 2.4/3.6 MB[0m
2026.04.10 14:59:43 INFO  Progress (2): 4.4/8.5 MB | 2.4/3.6 MB[0m
2026.04.10 14:59:43 INFO  Progress (2): 4.5/8.5 MB | 2.4/3.6 MB[0m
2026.04.10 14:59:43 INFO  Progress (2): 4.5/8.5 MB | 2.4/3.6 MB[0m
2026.04.10 14:59:43 INFO  Progress (2): 4.5/8.5 MB | 2.5/3.6 MB[0m
2026.04.10 14:59:43 INFO  Progress (2): 4.5/8.5 MB | 2.5/3.6 MB[0m
2026.04.10 14:59:43 INFO  Progress (2): 4.5/8.5 MB | 2.5/3.6 MB[0m
2026.04.10 14:59:43 INFO  Progress (2): 4.5/8.5 MB | 2.5/3.6 MB[0m
2026.04.10 14:59:43 INFO  Progress (2): 4.5/8.5 MB | 2.5/3.6 MB[0m
2026.04.10 14:59:43 INFO  Progress (2): 4.5/8.5 MB | 2.5/3.6 MB[0m
2026.04.10 14:59:43 INFO  Progress (2): 4.5/8.5 MB | 2.5/3.6 MB[0m
2026.04.10 14:59:43 INFO  Progress (2): 4.5/8.5 MB | 2.5/3.6 MB[0m
2026.04.10 14:59:43 INFO  Progress (2): 4.5/8.5 MB | 2.5/3.6 MB[0m
2026.04.10 14:59:43 INFO  Progress (2): 4.5/8.5 MB | 2.5/3.6 MB[0m
2026.04.10 14:59:43 INFO  Progress (2): 4.5/8.5 MB | 2.5/3.6 MB[0m
2026.04.10 14:59:43 INFO  Progress (2): 4.6/8.5 MB | 2.5/3.6 MB[0m
2026.04.10 14:59:43 INFO  Progress (2): 4.6/8.5 MB | 2.5/3.6 MB[0m
2026.04.10 14:59:43 INFO  Progress (2): 4.6/8.5 MB | 2.5/3.6 MB[0m
2026.04.10 14:59:43 INFO  Progress (2): 4.6/8.5 MB | 2.6/3.6 MB[0m
2026.04.10 14:59:43 INFO  Progress (2): 4.6/8.5 MB | 2.6/3.6 MB[0m
2026.04.10 14:59:43 INFO  Progress (2): 4.6/8.5 MB | 2.6/3.6 MB[0m
2026.04.10 14:59:43 INFO  Progress (2): 4.6/8.5 MB | 2.6/3.6 MB[0m
2026.04.10 14:59:43 INFO  Progress (2): 4.6/8.5 MB | 2.6/3.6 MB[0m
2026.04.10 14:59:43 INFO  Progress (2): 4.6/8.5 MB | 2.6/3.6 MB[0m
2026.04.10 14:59:43 INFO  Progress (2): 4.6/8.5 MB | 2.6/3.6 MB[0m
2026.04.10 14:59:43 INFO  Progress (2): 4.6/8.5 MB | 2.6/3.6 MB[0m
2026.04.10 14:59:43 INFO  Progress (2): 4.7/8.5 MB | 2.6/3.6 MB[0m
2026.04.10 14:59:43 INFO  Progress (2): 4.7/8.5 MB | 2.6/3.6 MB[0m
2026.04.10 14:59:43 INFO  Progress (2): 4.7/8.5 MB | 2.6/3.6 MB[0m
2026.04.10 14:59:43 INFO  Progress (2): 4.7/8.5 MB | 2.6/3.6 MB[0m
2026.04.10 14:59:43 INFO  Progress (2): 4.7/8.5 MB | 2.6/3.6 MB[0m
2026.04.10 14:59:43 INFO  Progress (2): 4.7/8.5 MB | 2.7/3.6 MB[0m
2026.04.10 14:59:43 INFO  Progress (2): 4.7/8.5 MB | 2.7/3.6 MB[0m
2026.04.10 14:59:43 INFO  Progress (2): 4.7/8.5 MB | 2.7/3.6 MB[0m
2026.04.10 14:59:43 INFO  Progress (2): 4.7/8.5 MB | 2.7/3.6 MB[0m
2026.04.10 14:59:43 INFO  Progress (2): 4.7/8.5 MB | 2.7/3.6 MB[0m
2026.04.10 14:59:43 INFO  Progress (2): 4.7/8.5 MB | 2.7/3.6 MB[0m
2026.04.10 14:59:43 INFO  Progress (2): 4.7/8.5 MB | 2.7/3.6 MB[0m
2026.04.10 14:59:43 INFO  Progress (2): 4.7/8.5 MB | 2.7/3.6 MB[0m
2026.04.10 14:59:43 INFO  Progress (2): 4.8/8.5 MB | 2.7/3.6 MB[0m
2026.04.10 14:59:43 INFO  Progress (2): 4.8/8.5 MB | 2.7/3.6 MB[0m
2026.04.10 14:59:43 INFO  Progress (2): 4.8/8.5 MB | 2.8/3.6 MB[0m
2026.04.10 14:59:43 INFO  Progress (2): 4.8/8.5 MB | 2.8/3.6 MB[0m
2026.04.10 14:59:43 INFO  Progress (2): 4.8/8.5 MB | 2.8/3.6 MB[0m
2026.04.10 14:59:43 INFO  Progress (2): 4.8/8.5 MB | 2.8/3.6 MB[0m
2026.04.10 14:59:43 INFO  Progress (2): 4.8/8.5 MB | 2.8/3.6 MB[0m
2026.04.10 14:59:43 INFO  Progress (2): 4.8/8.5 MB | 2.8/3.6 MB[0m
2026.04.10 14:59:43 INFO  Progress (2): 4.8/8.5 MB | 2.9/3.6 MB[0m
2026.04.10 14:59:43 INFO  Progress (2): 4.8/8.5 MB | 2.9/3.6 MB[0m
2026.04.10 14:59:43 INFO  Progress (2): 4.8/8.5 MB | 2.9/3.6 MB[0m
2026.04.10 14:59:43 INFO  Progress (2): 4.8/8.5 MB | 2.9/3.6 MB[0m
2026.04.10 14:59:43 INFO  Progress (2): 4.8/8.5 MB | 2.9/3.6 MB[0m
2026.04.10 14:59:43 INFO  Progress (2): 4.8/8.5 MB | 2.9/3.6 MB[0m
2026.04.10 14:59:43 INFO  Progress (2): 4.8/8.5 MB | 2.9/3.6 MB[0m
2026.04.10 14:59:43 INFO  Progress (2): 4.8/8.5 MB | 3.0/3.6 MB[0m
2026.04.10 14:59:43 INFO  Progress (2): 4.8/8.5 MB | 3.0/3.6 MB[0m
2026.04.10 14:59:43 INFO  Progress (2): 4.8/8.5 MB | 3.0/3.6 MB[0m
2026.04.10 14:59:43 INFO  Progress (2): 4.8/8.5 MB | 3.0/3.6 MB[0m
2026.04.10 14:59:43 INFO  Progress (2): 4.8/8.5 MB | 3.0/3.6 MB[0m
2026.04.10 14:59:43 INFO  Progress (2): 4.8/8.5 MB | 3.0/3.6 MB[0m
2026.04.10 14:59:43 INFO  Progress (2): 4.8/8.5 MB | 3.1/3.6 MB[0m
2026.04.10 14:59:43 INFO  Progress (2): 4.8/8.5 MB | 3.1/3.6 MB[0m
2026.04.10 14:59:43 INFO  Progress (2): 4.8/8.5 MB | 3.1/3.6 MB[0m
2026.04.10 14:59:43 INFO  Progress (2): 4.8/8.5 MB | 3.1/3.6 MB[0m
2026.04.10 14:59:43 INFO  Progress (2): 4.8/8.5 MB | 3.1/3.6 MB[0m
2026.04.10 14:59:43 INFO  Progress (2): 4.8/8.5 MB | 3.1/3.6 MB[0m
2026.04.10 14:59:43 INFO  Progress (2): 4.8/8.5 MB | 3.2/3.6 MB[0m
2026.04.10 14:59:43 INFO  Progress (2): 4.8/8.5 MB | 3.2/3.6 MB[0m
2026.04.10 14:59:43 INFO  Progress (2): 4.8/8.5 MB | 3.2/3.6 MB[0m
2026.04.10 14:59:43 INFO  Progress (2): 4.8/8.5 MB | 3.2/3.6 MB[0m
2026.04.10 14:59:43 INFO  Progress (2): 4.8/8.5 MB | 3.2/3.6 MB[0m
2026.04.10 14:59:43 INFO  Progress (2): 4.8/8.5 MB | 3.2/3.6 MB[0m
2026.04.10 14:59:43 INFO  Progress (2): 4.8/8.5 MB | 3.3/3.6 MB[0m
2026.04.10 14:59:43 INFO  Progress (2): 4.8/8.5 MB | 3.3/3.6 MB[0m
2026.04.10 14:59:43 INFO  Progress (2): 4.8/8.5 MB | 3.3/3.6 MB[0m
2026.04.10 14:59:43 INFO  Progress (2): 4.8/8.5 MB | 3.3/3.6 MB[0m
2026.04.10 14:59:43 INFO  Progress (2): 4.8/8.5 MB | 3.3/3.6 MB[0m
2026.04.10 14:59:43 INFO  Progress (2): 4.8/8.5 MB | 3.3/3.6 MB[0m
2026.04.10 14:59:43 INFO  Progress (2): 4.8/8.5 MB | 3.4/3.6 MB[0m
2026.04.10 14:59:43 INFO  Progress (2): 4.8/8.5 MB | 3.4/3.6 MB[0m
2026.04.10 14:59:43 INFO  Progress (2): 4.8/8.5 MB | 3.4/3.6 MB[0m
2026.04.10 14:59:43 INFO  Progress (2): 4.8/8.5 MB | 3.4/3.6 MB[0m
2026.04.10 14:59:43 INFO  Progress (2): 4.8/8.5 MB | 3.4/3.6 MB[0m
2026.04.10 14:59:43 INFO  Progress (2): 4.8/8.5 MB | 3.4/3.6 MB[0m
2026.04.10 14:59:43 INFO  Progress (2): 4.8/8.5 MB | 3.5/3.6 MB[0m
2026.04.10 14:59:43 INFO  Progress (2): 4.8/8.5 MB | 3.5/3.6 MB[0m
2026.04.10 14:59:43 INFO  Progress (2): 4.8/8.5 MB | 3.5/3.6 MB[0m
2026.04.10 14:59:43 INFO  Progress (2): 4.8/8.5 MB | 3.5/3.6 MB[0m
2026.04.10 14:59:43 INFO  Progress (2): 4.8/8.5 MB | 3.5/3.6 MB[0m
2026.04.10 14:59:43 INFO  Progress (2): 4.8/8.5 MB | 3.5/3.6 MB[0m
2026.04.10 14:59:43 INFO  Progress (2): 4.8/8.5 MB | 3.6/3.6 MB[0m
2026.04.10 14:59:43 INFO  Progress (2): 4.8/8.5 MB | 3.6/3.6 MB[0m
2026.04.10 14:59:43 INFO  Progress (2): 4.8/8.5 MB | 3.6/3.6 MB[0m
2026.04.10 14:59:43 INFO  Progress (2): 4.8/8.5 MB | 3.6 MB    [0m
2026.04.10 14:59:43 INFO                                   [0m
2026.04.10 14:59:43 INFO  Downloaded from central: https://repo.maven.apache.org/maven2/org/apache/tomcat/embed/tomcat-embed-core/10.1.34/tomcat-embed-core-10.1.34.jar (3.6 MB at 1.7 MB/s)[0m
2026.04.10 14:59:43 INFO  Progress (1): 4.8/8.5 MB[0m
2026.04.10 14:59:43 INFO  Progress (1): 4.8/8.5 MB[0m
2026.04.10 14:59:43 INFO  Progress (1): 4.8/8.5 MB[0m
2026.04.10 14:59:43 INFO  Progress (1): 4.8/8.5 MB[0m
2026.04.10 14:59:43 INFO  Progress (1): 4.8/8.5 MB[0m
2026.04.10 14:59:43 INFO  Progress (1): 4.8/8.5 MB[0m
2026.04.10 14:59:43 INFO  Progress (1): 4.9/8.5 MB[0m
2026.04.10 14:59:43 INFO  Progress (1): 4.9/8.5 MB[0m
2026.04.10 14:59:43 INFO  Progress (1): 4.9/8.5 MB[0m
2026.04.10 14:59:43 INFO  Progress (1): 4.9/8.5 MB[0m
2026.04.10 14:59:43 INFO  Progress (1): 4.9/8.5 MB[0m
2026.04.10 14:59:43 INFO  Progress (1): 4.9/8.5 MB[0m
2026.04.10 14:59:43 INFO  Progress (1): 5.0/8.5 MB[0m
2026.04.10 14:59:43 INFO  Progress (1): 5.0/8.5 MB[0m
2026.04.10 14:59:43 INFO  Progress (1): 5.0/8.5 MB[0m
2026.04.10 14:59:43 INFO  Progress (1): 5.0/8.5 MB[0m
2026.04.10 14:59:43 INFO  Progress (1): 5.0/8.5 MB[0m
2026.04.10 14:59:43 INFO  Progress (1): 5.0/8.5 MB[0m
2026.04.10 14:59:43 INFO  Progress (1): 5.1/8.5 MB[0m
2026.04.10 14:59:43 INFO  Progress (1): 5.1/8.5 MB[0m
2026.04.10 14:59:43 INFO  Progress (1): 5.1/8.5 MB[0m
2026.04.10 14:59:43 INFO  Progress (1): 5.1/8.5 MB[0m
2026.04.10 14:59:43 INFO  Progress (1): 5.1/8.5 MB[0m
2026.04.10 14:59:43 INFO  Progress (1): 5.1/8.5 MB[0m
2026.04.10 14:59:43 INFO  Progress (1): 5.2/8.5 MB[0m
2026.04.10 14:59:43 INFO  Progress (1): 5.2/8.5 MB[0m
2026.04.10 14:59:43 INFO  Progress (1): 5.2/8.5 MB[0m
2026.04.10 14:59:43 INFO  Progress (1): 5.2/8.5 MB[0m
2026.04.10 14:59:43 INFO  Progress (1): 5.2/8.5 MB[0m
2026.04.10 14:59:43 INFO  Progress (1): 5.2/8.5 MB[0m
2026.04.10 14:59:43 INFO  Progress (1): 5.2/8.5 MB[0m
2026.04.10 14:59:43 INFO  Progress (1): 5.3/8.5 MB[0m
2026.04.10 14:59:43 INFO  Progress (1): 5.3/8.5 MB[0m
2026.04.10 14:59:43 INFO  Progress (1): 5.3/8.5 MB[0m
2026.04.10 14:59:43 INFO  Progress (1): 5.3/8.5 MB[0m
2026.04.10 14:59:43 INFO  Progress (1): 5.3/8.5 MB[0m
2026.04.10 14:59:43 INFO  Progress (1): 5.3/8.5 MB[0m
2026.04.10 14:59:43 INFO  Progress (1): 5.4/8.5 MB[0m
2026.04.10 14:59:43 INFO  Progress (1): 5.4/8.5 MB[0m
2026.04.10 14:59:43 INFO  Progress (1): 5.4/8.5 MB[0m
2026.04.10 14:59:43 INFO  Progress (1): 5.4/8.5 MB[0m
2026.04.10 14:59:43 INFO  Progress (1): 5.4/8.5 MB[0m
2026.04.10 14:59:43 INFO  Progress (1): 5.4/8.5 MB[0m
2026.04.10 14:59:43 INFO  Progress (1): 5.5/8.5 MB[0m
2026.04.10 14:59:43 INFO  Progress (1): 5.5/8.5 MB[0m
2026.04.10 14:59:43 INFO  Progress (1): 5.5/8.5 MB[0m
2026.04.10 14:59:43 INFO  Progress (1): 5.5/8.5 MB[0m
2026.04.10 14:59:43 INFO  Progress (1): 5.5/8.5 MB[0m
2026.04.10 14:59:43 INFO  Progress (1): 5.5/8.5 MB[0m
2026.04.10 14:59:43 INFO  Progress (1): 5.5/8.5 MB[0m
2026.04.10 14:59:43 INFO  Progress (1): 5.6/8.5 MB[0m
2026.04.10 14:59:43 INFO  Progress (1): 5.6/8.5 MB[0m
2026.04.10 14:59:43 INFO  Progress (1): 5.6/8.5 MB[0m
2026.04.10 14:59:43 INFO  Progress (1): 5.6/8.5 MB[0m
2026.04.10 14:59:43 INFO  Progress (1): 5.6/8.5 MB[0m
2026.04.10 14:59:43 INFO  Progress (1): 5.6/8.5 MB[0m
2026.04.10 14:59:43 INFO  Progress (1): 5.7/8.5 MB[0m
2026.04.10 14:59:43 INFO  Progress (1): 5.7/8.5 MB[0m
2026.04.10 14:59:43 INFO  Progress (1): 5.7/8.5 MB[0m
2026.04.10 14:59:43 INFO  Progress (1): 5.7/8.5 MB[0m
2026.04.10 14:59:43 INFO  Progress (1): 5.7/8.5 MB[0m
2026.04.10 14:59:43 INFO  Progress (1): 5.7/8.5 MB[0m
2026.04.10 14:59:43 INFO  Progress (1): 5.8/8.5 MB[0m
2026.04.10 14:59:43 INFO  Progress (1): 5.8/8.5 MB[0m
2026.04.10 14:59:43 INFO  Progress (1): 5.8/8.5 MB[0m
2026.04.10 14:59:43 INFO  Progress (1): 5.8/8.5 MB[0m
2026.04.10 14:59:43 INFO  Progress (1): 5.8/8.5 MB[0m
2026.04.10 14:59:43 INFO  Progress (1): 5.8/8.5 MB[0m
2026.04.10 14:59:43 INFO  Progress (1): 5.9/8.5 MB[0m
2026.04.10 14:59:43 INFO  Progress (1): 5.9/8.5 MB[0m
2026.04.10 14:59:43 INFO  Progress (1): 5.9/8.5 MB[0m
2026.04.10 14:59:43 INFO  Progress (1): 5.9/8.5 MB[0m
2026.04.10 14:59:43 INFO  Progress (1): 5.9/8.5 MB[0m
2026.04.10 14:59:43 INFO  Progress (1): 5.9/8.5 MB[0m
2026.04.10 14:59:43 INFO  Progress (1): 6.0/8.5 MB[0m
2026.04.10 14:59:43 INFO  Progress (1): 6.0/8.5 MB[0m
2026.04.10 14:59:43 INFO  Progress (1): 6.0/8.5 MB[0m
2026.04.10 14:59:43 INFO  Progress (1): 6.0/8.5 MB[0m
2026.04.10 14:59:43 INFO  Progress (1): 6.0/8.5 MB[0m
2026.04.10 14:59:43 INFO  Progress (1): 6.0/8.5 MB[0m
2026.04.10 14:59:43 INFO  Progress (1): 6.0/8.5 MB[0m
2026.04.10 14:59:43 INFO  Progress (1): 6.1/8.5 MB[0m
2026.04.10 14:59:43 INFO  Progress (1): 6.1/8.5 MB[0m
2026.04.10 14:59:43 INFO  Progress (1): 6.1/8.5 MB[0m
2026.04.10 14:59:43 INFO  Progress (1): 6.1/8.5 MB[0m
2026.04.10 14:59:43 INFO  Progress (1): 6.1/8.5 MB[0m
2026.04.10 14:59:43 INFO  Progress (1): 6.1/8.5 MB[0m
2026.04.10 14:59:43 INFO  Progress (1): 6.2/8.5 MB[0m
2026.04.10 14:59:43 INFO  Progress (1): 6.2/8.5 MB[0m
2026.04.10 14:59:43 INFO  Progress (1): 6.2/8.5 MB[0m
2026.04.10 14:59:43 INFO  Progress (1): 6.2/8.5 MB[0m
2026.04.10 14:59:43 INFO  Progress (1): 6.2/8.5 MB[0m
2026.04.10 14:59:43 INFO  Progress (1): 6.2/8.5 MB[0m
2026.04.10 14:59:43 INFO  Progress (1): 6.3/8.5 MB[0m
2026.04.10 14:59:43 INFO  Progress (1): 6.3/8.5 MB[0m
2026.04.10 14:59:44 INFO  Progress (1): 6.3/8.5 MB[0m
2026.04.10 14:59:44 INFO  Progress (1): 6.3/8.5 MB[0m
2026.04.10 14:59:44 INFO  Progress (1): 6.3/8.5 MB[0m
2026.04.10 14:59:44 INFO  Progress (1): 6.3/8.5 MB[0m
2026.04.10 14:59:44 INFO  Progress (1): 6.3/8.5 MB[0m
2026.04.10 14:59:44 INFO  Progress (1): 6.4/8.5 MB[0m
2026.04.10 14:59:44 INFO  Progress (1): 6.4/8.5 MB[0m
2026.04.10 14:59:44 INFO  Progress (1): 6.4/8.5 MB[0m
2026.04.10 14:59:44 INFO  Progress (1): 6.4/8.5 MB[0m
2026.04.10 14:59:44 INFO  Progress (1): 6.4/8.5 MB[0m
2026.04.10 14:59:44 INFO  Progress (1): 6.4/8.5 MB[0m
2026.04.10 14:59:44 INFO  Progress (1): 6.5/8.5 MB[0m
2026.04.10 14:59:44 INFO  Progress (1): 6.5/8.5 MB[0m
2026.04.10 14:59:44 INFO  Progress (1): 6.5/8.5 MB[0m
2026.04.10 14:59:44 INFO  Progress (1): 6.5/8.5 MB[0m
2026.04.10 14:59:44 INFO  Progress (1): 6.5/8.5 MB[0m
2026.04.10 14:59:44 INFO  Progress (1): 6.5/8.5 MB[0m
2026.04.10 14:59:44 INFO  Progress (1): 6.6/8.5 MB[0m
2026.04.10 14:59:44 INFO  Progress (1): 6.6/8.5 MB[0m
2026.04.10 14:59:44 INFO  Progress (1): 6.6/8.5 MB[0m
2026.04.10 14:59:44 INFO  Progress (1): 6.6/8.5 MB[0m
2026.04.10 14:59:44 INFO  Progress (1): 6.6/8.5 MB[0m
2026.04.10 14:59:44 INFO  Progress (1): 6.6/8.5 MB[0m
2026.04.10 14:59:44 INFO  Progress (1): 6.7/8.5 MB[0m
2026.04.10 14:59:44 INFO  Progress (1): 6.7/8.5 MB[0m
2026.04.10 14:59:44 INFO  Progress (1): 6.7/8.5 MB[0m
2026.04.10 14:59:44 INFO  Progress (1): 6.7/8.5 MB[0m
2026.04.10 14:59:44 INFO  Progress (1): 6.7/8.5 MB[0m
2026.04.10 14:59:44 INFO  Progress (1): 6.7/8.5 MB[0m
2026.04.10 14:59:44 INFO  Progress (1): 6.8/8.5 MB[0m
2026.04.10 14:59:44 INFO  Progress (1): 6.8/8.5 MB[0m
2026.04.10 14:59:44 INFO  Progress (1): 6.8/8.5 MB[0m
2026.04.10 14:59:44 INFO  Progress (1): 6.8/8.5 MB[0m
2026.04.10 14:59:44 INFO  Progress (1): 6.8/8.5 MB[0m
2026.04.10 14:59:44 INFO  Progress (1): 6.8/8.5 MB[0m
2026.04.10 14:59:44 INFO  Progress (1): 6.9/8.5 MB[0m
2026.04.10 14:59:44 INFO  Progress (1): 6.9/8.5 MB[0m
2026.04.10 14:59:44 INFO  Progress (1): 6.9/8.5 MB[0m
2026.04.10 14:59:44 INFO  Progress (1): 6.9/8.5 MB[0m
2026.04.10 14:59:44 INFO  Progress (1): 6.9/8.5 MB[0m
2026.04.10 14:59:44 INFO  Progress (1): 6.9/8.5 MB[0m
2026.04.10 14:59:44 INFO  Progress (1): 7.0/8.5 MB[0m
2026.04.10 14:59:44 INFO  Progress (1): 7.0/8.5 MB[0m
2026.04.10 14:59:44 INFO  Progress (1): 7.0/8.5 MB[0m
2026.04.10 14:59:44 INFO  Progress (1): 7.0/8.5 MB[0m
2026.04.10 14:59:44 INFO  Progress (1): 7.0/8.5 MB[0m
2026.04.10 14:59:44 INFO  Progress (1): 7.0/8.5 MB[0m
2026.04.10 14:59:44 INFO  Progress (1): 7.1/8.5 MB[0m
2026.04.10 14:59:44 INFO  Progress (1): 7.1/8.5 MB[0m
2026.04.10 14:59:44 INFO  Progress (1): 7.1/8.5 MB[0m
2026.04.10 14:59:44 INFO  Progress (1): 7.1/8.5 MB[0m
2026.04.10 14:59:44 INFO  Progress (1): 7.1/8.5 MB[0m
2026.04.10 14:59:44 INFO  Progress (1): 7.1/8.5 MB[0m
2026.04.10 14:59:44 INFO  Progress (1): 7.1/8.5 MB[0m
2026.04.10 14:59:44 INFO  Progress (1): 7.2/8.5 MB[0m
2026.04.10 14:59:44 INFO  Progress (1): 7.2/8.5 MB[0m
2026.04.10 14:59:44 INFO  Progress (1): 7.2/8.5 MB[0m
2026.04.10 14:59:44 INFO  Progress (1): 7.2/8.5 MB[0m
2026.04.10 14:59:44 INFO  Progress (1): 7.2/8.5 MB[0m
2026.04.10 14:59:44 INFO  Progress (1): 7.2/8.5 MB[0m
2026.04.10 14:59:44 INFO  Progress (1): 7.3/8.5 MB[0m
2026.04.10 14:59:44 INFO  Progress (1): 7.3/8.5 MB[0m
2026.04.10 14:59:44 INFO  Progress (1): 7.3/8.5 MB[0m
2026.04.10 14:59:44 INFO  Progress (1): 7.3/8.5 MB[0m
2026.04.10 14:59:44 INFO  Progress (1): 7.3/8.5 MB[0m
2026.04.10 14:59:44 INFO  Progress (1): 7.3/8.5 MB[0m
2026.04.10 14:59:44 INFO  Progress (1): 7.3/8.5 MB[0m
2026.04.10 14:59:44 INFO  Progress (1): 7.4/8.5 MB[0m
2026.04.10 14:59:44 INFO  Progress (1): 7.4/8.5 MB[0m
2026.04.10 14:59:44 INFO  Progress (1): 7.4/8.5 MB[0m
2026.04.10 14:59:44 INFO  Progress (1): 7.4/8.5 MB[0m
2026.04.10 14:59:44 INFO  Progress (1): 7.4/8.5 MB[0m
2026.04.10 14:59:44 INFO  Progress (1): 7.4/8.5 MB[0m
2026.04.10 14:59:44 INFO  Progress (1): 7.5/8.5 MB[0m
2026.04.10 14:59:44 INFO  Progress (1): 7.5/8.5 MB[0m
2026.04.10 14:59:44 INFO  Progress (1): 7.5/8.5 MB[0m
2026.04.10 14:59:44 INFO  Progress (1): 7.5/8.5 MB[0m
2026.04.10 14:59:44 INFO  Progress (1): 7.5/8.5 MB[0m
2026.04.10 14:59:44 INFO  Progress (1): 7.5/8.5 MB[0m
2026.04.10 14:59:44 INFO  Progress (1): 7.6/8.5 MB[0m
2026.04.10 14:59:44 INFO  Progress (1): 7.6/8.5 MB[0m
2026.04.10 14:59:44 INFO  Progress (1): 7.6/8.5 MB[0m
2026.04.10 14:59:44 INFO  Progress (1): 7.6/8.5 MB[0m
2026.04.10 14:59:44 INFO  Progress (1): 7.6/8.5 MB[0m
2026.04.10 14:59:44 INFO  Progress (1): 7.6/8.5 MB[0m
2026.04.10 14:59:44 INFO  Progress (1): 7.6/8.5 MB[0m
2026.04.10 14:59:44 INFO  Progress (1): 7.7/8.5 MB[0m
2026.04.10 14:59:44 INFO  Progress (1): 7.7/8.5 MB[0m
2026.04.10 14:59:44 INFO  Progress (1): 7.7/8.5 MB[0m
2026.04.10 14:59:44 INFO  Progress (1): 7.7/8.5 MB[0m
2026.04.10 14:59:44 INFO  Progress (1): 7.7/8.5 MB[0m
2026.04.10 14:59:44 INFO  Progress (1): 7.7/8.5 MB[0m
2026.04.10 14:59:44 INFO  Progress (1): 7.8/8.5 MB[0m
2026.04.10 14:59:44 INFO  Progress (1): 7.8/8.5 MB[0m
2026.04.10 14:59:44 INFO  Progress (1): 7.8/8.5 MB[0m
2026.04.10 14:59:44 INFO  Progress (1): 7.8/8.5 MB[0m
2026.04.10 14:59:44 INFO  Progress (1): 7.8/8.5 MB[0m
2026.04.10 14:59:44 INFO  Progress (1): 7.8/8.5 MB[0m
2026.04.10 14:59:44 INFO  Progress (1): 7.9/8.5 MB[0m
2026.04.10 14:59:44 INFO  Progress (1): 7.9/8.5 MB[0m
2026.04.10 14:59:44 INFO  Progress (1): 7.9/8.5 MB[0m
2026.04.10 14:59:44 INFO  Progress (1): 7.9/8.5 MB[0m
2026.04.10 14:59:44 INFO  Progress (1): 7.9/8.5 MB[0m
2026.04.10 14:59:44 INFO  Progress (1): 7.9/8.5 MB[0m
2026.04.10 14:59:44 INFO  Progress (1): 8.0/8.5 MB[0m
2026.04.10 14:59:44 INFO  Progress (1): 8.0/8.5 MB[0m
2026.04.10 14:59:44 INFO  Progress (1): 8.0/8.5 MB[0m
2026.04.10 14:59:44 INFO  Progress (1): 8.0/8.5 MB[0m
2026.04.10 14:59:44 INFO  Progress (1): 8.0/8.5 MB[0m
2026.04.10 14:59:44 INFO  Progress (1): 8.0/8.5 MB[0m
2026.04.10 14:59:44 INFO  Progress (1): 8.1/8.5 MB[0m
2026.04.10 14:59:44 INFO  Progress (1): 8.1/8.5 MB[0m
2026.04.10 14:59:44 INFO  Progress (1): 8.1/8.5 MB[0m
2026.04.10 14:59:44 INFO  Progress (1): 8.1/8.5 MB[0m
2026.04.10 14:59:44 INFO  Progress (1): 8.1/8.5 MB[0m
2026.04.10 14:59:44 INFO  Progress (1): 8.1/8.5 MB[0m
2026.04.10 14:59:44 INFO  Progress (1): 8.2/8.5 MB[0m
2026.04.10 14:59:44 INFO  Progress (1): 8.2/8.5 MB[0m
2026.04.10 14:59:44 INFO  Progress (1): 8.2/8.5 MB[0m
2026.04.10 14:59:44 INFO  Progress (1): 8.2/8.5 MB[0m
2026.04.10 14:59:44 INFO  Progress (1): 8.2/8.5 MB[0m
2026.04.10 14:59:44 INFO  Progress (1): 8.2/8.5 MB[0m
2026.04.10 14:59:44 INFO  Progress (1): 8.2/8.5 MB[0m
2026.04.10 14:59:44 INFO  Progress (1): 8.3/8.5 MB[0m
2026.04.10 14:59:44 INFO  Progress (1): 8.3/8.5 MB[0m
2026.04.10 14:59:44 INFO  Progress (1): 8.3/8.5 MB[0m
2026.04.10 14:59:44 INFO  Progress (1): 8.3/8.5 MB[0m
2026.04.10 14:59:44 INFO  Progress (1): 8.3/8.5 MB[0m
2026.04.10 14:59:44 INFO  Progress (1): 8.3/8.5 MB[0m
2026.04.10 14:59:44 INFO  Progress (1): 8.4/8.5 MB[0m
2026.04.10 14:59:44 INFO  Progress (1): 8.4/8.5 MB[0m
2026.04.10 14:59:44 INFO  Progress (1): 8.4/8.5 MB[0m
2026.04.10 14:59:44 INFO  Progress (1): 8.4/8.5 MB[0m
2026.04.10 14:59:44 INFO  Progress (1): 8.4/8.5 MB[0m
2026.04.10 14:59:44 INFO  Progress (1): 8.4/8.5 MB[0m
2026.04.10 14:59:44 INFO  Progress (1): 8.5/8.5 MB[0m
2026.04.10 14:59:44 INFO  Progress (1): 8.5/8.5 MB[0m
2026.04.10 14:59:44 INFO  Progress (1): 8.5 MB    [0m
2026.04.10 14:59:44 INFO                      [0m
2026.04.10 14:59:44 INFO  Downloaded from central: https://repo.maven.apache.org/maven2/net/bytebuddy/byte-buddy/1.15.11/byte-buddy-1.15.11.jar (8.5 MB at 3.2 MB/s)[0m
2026.04.10 14:59:44 INFO  [INFO] [0m
2026.04.10 14:59:44 INFO  [INFO] --- jacoco:0.8.12:prepare-agent (default) @ simple-api ---[0m
2026.04.10 14:59:44 INFO  Downloading from central: https://repo.maven.apache.org/maven2/org/jacoco/org.jacoco.agent/0.8.12/org.jacoco.agent-0.8.12.pom[0m
2026.04.10 14:59:44 INFO  Progress (1): 884 B[0m
2026.04.10 14:59:44 INFO  Progress (1): 3.5 kB[0m
2026.04.10 14:59:44 INFO  Progress (1): 3.5 kB[0m
2026.04.10 14:59:44 INFO                      [0m
2026.04.10 14:59:44 INFO  Downloaded from central: https://repo.maven.apache.org/maven2/org/jacoco/org.jacoco.agent/0.8.12/org.jacoco.agent-0.8.12.pom (3.5 kB at 121 kB/s)[0m
2026.04.10 14:59:44 INFO  Downloading from central: https://repo.maven.apache.org/maven2/org/jacoco/org.jacoco.core/0.8.12/org.jacoco.core-0.8.12.pom[0m
2026.04.10 14:59:44 INFO  Progress (1): 895 B[0m
2026.04.10 14:59:44 INFO  Progress (1): 2.1 kB[0m
2026.04.10 14:59:44 INFO                      [0m
2026.04.10 14:59:44 INFO  Downloaded from central: https://repo.maven.apache.org/maven2/org/jacoco/org.jacoco.core/0.8.12/org.jacoco.core-0.8.12.pom (2.1 kB at 77 kB/s)[0m
2026.04.10 14:59:44 INFO  Downloading from central: https://repo.maven.apache.org/maven2/org/jacoco/org.jacoco.report/0.8.12/org.jacoco.report-0.8.12.pom[0m
2026.04.10 14:59:44 INFO  Progress (1): 899 B[0m
2026.04.10 14:59:44 INFO  Progress (1): 1.9 kB[0m
2026.04.10 14:59:44 INFO                      [0m
2026.04.10 14:59:44 INFO  Downloaded from central: https://repo.maven.apache.org/maven2/org/jacoco/org.jacoco.report/0.8.12/org.jacoco.report-0.8.12.pom (1.9 kB at 70 kB/s)[0m
2026.04.10 14:59:44 INFO  Downloading from central: https://repo.maven.apache.org/maven2/org/jacoco/org.jacoco.agent/0.8.12/org.jacoco.agent-0.8.12-runtime.jar[0m
2026.04.10 14:59:44 INFO  Progress (1): 7.7/302 kB[0m
2026.04.10 14:59:44 INFO  Progress (1): 16/302 kB [0m
2026.04.10 14:59:44 INFO  Progress (1): 32/302 kB[0m
2026.04.10 14:59:44 INFO  Progress (1): 49/302 kB[0m
2026.04.10 14:59:44 INFO  Progress (1): 65/302 kB[0m
2026.04.10 14:59:44 INFO  Progress (1): 81/302 kB[0m
2026.04.10 14:59:44 INFO  Progress (1): 98/302 kB[0m
2026.04.10 14:59:44 INFO  Progress (1): 114/302 kB[0m
2026.04.10 14:59:44 INFO  Progress (1): 131/302 kB[0m
2026.04.10 14:59:44 INFO  Progress (1): 147/302 kB[0m
2026.04.10 14:59:44 INFO  Progress (1): 163/302 kB[0m
2026.04.10 14:59:44 INFO  Progress (1): 180/302 kB[0m
2026.04.10 14:59:44 INFO  Progress (1): 196/302 kB[0m
2026.04.10 14:59:44 INFO  Progress (1): 213/302 kB[0m
2026.04.10 14:59:44 INFO  Progress (1): 229/302 kB[0m
2026.04.10 14:59:44 INFO  Progress (1): 245/302 kB[0m
2026.04.10 14:59:44 INFO  Progress (1): 262/302 kB[0m
2026.04.10 14:59:44 INFO  Progress (1): 278/302 kB[0m
2026.04.10 14:59:44 INFO  Progress (1): 294/302 kB[0m
2026.04.10 14:59:44 INFO  Progress (1): 302 kB    [0m
2026.04.10 14:59:44 INFO                      [0m
2026.04.10 14:59:44 INFO  Downloaded from central: https://repo.maven.apache.org/maven2/org/jacoco/org.jacoco.agent/0.8.12/org.jacoco.agent-0.8.12-runtime.jar (302 kB at 6.0 MB/s)[0m
2026.04.10 14:59:44 INFO  Downloading from central: https://repo.maven.apache.org/maven2/org/jacoco/org.jacoco.core/0.8.12/org.jacoco.core-0.8.12.jar[0m
2026.04.10 14:59:44 INFO  Downloading from central: https://repo.maven.apache.org/maven2/org/jacoco/org.jacoco.report/0.8.12/org.jacoco.report-0.8.12.jar[0m
2026.04.10 14:59:44 INFO  Progress (1): 7.7/210 kB[0m
2026.04.10 14:59:44 INFO  Progress (1): 16/210 kB [0m
2026.04.10 14:59:44 INFO  Progress (1): 32/210 kB[0m
2026.04.10 14:59:44 INFO  Progress (1): 48/210 kB[0m
2026.04.10 14:59:44 INFO  Progress (2): 48/210 kB | 7.7/131 kB[0m
2026.04.10 14:59:44 INFO  Progress (2): 48/210 kB | 16/131 kB [0m
2026.04.10 14:59:44 INFO  Progress (2): 48/210 kB | 32/131 kB[0m
2026.04.10 14:59:44 INFO  Progress (2): 48/210 kB | 48/131 kB[0m
2026.04.10 14:59:44 INFO  Progress (2): 48/210 kB | 65/131 kB[0m
2026.04.10 14:59:44 INFO  Progress (2): 65/210 kB | 65/131 kB[0m
2026.04.10 14:59:44 INFO  Progress (2): 65/210 kB | 81/131 kB[0m
2026.04.10 14:59:44 INFO  Progress (2): 81/210 kB | 81/131 kB[0m
2026.04.10 14:59:44 INFO  Progress (2): 81/210 kB | 98/131 kB[0m
2026.04.10 14:59:44 INFO  Progress (2): 98/210 kB | 98/131 kB[0m
2026.04.10 14:59:44 INFO  Progress (2): 98/210 kB | 114/131 kB[0m
2026.04.10 14:59:44 INFO  Progress (2): 98/210 kB | 130/131 kB[0m
2026.04.10 14:59:44 INFO  Progress (2): 98/210 kB | 131 kB    [0m
2026.04.10 14:59:44 INFO                                  [0m
2026.04.10 14:59:44 INFO  Downloaded from central: https://repo.maven.apache.org/maven2/org/jacoco/org.jacoco.report/0.8.12/org.jacoco.report-0.8.12.jar (131 kB at 4.0 MB/s)[0m
2026.04.10 14:59:44 INFO  Progress (1): 114/210 kB[0m
2026.04.10 14:59:44 INFO  Progress (1): 130/210 kB[0m
2026.04.10 14:59:44 INFO  Progress (1): 147/210 kB[0m
2026.04.10 14:59:44 INFO  Progress (1): 163/210 kB[0m
2026.04.10 14:59:44 INFO  Progress (1): 179/210 kB[0m
2026.04.10 14:59:44 INFO  Progress (1): 196/210 kB[0m
2026.04.10 14:59:44 INFO  Progress (1): 210 kB    [0m
2026.04.10 14:59:44 INFO                      [0m
2026.04.10 14:59:44 INFO  Downloaded from central: https://repo.maven.apache.org/maven2/org/jacoco/org.jacoco.core/0.8.12/org.jacoco.core-0.8.12.jar (210 kB at 4.6 MB/s)[0m
2026.04.10 14:59:44 INFO  [INFO] argLine set to -javaagent:/Users/aymanatic/.m2/repository/org/jacoco/org.jacoco.agent/0.8.12/org.jacoco.agent-0.8.12-runtime.jar=destfile=/Users/aymanatic/Documents/Ing2/s8/devops/TP1/simple-api-student-main/target/jacoco.exec,append=true[0m
2026.04.10 14:59:44 INFO  [INFO] [0m
2026.04.10 14:59:44 INFO  [INFO] --- bloop:2.0.3:bloopInstall (default-cli) @ simple-api ---[0m
2026.04.10 14:59:44 INFO  Downloading from central: https://repo.maven.apache.org/maven2/ch/epfl/scala/bloop-config_2.13/2.3.3/bloop-config_2.13-2.3.3.pom[0m
2026.04.10 14:59:44 INFO  Progress (1): 1.4 kB[0m
2026.04.10 14:59:44 INFO  Progress (1): 2.3 kB[0m
2026.04.10 14:59:44 INFO                      [0m
2026.04.10 14:59:44 INFO  Downloaded from central: https://repo.maven.apache.org/maven2/ch/epfl/scala/bloop-config_2.13/2.3.3/bloop-config_2.13-2.3.3.pom (2.3 kB at 100 kB/s)[0m
2026.04.10 14:59:44 INFO  Downloading from central: https://repo.maven.apache.org/maven2/com/github/plokhotnyuk/jsoniter-scala/jsoniter-scala-core_2.13/2.13.5.2/jsoniter-scala-core_2.13-2.13.5.2.pom[0m
2026.04.10 14:59:44 INFO  Progress (1): 1.4 kB[0m
2026.04.10 14:59:44 INFO  Progress (1): 2.4 kB[0m
2026.04.10 14:59:44 INFO                      [0m
2026.04.10 14:59:44 INFO  Downloaded from central: https://repo.maven.apache.org/maven2/com/github/plokhotnyuk/jsoniter-scala/jsoniter-scala-core_2.13/2.13.5.2/jsoniter-scala-core_2.13-2.13.5.2.pom (2.4 kB at 102 kB/s)[0m
2026.04.10 14:59:44 INFO  Downloading from central: https://repo.maven.apache.org/maven2/org/scala-lang/scala-library/2.13.16/scala-library-2.13.16.pom[0m
2026.04.10 14:59:44 INFO  Progress (1): 1.1 kB[0m
2026.04.10 14:59:44 INFO  Progress (1): 1.6 kB[0m
2026.04.10 14:59:44 INFO                      [0m
2026.04.10 14:59:44 INFO  Downloaded from central: https://repo.maven.apache.org/maven2/org/scala-lang/scala-library/2.13.16/scala-library-2.13.16.pom (1.6 kB at 76 kB/s)[0m
2026.04.10 14:59:44 INFO  Downloading from central: https://repo.maven.apache.org/maven2/ch/epfl/scala/bloop-config_2.13/2.3.3/bloop-config_2.13-2.3.3.jar[0m
2026.04.10 14:59:44 INFO  Progress (1): 7.7/288 kB[0m
2026.04.10 14:59:44 INFO  Progress (1): 8.2/288 kB[0m
2026.04.10 14:59:44 INFO  Progress (1): 25/288 kB [0m
2026.04.10 14:59:44 INFO  Progress (1): 41/288 kB[0m
2026.04.10 14:59:44 INFO  Progress (1): 57/288 kB[0m
2026.04.10 14:59:44 INFO  Progress (1): 66/288 kB[0m
2026.04.10 14:59:44 INFO  Progress (1): 82/288 kB[0m
2026.04.10 14:59:44 INFO  Progress (1): 98/288 kB[0m
2026.04.10 14:59:44 INFO  Progress (1): 115/288 kB[0m
2026.04.10 14:59:44 INFO  Progress (1): 131/288 kB[0m
2026.04.10 14:59:44 INFO  Progress (1): 147/288 kB[0m
2026.04.10 14:59:44 INFO  Progress (1): 164/288 kB[0m
2026.04.10 14:59:44 INFO  Progress (1): 180/288 kB[0m
2026.04.10 14:59:44 INFO  Progress (1): 197/288 kB[0m
2026.04.10 14:59:44 INFO  Progress (1): 213/288 kB[0m
2026.04.10 14:59:44 INFO  Progress (1): 229/288 kB[0m
2026.04.10 14:59:44 INFO  Progress (1): 246/288 kB[0m
2026.04.10 14:59:44 INFO  Progress (1): 262/288 kB[0m
2026.04.10 14:59:44 INFO  Progress (1): 279/288 kB[0m
2026.04.10 14:59:44 INFO  Progress (1): 288 kB    [0m
2026.04.10 14:59:44 INFO                      [0m
2026.04.10 14:59:44 INFO  Downloaded from central: https://repo.maven.apache.org/maven2/ch/epfl/scala/bloop-config_2.13/2.3.3/bloop-config_2.13-2.3.3.jar (288 kB at 6.3 MB/s)[0m
2026.04.10 14:59:44 INFO  Downloading from central: https://repo.maven.apache.org/maven2/com/github/plokhotnyuk/jsoniter-scala/jsoniter-scala-core_2.13/2.13.5.2/jsoniter-scala-core_2.13-2.13.5.2.jar[0m
2026.04.10 14:59:44 INFO  Progress (1): 7.7/176 kB[0m
2026.04.10 14:59:44 INFO  Progress (1): 16/176 kB [0m
2026.04.10 14:59:44 INFO  Progress (1): 29/176 kB[0m
2026.04.10 14:59:44 INFO  Progress (1): 45/176 kB[0m
2026.04.10 14:59:44 INFO  Progress (1): 61/176 kB[0m
2026.04.10 14:59:44 INFO  Progress (1): 66/176 kB[0m
2026.04.10 14:59:44 INFO  Progress (1): 82/176 kB[0m
2026.04.10 14:59:44 INFO  Progress (1): 98/176 kB[0m
2026.04.10 14:59:44 INFO  Progress (1): 115/176 kB[0m
2026.04.10 14:59:44 INFO  Progress (1): 131/176 kB[0m
2026.04.10 14:59:44 INFO  Progress (1): 147/176 kB[0m
2026.04.10 14:59:44 INFO  Progress (1): 164/176 kB[0m
2026.04.10 14:59:44 INFO  Progress (1): 176 kB    [0m
2026.04.10 14:59:44 INFO                      [0m
2026.04.10 14:59:44 INFO  Downloaded from central: https://repo.maven.apache.org/maven2/com/github/plokhotnyuk/jsoniter-scala/jsoniter-scala-core_2.13/2.13.5.2/jsoniter-scala-core_2.13-2.13.5.2.jar (176 kB at 5.2 MB/s)[0m
2026.04.10 14:59:44 INFO  [ERROR] org.scala-lang:scala([0-9]?)-library is missing from project dependencies[0m
2026.04.10 14:59:44 INFO  [ERROR] org.scala-lang:scala([0-9]?)-library is missing from project dependencies[0m
2026.04.10 14:59:44 INFO  [INFO] Resolving artifact: com.fasterxml.jackson.core:jackson-databind:jar:2.18.2:compile (sources = false)[0m
2026.04.10 14:59:44 INFO  [INFO] SUCCESS: com.fasterxml.jackson.core:jackson-databind:jar:2.18.2:compile (sources = false)[0m
2026.04.10 14:59:44 INFO  [INFO] Resolving artifact: com.fasterxml.jackson.core:jackson-databind:jar:2.18.2:compile (sources = true)[0m
2026.04.10 14:59:44 INFO  Downloading from central: https://repo.maven.apache.org/maven2/com/fasterxml/jackson/core/jackson-databind/2.18.2/jackson-databind-2.18.2-sources.jar[0m
2026.04.10 14:59:44 INFO  Progress (1): 0/1.2 MB[0m
2026.04.10 14:59:44 INFO  Progress (1): 0/1.2 MB[0m
2026.04.10 14:59:44 INFO  Progress (1): 0/1.2 MB[0m
2026.04.10 14:59:44 INFO  Progress (1): 0/1.2 MB[0m
2026.04.10 14:59:44 INFO  Progress (1): 0.1/1.2 MB[0m
2026.04.10 14:59:44 INFO  Progress (1): 0.1/1.2 MB[0m
2026.04.10 14:59:44 INFO  Progress (1): 0.1/1.2 MB[0m
2026.04.10 14:59:44 INFO  Progress (1): 0.1/1.2 MB[0m
2026.04.10 14:59:44 INFO  Progress (1): 0.1/1.2 MB[0m
2026.04.10 14:59:44 INFO  Progress (1): 0.1/1.2 MB[0m
2026.04.10 14:59:44 INFO  Progress (1): 0.2/1.2 MB[0m
2026.04.10 14:59:44 INFO  Progress (1): 0.2/1.2 MB[0m
2026.04.10 14:59:44 INFO  Progress (1): 0.2/1.2 MB[0m
2026.04.10 14:59:44 INFO  Progress (1): 0.2/1.2 MB[0m
2026.04.10 14:59:44 INFO  Progress (1): 0.2/1.2 MB[0m
2026.04.10 14:59:44 INFO  Progress (1): 0.2/1.2 MB[0m
2026.04.10 14:59:44 INFO  Progress (1): 0.3/1.2 MB[0m
2026.04.10 14:59:44 INFO  Progress (1): 0.3/1.2 MB[0m
2026.04.10 14:59:44 INFO  Progress (1): 0.3/1.2 MB[0m
2026.04.10 14:59:44 INFO  Progress (1): 0.3/1.2 MB[0m
2026.04.10 14:59:44 INFO  Progress (1): 0.3/1.2 MB[0m
2026.04.10 14:59:44 INFO  Progress (1): 0.3/1.2 MB[0m
2026.04.10 14:59:44 INFO  Progress (1): 0.4/1.2 MB[0m
2026.04.10 14:59:44 INFO  Progress (1): 0.4/1.2 MB[0m
2026.04.10 14:59:44 INFO  Progress (1): 0.4/1.2 MB[0m
2026.04.10 14:59:44 INFO  Progress (1): 0.4/1.2 MB[0m
2026.04.10 14:59:44 INFO  Progress (1): 0.4/1.2 MB[0m
2026.04.10 14:59:44 INFO  Progress (1): 0.4/1.2 MB[0m
2026.04.10 14:59:44 INFO  Progress (1): 0.5/1.2 MB[0m
2026.04.10 14:59:44 INFO  Progress (1): 0.5/1.2 MB[0m
2026.04.10 14:59:44 INFO  Progress (1): 0.5/1.2 MB[0m
2026.04.10 14:59:44 INFO  Progress (1): 0.5/1.2 MB[0m
2026.04.10 14:59:44 INFO  Progress (1): 0.5/1.2 MB[0m
2026.04.10 14:59:44 INFO  Progress (1): 0.5/1.2 MB[0m
2026.04.10 14:59:44 INFO  Progress (1): 0.6/1.2 MB[0m
2026.04.10 14:59:44 INFO  Progress (1): 0.6/1.2 MB[0m
2026.04.10 14:59:44 INFO  Progress (1): 0.6/1.2 MB[0m
2026.04.10 14:59:44 INFO  Progress (1): 0.6/1.2 MB[0m
2026.04.10 14:59:44 INFO  Progress (1): 0.6/1.2 MB[0m
2026.04.10 14:59:44 INFO  Progress (1): 0.6/1.2 MB[0m
2026.04.10 14:59:44 INFO  Progress (1): 0.6/1.2 MB[0m
2026.04.10 14:59:44 INFO  Progress (1): 0.7/1.2 MB[0m
2026.04.10 14:59:44 INFO  Progress (1): 0.7/1.2 MB[0m
2026.04.10 14:59:44 INFO  Progress (1): 0.7/1.2 MB[0m
2026.04.10 14:59:44 INFO  Progress (1): 0.7/1.2 MB[0m
2026.04.10 14:59:44 INFO  Progress (1): 0.7/1.2 MB[0m
2026.04.10 14:59:44 INFO  Progress (1): 0.7/1.2 MB[0m
2026.04.10 14:59:44 INFO  Progress (1): 0.8/1.2 MB[0m
2026.04.10 14:59:44 INFO  Progress (1): 0.8/1.2 MB[0m
2026.04.10 14:59:44 INFO  Progress (1): 0.8/1.2 MB[0m
2026.04.10 14:59:44 INFO  Progress (1): 0.8/1.2 MB[0m
2026.04.10 14:59:44 INFO  Progress (1): 0.8/1.2 MB[0m
2026.04.10 14:59:44 INFO  Progress (1): 0.8/1.2 MB[0m
2026.04.10 14:59:44 INFO  Progress (1): 0.9/1.2 MB[0m
2026.04.10 14:59:44 INFO  Progress (1): 0.9/1.2 MB[0m
2026.04.10 14:59:44 INFO  Progress (1): 0.9/1.2 MB[0m
2026.04.10 14:59:44 INFO  Progress (1): 0.9/1.2 MB[0m
2026.04.10 14:59:44 INFO  Progress (1): 0.9/1.2 MB[0m
2026.04.10 14:59:44 INFO  Progress (1): 0.9/1.2 MB[0m
2026.04.10 14:59:44 INFO  Progress (1): 1.0/1.2 MB[0m
2026.04.10 14:59:44 INFO  Progress (1): 1.0/1.2 MB[0m
2026.04.10 14:59:44 INFO  Progress (1): 1.0/1.2 MB[0m
2026.04.10 14:59:44 INFO  Progress (1): 1.0/1.2 MB[0m
2026.04.10 14:59:44 INFO  Progress (1): 1.0/1.2 MB[0m
2026.04.10 14:59:44 INFO  Progress (1): 1.0/1.2 MB[0m
2026.04.10 14:59:44 INFO  Progress (1): 1.0/1.2 MB[0m
2026.04.10 14:59:44 INFO  Progress (1): 1.1/1.2 MB[0m
2026.04.10 14:59:44 INFO  Progress (1): 1.1/1.2 MB[0m
2026.04.10 14:59:44 INFO  Progress (1): 1.1/1.2 MB[0m
2026.04.10 14:59:44 INFO  Progress (1): 1.1/1.2 MB[0m
2026.04.10 14:59:44 INFO  Progress (1): 1.1/1.2 MB[0m
2026.04.10 14:59:44 INFO  Progress (1): 1.1/1.2 MB[0m
2026.04.10 14:59:44 INFO  Progress (1): 1.2/1.2 MB[0m
2026.04.10 14:59:45 INFO  Progress (1): 1.2/1.2 MB[0m
2026.04.10 14:59:45 INFO  Progress (1): 1.2/1.2 MB[0m
2026.04.10 14:59:45 INFO  Progress (1): 1.2/1.2 MB[0m
2026.04.10 14:59:45 INFO  Progress (1): 1.2/1.2 MB[0m
2026.04.10 14:59:45 INFO  Progress (1): 1.2 MB    [0m
2026.04.10 14:59:45 INFO                      [0m
2026.04.10 14:59:45 INFO  Downloaded from central: https://repo.maven.apache.org/maven2/com/fasterxml/jackson/core/jackson-databind/2.18.2/jackson-databind-2.18.2-sources.jar (1.2 MB at 9.5 MB/s)[0m
2026.04.10 14:59:45 INFO  [INFO] SUCCESS: com.fasterxml.jackson.core:jackson-databind:jar:2.18.2:compile (sources = true)[0m
2026.04.10 14:59:45 INFO  [INFO] Resolving artifact: io.micrometer:micrometer-commons:jar:1.14.3:compile (sources = false)[0m
2026.04.10 14:59:45 INFO  [INFO] SUCCESS: io.micrometer:micrometer-commons:jar:1.14.3:compile (sources = false)[0m
2026.04.10 14:59:45 INFO  [INFO] Resolving artifact: io.micrometer:micrometer-commons:jar:1.14.3:compile (sources = true)[0m
2026.04.10 14:59:45 INFO  Downloading from central: https://repo.maven.apache.org/maven2/io/micrometer/micrometer-commons/1.14.3/micrometer-commons-1.14.3-sources.jar[0m
2026.04.10 14:59:45 INFO  Progress (1): 7.7/47 kB[0m
2026.04.10 14:59:45 INFO  Progress (1): 16/47 kB [0m
2026.04.10 14:59:45 INFO  Progress (1): 32/47 kB[0m
2026.04.10 14:59:45 INFO  Progress (1): 47 kB   [0m
2026.04.10 14:59:45 INFO                     [0m
2026.04.10 14:59:45 INFO  Downloaded from central: https://repo.maven.apache.org/maven2/io/micrometer/micrometer-commons/1.14.3/micrometer-commons-1.14.3-sources.jar (47 kB at 1.6 MB/s)[0m
2026.04.10 14:59:45 INFO  [INFO] SUCCESS: io.micrometer:micrometer-commons:jar:1.14.3:compile (sources = true)[0m
2026.04.10 14:59:45 INFO  [INFO] Resolving artifact: org.springframework:spring-core:jar:6.2.2:compile (sources = false)[0m
2026.04.10 14:59:45 INFO  [INFO] SUCCESS: org.springframework:spring-core:jar:6.2.2:compile (sources = false)[0m
2026.04.10 14:59:45 INFO  [INFO] Resolving artifact: org.springframework:spring-core:jar:6.2.2:compile (sources = true)[0m
2026.04.10 14:59:45 INFO  Downloading from central: https://repo.maven.apache.org/maven2/org/springframework/spring-core/6.2.2/spring-core-6.2.2-sources.jar[0m
2026.04.10 14:59:45 INFO  Progress (1): 0/1.5 MB[0m
2026.04.10 14:59:45 INFO  Progress (1): 0/1.5 MB[0m
2026.04.10 14:59:45 INFO  Progress (1): 0/1.5 MB[0m
2026.04.10 14:59:45 INFO  Progress (1): 0/1.5 MB[0m
2026.04.10 14:59:45 INFO  Progress (1): 0.1/1.5 MB[0m
2026.04.10 14:59:45 INFO  Progress (1): 0.1/1.5 MB[0m
2026.04.10 14:59:45 INFO  Progress (1): 0.1/1.5 MB[0m
2026.04.10 14:59:45 INFO  Progress (1): 0.1/1.5 MB[0m
2026.04.10 14:59:45 INFO  Progress (1): 0.1/1.5 MB[0m
2026.04.10 14:59:45 INFO  Progress (1): 0.1/1.5 MB[0m
2026.04.10 14:59:45 INFO  Progress (1): 0.2/1.5 MB[0m
2026.04.10 14:59:45 INFO  Progress (1): 0.2/1.5 MB[0m
2026.04.10 14:59:45 INFO  Progress (1): 0.2/1.5 MB[0m
2026.04.10 14:59:45 INFO  Progress (1): 0.2/1.5 MB[0m
2026.04.10 14:59:45 INFO  Progress (1): 0.2/1.5 MB[0m
2026.04.10 14:59:45 INFO  Progress (1): 0.2/1.5 MB[0m
2026.04.10 14:59:45 INFO  Progress (1): 0.3/1.5 MB[0m
2026.04.10 14:59:45 INFO  Progress (1): 0.3/1.5 MB[0m
2026.04.10 14:59:45 INFO  Progress (1): 0.3/1.5 MB[0m
2026.04.10 14:59:45 INFO  Progress (1): 0.3/1.5 MB[0m
2026.04.10 14:59:45 INFO  Progress (1): 0.3/1.5 MB[0m
2026.04.10 14:59:45 INFO  Progress (1): 0.3/1.5 MB[0m
2026.04.10 14:59:45 INFO  Progress (1): 0.4/1.5 MB[0m
2026.04.10 14:59:45 INFO  Progress (1): 0.4/1.5 MB[0m
2026.04.10 14:59:45 INFO  Progress (1): 0.4/1.5 MB[0m
2026.04.10 14:59:45 INFO  Progress (1): 0.4/1.5 MB[0m
2026.04.10 14:59:45 INFO  Progress (1): 0.4/1.5 MB[0m
2026.04.10 14:59:45 INFO  Progress (1): 0.4/1.5 MB[0m
2026.04.10 14:59:45 INFO  Progress (1): 0.4/1.5 MB[0m
2026.04.10 14:59:45 INFO  Progress (1): 0.5/1.5 MB[0m
2026.04.10 14:59:45 INFO  Progress (1): 0.5/1.5 MB[0m
2026.04.10 14:59:45 INFO  Progress (1): 0.5/1.5 MB[0m
2026.04.10 14:59:45 INFO  Progress (1): 0.5/1.5 MB[0m
2026.04.10 14:59:45 INFO  Progress (1): 0.5/1.5 MB[0m
2026.04.10 14:59:45 INFO  Progress (1): 0.5/1.5 MB[0m
2026.04.10 14:59:45 INFO  Progress (1): 0.6/1.5 MB[0m
2026.04.10 14:59:45 INFO  Progress (1): 0.6/1.5 MB[0m
2026.04.10 14:59:45 INFO  Progress (1): 0.6/1.5 MB[0m
2026.04.10 14:59:45 INFO  Progress (1): 0.6/1.5 MB[0m
2026.04.10 14:59:45 INFO  Progress (1): 0.6/1.5 MB[0m
2026.04.10 14:59:45 INFO  Progress (1): 0.6/1.5 MB[0m
2026.04.10 14:59:45 INFO  Progress (1): 0.7/1.5 MB[0m
2026.04.10 14:59:45 INFO  Progress (1): 0.7/1.5 MB[0m
2026.04.10 14:59:45 INFO  Progress (1): 0.7/1.5 MB[0m
2026.04.10 14:59:45 INFO  Progress (1): 0.7/1.5 MB[0m
2026.04.10 14:59:45 INFO  Progress (1): 0.7/1.5 MB[0m
2026.04.10 14:59:45 INFO  Progress (1): 0.7/1.5 MB[0m
2026.04.10 14:59:45 INFO  Progress (1): 0.8/1.5 MB[0m
2026.04.10 14:59:45 INFO  Progress (1): 0.8/1.5 MB[0m
2026.04.10 14:59:45 INFO  Progress (1): 0.8/1.5 MB[0m
2026.04.10 14:59:45 INFO  Progress (1): 0.8/1.5 MB[0m
2026.04.10 14:59:45 INFO  Progress (1): 0.8/1.5 MB[0m
2026.04.10 14:59:45 INFO  Progress (1): 0.8/1.5 MB[0m
2026.04.10 14:59:45 INFO  Progress (1): 0.8/1.5 MB[0m
2026.04.10 14:59:45 INFO  Progress (1): 0.9/1.5 MB[0m
2026.04.10 14:59:45 INFO  Progress (1): 0.9/1.5 MB[0m
2026.04.10 14:59:45 INFO  Progress (1): 0.9/1.5 MB[0m
2026.04.10 14:59:45 INFO  Progress (1): 0.9/1.5 MB[0m
2026.04.10 14:59:45 INFO  Progress (1): 0.9/1.5 MB[0m
2026.04.10 14:59:45 INFO  Progress (1): 0.9/1.5 MB[0m
2026.04.10 14:59:45 INFO  Progress (1): 1.0/1.5 MB[0m
2026.04.10 14:59:45 INFO  Progress (1): 1.0/1.5 MB[0m
2026.04.10 14:59:45 INFO  Progress (1): 1.0/1.5 MB[0m
2026.04.10 14:59:45 INFO  Progress (1): 1.0/1.5 MB[0m
2026.04.10 14:59:45 INFO  Progress (1): 1.0/1.5 MB[0m
2026.04.10 14:59:45 INFO  Progress (1): 1.0/1.5 MB[0m
2026.04.10 14:59:45 INFO  Progress (1): 1.0/1.5 MB[0m
2026.04.10 14:59:45 INFO  Progress (1): 1.1/1.5 MB[0m
2026.04.10 14:59:45 INFO  Progress (1): 1.1/1.5 MB[0m
2026.04.10 14:59:45 INFO  Progress (1): 1.1/1.5 MB[0m
2026.04.10 14:59:45 INFO  Progress (1): 1.1/1.5 MB[0m
2026.04.10 14:59:45 INFO  Progress (1): 1.1/1.5 MB[0m
2026.04.10 14:59:45 INFO  Progress (1): 1.1/1.5 MB[0m
2026.04.10 14:59:45 INFO  Progress (1): 1.2/1.5 MB[0m
2026.04.10 14:59:45 INFO  Progress (1): 1.2/1.5 MB[0m
2026.04.10 14:59:45 INFO  Progress (1): 1.2/1.5 MB[0m
2026.04.10 14:59:45 INFO  Progress (1): 1.2/1.5 MB[0m
2026.04.10 14:59:45 INFO  Progress (1): 1.2/1.5 MB[0m
2026.04.10 14:59:45 INFO  Progress (1): 1.2/1.5 MB[0m
2026.04.10 14:59:45 INFO  Progress (1): 1.3/1.5 MB[0m
2026.04.10 14:59:45 INFO  Progress (1): 1.3/1.5 MB[0m
2026.04.10 14:59:45 INFO  Progress (1): 1.3/1.5 MB[0m
2026.04.10 14:59:45 INFO  Progress (1): 1.3/1.5 MB[0m
2026.04.10 14:59:45 INFO  Progress (1): 1.3/1.5 MB[0m
2026.04.10 14:59:45 INFO  Progress (1): 1.3/1.5 MB[0m
2026.04.10 14:59:45 INFO  Progress (1): 1.4/1.5 MB[0m
2026.04.10 14:59:45 INFO  Progress (1): 1.4/1.5 MB[0m
2026.04.10 14:59:45 INFO  Progress (1): 1.4/1.5 MB[0m
2026.04.10 14:59:45 INFO  Progress (1): 1.4/1.5 MB[0m
2026.04.10 14:59:45 INFO  Progress (1): 1.4/1.5 MB[0m
2026.04.10 14:59:45 INFO  Progress (1): 1.4/1.5 MB[0m
2026.04.10 14:59:45 INFO  Progress (1): 1.5/1.5 MB[0m
2026.04.10 14:59:45 INFO  Progress (1): 1.5 MB    [0m
2026.04.10 14:59:45 INFO                      [0m
2026.04.10 14:59:45 INFO  Downloaded from central: https://repo.maven.apache.org/maven2/org/springframework/spring-core/6.2.2/spring-core-6.2.2-sources.jar (1.5 MB at 13 MB/s)[0m
2026.04.10 14:59:45 INFO  [INFO] SUCCESS: org.springframework:spring-core:jar:6.2.2:compile (sources = true)[0m
2026.04.10 14:59:45 INFO  [INFO] Resolving artifact: org.hibernate.orm:hibernate-core:jar:6.6.5.Final:compile (sources = false)[0m
2026.04.10 14:59:45 INFO  [INFO] SUCCESS: org.hibernate.orm:hibernate-core:jar:6.6.5.Final:compile (sources = false)[0m
2026.04.10 14:59:45 INFO  [INFO] Resolving artifact: org.hibernate.orm:hibernate-core:jar:6.6.5.Final:compile (sources = true)[0m
2026.04.10 14:59:45 INFO  Downloading from central: https://repo.maven.apache.org/maven2/org/hibernate/orm/hibernate-core/6.6.5.Final/hibernate-core-6.6.5.Final-sources.jar[0m
2026.04.10 14:59:45 INFO  Progress (1): 0/7.5 MB[0m
2026.04.10 14:59:45 INFO  Progress (1): 0/7.5 MB[0m
2026.04.10 14:59:45 INFO  Progress (1): 0/7.5 MB[0m
2026.04.10 14:59:45 INFO  Progress (1): 0/7.5 MB[0m
2026.04.10 14:59:45 INFO  Progress (1): 0.1/7.5 MB[0m
2026.04.10 14:59:45 INFO  Progress (1): 0.1/7.5 MB[0m
2026.04.10 14:59:45 INFO  Progress (1): 0.1/7.5 MB[0m
2026.04.10 14:59:45 INFO  Progress (1): 0.1/7.5 MB[0m
2026.04.10 14:59:45 INFO  Progress (1): 0.1/7.5 MB[0m
2026.04.10 14:59:45 INFO  Progress (1): 0.1/7.5 MB[0m
2026.04.10 14:59:45 INFO  Progress (1): 0.2/7.5 MB[0m
2026.04.10 14:59:45 INFO  Progress (1): 0.2/7.5 MB[0m
2026.04.10 14:59:45 INFO  Progress (1): 0.2/7.5 MB[0m
2026.04.10 14:59:45 INFO  Progress (1): 0.2/7.5 MB[0m
2026.04.10 14:59:45 INFO  Progress (1): 0.2/7.5 MB[0m
2026.04.10 14:59:45 INFO  Progress (1): 0.2/7.5 MB[0m
2026.04.10 14:59:45 INFO  Progress (1): 0.2/7.5 MB[0m
2026.04.10 14:59:45 INFO  Progress (1): 0.3/7.5 MB[0m
2026.04.10 14:59:45 INFO  Progress (1): 0.3/7.5 MB[0m
2026.04.10 14:59:45 INFO  Progress (1): 0.3/7.5 MB[0m
2026.04.10 14:59:45 INFO  Progress (1): 0.3/7.5 MB[0m
2026.04.10 14:59:45 INFO  Progress (1): 0.3/7.5 MB[0m
2026.04.10 14:59:45 INFO  Progress (1): 0.3/7.5 MB[0m
2026.04.10 14:59:45 INFO  Progress (1): 0.4/7.5 MB[0m
2026.04.10 14:59:45 INFO  Progress (1): 0.4/7.5 MB[0m
2026.04.10 14:59:45 INFO  Progress (1): 0.4/7.5 MB[0m
2026.04.10 14:59:45 INFO  Progress (1): 0.4/7.5 MB[0m
2026.04.10 14:59:45 INFO  Progress (1): 0.4/7.5 MB[0m
2026.04.10 14:59:45 INFO  Progress (1): 0.4/7.5 MB[0m
2026.04.10 14:59:45 INFO  Progress (1): 0.5/7.5 MB[0m
2026.04.10 14:59:45 INFO  Progress (1): 0.5/7.5 MB[0m
2026.04.10 14:59:45 INFO  Progress (1): 0.5/7.5 MB[0m
2026.04.10 14:59:45 INFO  Progress (1): 0.5/7.5 MB[0m
2026.04.10 14:59:45 INFO  Progress (1): 0.5/7.5 MB[0m
2026.04.10 14:59:45 INFO  Progress (1): 0.5/7.5 MB[0m
2026.04.10 14:59:45 INFO  Progress (1): 0.5/7.5 MB[0m
2026.04.10 14:59:45 INFO  Progress (1): 0.6/7.5 MB[0m
2026.04.10 14:59:45 INFO  Progress (1): 0.6/7.5 MB[0m
2026.04.10 14:59:45 INFO  Progress (1): 0.6/7.5 MB[0m
2026.04.10 14:59:45 INFO  Progress (1): 0.6/7.5 MB[0m
2026.04.10 14:59:45 INFO  Progress (1): 0.6/7.5 MB[0m
2026.04.10 14:59:45 INFO  Progress (1): 0.6/7.5 MB[0m
2026.04.10 14:59:45 INFO  Progress (1): 0.7/7.5 MB[0m
2026.04.10 14:59:45 INFO  Progress (1): 0.7/7.5 MB[0m
2026.04.10 14:59:45 INFO  Progress (1): 0.7/7.5 MB[0m
2026.04.10 14:59:45 INFO  Progress (1): 0.7/7.5 MB[0m
2026.04.10 14:59:45 INFO  Progress (1): 0.7/7.5 MB[0m
2026.04.10 14:59:45 INFO  Progress (1): 0.7/7.5 MB[0m
2026.04.10 14:59:45 INFO  Progress (1): 0.7/7.5 MB[0m
2026.04.10 14:59:45 INFO  Progress (1): 0.8/7.5 MB[0m
2026.04.10 14:59:45 INFO  Progress (1): 0.8/7.5 MB[0m
2026.04.10 14:59:45 INFO  Progress (1): 0.8/7.5 MB[0m
2026.04.10 14:59:45 INFO  Progress (1): 0.8/7.5 MB[0m
2026.04.10 14:59:45 INFO  Progress (1): 0.8/7.5 MB[0m
2026.04.10 14:59:45 INFO  Progress (1): 0.8/7.5 MB[0m
2026.04.10 14:59:45 INFO  Progress (1): 0.9/7.5 MB[0m
2026.04.10 14:59:45 INFO  Progress (1): 0.9/7.5 MB[0m
2026.04.10 14:59:45 INFO  Progress (1): 0.9/7.5 MB[0m
2026.04.10 14:59:45 INFO  Progress (1): 0.9/7.5 MB[0m
2026.04.10 14:59:45 INFO  Progress (1): 0.9/7.5 MB[0m
2026.04.10 14:59:45 INFO  Progress (1): 0.9/7.5 MB[0m
2026.04.10 14:59:45 INFO  Progress (1): 1.0/7.5 MB[0m
2026.04.10 14:59:45 INFO  Progress (1): 1.0/7.5 MB[0m
2026.04.10 14:59:45 INFO  Progress (1): 1.0/7.5 MB[0m
2026.04.10 14:59:45 INFO  Progress (1): 1.0/7.5 MB[0m
2026.04.10 14:59:45 INFO  Progress (1): 1.0/7.5 MB[0m
2026.04.10 14:59:45 INFO  Progress (1): 1.0/7.5 MB[0m
2026.04.10 14:59:45 INFO  Progress (1): 1.0/7.5 MB[0m
2026.04.10 14:59:45 INFO  Progress (1): 1.1/7.5 MB[0m
2026.04.10 14:59:45 INFO  Progress (1): 1.1/7.5 MB[0m
2026.04.10 14:59:45 INFO  Progress (1): 1.1/7.5 MB[0m
2026.04.10 14:59:45 INFO  Progress (1): 1.1/7.5 MB[0m
2026.04.10 14:59:45 INFO  Progress (1): 1.1/7.5 MB[0m
2026.04.10 14:59:45 INFO  Progress (1): 1.1/7.5 MB[0m
2026.04.10 14:59:45 INFO  Progress (1): 1.1/7.5 MB[0m
2026.04.10 14:59:45 INFO  Progress (1): 1.2/7.5 MB[0m
2026.04.10 14:59:45 INFO  Progress (1): 1.2/7.5 MB[0m
2026.04.10 14:59:45 INFO  Progress (1): 1.2/7.5 MB[0m
2026.04.10 14:59:45 INFO  Progress (1): 1.2/7.5 MB[0m
2026.04.10 14:59:45 INFO  Progress (1): 1.2/7.5 MB[0m
2026.04.10 14:59:45 INFO  Progress (1): 1.2/7.5 MB[0m
2026.04.10 14:59:45 INFO  Progress (1): 1.2/7.5 MB[0m
2026.04.10 14:59:45 INFO  Progress (1): 1.3/7.5 MB[0m
2026.04.10 14:59:45 INFO  Progress (1): 1.3/7.5 MB[0m
2026.04.10 14:59:45 INFO  Progress (1): 1.3/7.5 MB[0m
2026.04.10 14:59:45 INFO  Progress (1): 1.3/7.5 MB[0m
2026.04.10 14:59:45 INFO  Progress (1): 1.3/7.5 MB[0m
2026.04.10 14:59:45 INFO  Progress (1): 1.3/7.5 MB[0m
2026.04.10 14:59:45 INFO  Progress (1): 1.4/7.5 MB[0m
2026.04.10 14:59:45 INFO  Progress (1): 1.4/7.5 MB[0m
2026.04.10 14:59:45 INFO  Progress (1): 1.4/7.5 MB[0m
2026.04.10 14:59:45 INFO  Progress (1): 1.4/7.5 MB[0m
2026.04.10 14:59:45 INFO  Progress (1): 1.4/7.5 MB[0m
2026.04.10 14:59:45 INFO  Progress (1): 1.4/7.5 MB[0m
2026.04.10 14:59:45 INFO  Progress (1): 1.5/7.5 MB[0m
2026.04.10 14:59:45 INFO  Progress (1): 1.5/7.5 MB[0m
2026.04.10 14:59:45 INFO  Progress (1): 1.5/7.5 MB[0m
2026.04.10 14:59:45 INFO  Progress (1): 1.5/7.5 MB[0m
2026.04.10 14:59:45 INFO  Progress (1): 1.5/7.5 MB[0m
2026.04.10 14:59:45 INFO  Progress (1): 1.5/7.5 MB[0m
2026.04.10 14:59:45 INFO  Progress (1): 1.6/7.5 MB[0m
2026.04.10 14:59:45 INFO  Progress (1): 1.6/7.5 MB[0m
2026.04.10 14:59:45 INFO  Progress (1): 1.6/7.5 MB[0m
2026.04.10 14:59:45 INFO  Progress (1): 1.6/7.5 MB[0m
2026.04.10 14:59:45 INFO  Progress (1): 1.6/7.5 MB[0m
2026.04.10 14:59:45 INFO  Progress (1): 1.6/7.5 MB[0m
2026.04.10 14:59:45 INFO  Progress (1): 1.7/7.5 MB[0m
2026.04.10 14:59:45 INFO  Progress (1): 1.7/7.5 MB[0m
2026.04.10 14:59:45 INFO  Progress (1): 1.7/7.5 MB[0m
2026.04.10 14:59:45 INFO  Progress (1): 1.7/7.5 MB[0m
2026.04.10 14:59:45 INFO  Progress (1): 1.7/7.5 MB[0m
2026.04.10 14:59:45 INFO  Progress (1): 1.7/7.5 MB[0m
2026.04.10 14:59:45 INFO  Progress (1): 1.8/7.5 MB[0m
2026.04.10 14:59:45 INFO  Progress (1): 1.8/7.5 MB[0m
2026.04.10 14:59:45 INFO  Progress (1): 1.8/7.5 MB[0m
2026.04.10 14:59:45 INFO  Progress (1): 1.8/7.5 MB[0m
2026.04.10 14:59:45 INFO  Progress (1): 1.8/7.5 MB[0m
2026.04.10 14:59:45 INFO  Progress (1): 1.8/7.5 MB[0m
2026.04.10 14:59:45 INFO  Progress (1): 1.9/7.5 MB[0m
2026.04.10 14:59:45 INFO  Progress (1): 1.9/7.5 MB[0m
2026.04.10 14:59:45 INFO  Progress (1): 1.9/7.5 MB[0m
2026.04.10 14:59:45 INFO  Progress (1): 1.9/7.5 MB[0m
2026.04.10 14:59:45 INFO  Progress (1): 1.9/7.5 MB[0m
2026.04.10 14:59:45 INFO  Progress (1): 1.9/7.5 MB[0m
2026.04.10 14:59:45 INFO  Progress (1): 1.9/7.5 MB[0m
2026.04.10 14:59:45 INFO  Progress (1): 2.0/7.5 MB[0m
2026.04.10 14:59:45 INFO  Progress (1): 2.0/7.5 MB[0m
2026.04.10 14:59:45 INFO  Progress (1): 2.0/7.5 MB[0m
2026.04.10 14:59:45 INFO  Progress (1): 2.0/7.5 MB[0m
2026.04.10 14:59:45 INFO  Progress (1): 2.0/7.5 MB[0m
2026.04.10 14:59:45 INFO  Progress (1): 2.0/7.5 MB[0m
2026.04.10 14:59:45 INFO  Progress (1): 2.1/7.5 MB[0m
2026.04.10 14:59:45 INFO  Progress (1): 2.1/7.5 MB[0m
2026.04.10 14:59:45 INFO  Progress (1): 2.1/7.5 MB[0m
2026.04.10 14:59:45 INFO  Progress (1): 2.1/7.5 MB[0m
2026.04.10 14:59:45 INFO  Progress (1): 2.1/7.5 MB[0m
2026.04.10 14:59:45 INFO  Progress (1): 2.1/7.5 MB[0m
2026.04.10 14:59:45 INFO  Progress (1): 2.1/7.5 MB[0m
2026.04.10 14:59:45 INFO  Progress (1): 2.2/7.5 MB[0m
2026.04.10 14:59:45 INFO  Progress (1): 2.2/7.5 MB[0m
2026.04.10 14:59:45 INFO  Progress (1): 2.2/7.5 MB[0m
2026.04.10 14:59:45 INFO  Progress (1): 2.2/7.5 MB[0m
2026.04.10 14:59:45 INFO  Progress (1): 2.2/7.5 MB[0m
2026.04.10 14:59:45 INFO  Progress (1): 2.2/7.5 MB[0m
2026.04.10 14:59:45 INFO  Progress (1): 2.3/7.5 MB[0m
2026.04.10 14:59:45 INFO  Progress (1): 2.3/7.5 MB[0m
2026.04.10 14:59:45 INFO  Progress (1): 2.3/7.5 MB[0m
2026.04.10 14:59:45 INFO  Progress (1): 2.3/7.5 MB[0m
2026.04.10 14:59:45 INFO  Progress (1): 2.3/7.5 MB[0m
2026.04.10 14:59:45 INFO  Progress (1): 2.3/7.5 MB[0m
2026.04.10 14:59:45 INFO  Progress (1): 2.4/7.5 MB[0m
2026.04.10 14:59:45 INFO  Progress (1): 2.4/7.5 MB[0m
2026.04.10 14:59:45 INFO  Progress (1): 2.4/7.5 MB[0m
2026.04.10 14:59:45 INFO  Progress (1): 2.4/7.5 MB[0m
2026.04.10 14:59:45 INFO  Progress (1): 2.4/7.5 MB[0m
2026.04.10 14:59:45 INFO  Progress (1): 2.4/7.5 MB[0m
2026.04.10 14:59:45 INFO  Progress (1): 2.5/7.5 MB[0m
2026.04.10 14:59:45 INFO  Progress (1): 2.5/7.5 MB[0m
2026.04.10 14:59:45 INFO  Progress (1): 2.5/7.5 MB[0m
2026.04.10 14:59:45 INFO  Progress (1): 2.5/7.5 MB[0m
2026.04.10 14:59:45 INFO  Progress (1): 2.5/7.5 MB[0m
2026.04.10 14:59:45 INFO  Progress (1): 2.5/7.5 MB[0m
2026.04.10 14:59:45 INFO  Progress (1): 2.6/7.5 MB[0m
2026.04.10 14:59:45 INFO  Progress (1): 2.6/7.5 MB[0m
2026.04.10 14:59:45 INFO  Progress (1): 2.6/7.5 MB[0m
2026.04.10 14:59:45 INFO  Progress (1): 2.6/7.5 MB[0m
2026.04.10 14:59:45 INFO  Progress (1): 2.6/7.5 MB[0m
2026.04.10 14:59:45 INFO  Progress (1): 2.6/7.5 MB[0m
2026.04.10 14:59:45 INFO  Progress (1): 2.7/7.5 MB[0m
2026.04.10 14:59:45 INFO  Progress (1): 2.7/7.5 MB[0m
2026.04.10 14:59:45 INFO  Progress (1): 2.7/7.5 MB[0m
2026.04.10 14:59:45 INFO  Progress (1): 2.7/7.5 MB[0m
2026.04.10 14:59:45 INFO  Progress (1): 2.7/7.5 MB[0m
2026.04.10 14:59:45 INFO  Progress (1): 2.7/7.5 MB[0m
2026.04.10 14:59:45 INFO  Progress (1): 2.8/7.5 MB[0m
2026.04.10 14:59:45 INFO  Progress (1): 2.8/7.5 MB[0m
2026.04.10 14:59:45 INFO  Progress (1): 2.8/7.5 MB[0m
2026.04.10 14:59:45 INFO  Progress (1): 2.8/7.5 MB[0m
2026.04.10 14:59:45 INFO  Progress (1): 2.8/7.5 MB[0m
2026.04.10 14:59:45 INFO  Progress (1): 2.8/7.5 MB[0m
2026.04.10 14:59:45 INFO  Progress (1): 2.9/7.5 MB[0m
2026.04.10 14:59:45 INFO  Progress (1): 2.9/7.5 MB[0m
2026.04.10 14:59:45 INFO  Progress (1): 2.9/7.5 MB[0m
2026.04.10 14:59:45 INFO  Progress (1): 2.9/7.5 MB[0m
2026.04.10 14:59:45 INFO  Progress (1): 2.9/7.5 MB[0m
2026.04.10 14:59:45 INFO  Progress (1): 2.9/7.5 MB[0m
2026.04.10 14:59:45 INFO  Progress (1): 2.9/7.5 MB[0m
2026.04.10 14:59:45 INFO  Progress (1): 3.0/7.5 MB[0m
2026.04.10 14:59:45 INFO  Progress (1): 3.0/7.5 MB[0m
2026.04.10 14:59:45 INFO  Progress (1): 3.0/7.5 MB[0m
2026.04.10 14:59:45 INFO  Progress (1): 3.0/7.5 MB[0m
2026.04.10 14:59:45 INFO  Progress (1): 3.0/7.5 MB[0m
2026.04.10 14:59:45 INFO  Progress (1): 3.0/7.5 MB[0m
2026.04.10 14:59:45 INFO  Progress (1): 3.1/7.5 MB[0m
2026.04.10 14:59:45 INFO  Progress (1): 3.1/7.5 MB[0m
2026.04.10 14:59:45 INFO  Progress (1): 3.1/7.5 MB[0m
2026.04.10 14:59:45 INFO  Progress (1): 3.1/7.5 MB[0m
2026.04.10 14:59:45 INFO  Progress (1): 3.1/7.5 MB[0m
2026.04.10 14:59:45 INFO  Progress (1): 3.1/7.5 MB[0m
2026.04.10 14:59:45 INFO  Progress (1): 3.2/7.5 MB[0m
2026.04.10 14:59:45 INFO  Progress (1): 3.2/7.5 MB[0m
2026.04.10 14:59:45 INFO  Progress (1): 3.2/7.5 MB[0m
2026.04.10 14:59:45 INFO  Progress (1): 3.2/7.5 MB[0m
2026.04.10 14:59:45 INFO  Progress (1): 3.2/7.5 MB[0m
2026.04.10 14:59:45 INFO  Progress (1): 3.2/7.5 MB[0m
2026.04.10 14:59:45 INFO  Progress (1): 3.3/7.5 MB[0m
2026.04.10 14:59:45 INFO  Progress (1): 3.3/7.5 MB[0m
2026.04.10 14:59:45 INFO  Progress (1): 3.3/7.5 MB[0m
2026.04.10 14:59:45 INFO  Progress (1): 3.3/7.5 MB[0m
2026.04.10 14:59:45 INFO  Progress (1): 3.3/7.5 MB[0m
2026.04.10 14:59:45 INFO  Progress (1): 3.3/7.5 MB[0m
2026.04.10 14:59:45 INFO  Progress (1): 3.3/7.5 MB[0m
2026.04.10 14:59:45 INFO  Progress (1): 3.4/7.5 MB[0m
2026.04.10 14:59:45 INFO  Progress (1): 3.4/7.5 MB[0m
2026.04.10 14:59:45 INFO  Progress (1): 3.4/7.5 MB[0m
2026.04.10 14:59:45 INFO  Progress (1): 3.4/7.5 MB[0m
2026.04.10 14:59:45 INFO  Progress (1): 3.4/7.5 MB[0m
2026.04.10 14:59:45 INFO  Progress (1): 3.4/7.5 MB[0m
2026.04.10 14:59:45 INFO  Progress (1): 3.5/7.5 MB[0m
2026.04.10 14:59:45 INFO  Progress (1): 3.5/7.5 MB[0m
2026.04.10 14:59:45 INFO  Progress (1): 3.5/7.5 MB[0m
2026.04.10 14:59:45 INFO  Progress (1): 3.5/7.5 MB[0m
2026.04.10 14:59:45 INFO  Progress (1): 3.5/7.5 MB[0m
2026.04.10 14:59:45 INFO  Progress (1): 3.5/7.5 MB[0m
2026.04.10 14:59:45 INFO  Progress (1): 3.6/7.5 MB[0m
2026.04.10 14:59:45 INFO  Progress (1): 3.6/7.5 MB[0m
2026.04.10 14:59:45 INFO  Progress (1): 3.6/7.5 MB[0m
2026.04.10 14:59:45 INFO  Progress (1): 3.6/7.5 MB[0m
2026.04.10 14:59:45 INFO  Progress (1): 3.6/7.5 MB[0m
2026.04.10 14:59:45 INFO  Progress (1): 3.6/7.5 MB[0m
2026.04.10 14:59:45 INFO  Progress (1): 3.6/7.5 MB[0m
2026.04.10 14:59:45 INFO  Progress (1): 3.6/7.5 MB[0m
2026.04.10 14:59:45 INFO  Progress (1): 3.7/7.5 MB[0m
2026.04.10 14:59:45 INFO  Progress (1): 3.7/7.5 MB[0m
2026.04.10 14:59:45 INFO  Progress (1): 3.7/7.5 MB[0m
2026.04.10 14:59:45 INFO  Progress (1): 3.7/7.5 MB[0m
2026.04.10 14:59:45 INFO  Progress (1): 3.7/7.5 MB[0m
2026.04.10 14:59:45 INFO  Progress (1): 3.7/7.5 MB[0m
2026.04.10 14:59:45 INFO  Progress (1): 3.8/7.5 MB[0m
2026.04.10 14:59:45 INFO  Progress (1): 3.8/7.5 MB[0m
2026.04.10 14:59:45 INFO  Progress (1): 3.8/7.5 MB[0m
2026.04.10 14:59:45 INFO  Progress (1): 3.8/7.5 MB[0m
2026.04.10 14:59:45 INFO  Progress (1): 3.8/7.5 MB[0m
2026.04.10 14:59:45 INFO  Progress (1): 3.8/7.5 MB[0m
2026.04.10 14:59:45 INFO  Progress (1): 3.8/7.5 MB[0m
2026.04.10 14:59:45 INFO  Progress (1): 3.9/7.5 MB[0m
2026.04.10 14:59:45 INFO  Progress (1): 3.9/7.5 MB[0m
2026.04.10 14:59:45 INFO  Progress (1): 3.9/7.5 MB[0m
2026.04.10 14:59:45 INFO  Progress (1): 3.9/7.5 MB[0m
2026.04.10 14:59:45 INFO  Progress (1): 3.9/7.5 MB[0m
2026.04.10 14:59:45 INFO  Progress (1): 3.9/7.5 MB[0m
2026.04.10 14:59:45 INFO  Progress (1): 3.9/7.5 MB[0m
2026.04.10 14:59:45 INFO  Progress (1): 4.0/7.5 MB[0m
2026.04.10 14:59:45 INFO  Progress (1): 4.0/7.5 MB[0m
2026.04.10 14:59:45 INFO  Progress (1): 4.0/7.5 MB[0m
2026.04.10 14:59:45 INFO  Progress (1): 4.0/7.5 MB[0m
2026.04.10 14:59:45 INFO  Progress (1): 4.0/7.5 MB[0m
2026.04.10 14:59:45 INFO  Progress (1): 4.0/7.5 MB[0m
2026.04.10 14:59:45 INFO  Progress (1): 4.1/7.5 MB[0m
2026.04.10 14:59:45 INFO  Progress (1): 4.1/7.5 MB[0m
2026.04.10 14:59:45 INFO  Progress (1): 4.1/7.5 MB[0m
2026.04.10 14:59:45 INFO  Progress (1): 4.1/7.5 MB[0m
2026.04.10 14:59:45 INFO  Progress (1): 4.1/7.5 MB[0m
2026.04.10 14:59:45 INFO  Progress (1): 4.1/7.5 MB[0m
2026.04.10 14:59:45 INFO  Progress (1): 4.1/7.5 MB[0m
2026.04.10 14:59:45 INFO  Progress (1): 4.2/7.5 MB[0m
2026.04.10 14:59:45 INFO  Progress (1): 4.2/7.5 MB[0m
2026.04.10 14:59:45 INFO  Progress (1): 4.2/7.5 MB[0m
2026.04.10 14:59:45 INFO  Progress (1): 4.2/7.5 MB[0m
2026.04.10 14:59:45 INFO  Progress (1): 4.2/7.5 MB[0m
2026.04.10 14:59:45 INFO  Progress (1): 4.2/7.5 MB[0m
2026.04.10 14:59:45 INFO  Progress (1): 4.2/7.5 MB[0m
2026.04.10 14:59:45 INFO  Progress (1): 4.3/7.5 MB[0m
2026.04.10 14:59:45 INFO  Progress (1): 4.3/7.5 MB[0m
2026.04.10 14:59:45 INFO  Progress (1): 4.3/7.5 MB[0m
2026.04.10 14:59:45 INFO  Progress (1): 4.3/7.5 MB[0m
2026.04.10 14:59:45 INFO  Progress (1): 4.3/7.5 MB[0m
2026.04.10 14:59:45 INFO  Progress (1): 4.3/7.5 MB[0m
2026.04.10 14:59:45 INFO  Progress (1): 4.4/7.5 MB[0m
2026.04.10 14:59:45 INFO  Progress (1): 4.4/7.5 MB[0m
2026.04.10 14:59:45 INFO  Progress (1): 4.4/7.5 MB[0m
2026.04.10 14:59:45 INFO  Progress (1): 4.4/7.5 MB[0m
2026.04.10 14:59:45 INFO  Progress (1): 4.4/7.5 MB[0m
2026.04.10 14:59:45 INFO  Progress (1): 4.4/7.5 MB[0m
2026.04.10 14:59:45 INFO  Progress (1): 4.4/7.5 MB[0m
2026.04.10 14:59:45 INFO  Progress (1): 4.5/7.5 MB[0m
2026.04.10 14:59:45 INFO  Progress (1): 4.5/7.5 MB[0m
2026.04.10 14:59:45 INFO  Progress (1): 4.5/7.5 MB[0m
2026.04.10 14:59:45 INFO  Progress (1): 4.5/7.5 MB[0m
2026.04.10 14:59:45 INFO  Progress (1): 4.5/7.5 MB[0m
2026.04.10 14:59:45 INFO  Progress (1): 4.5/7.5 MB[0m
2026.04.10 14:59:45 INFO  Progress (1): 4.5/7.5 MB[0m
2026.04.10 14:59:45 INFO  Progress (1): 4.5/7.5 MB[0m
2026.04.10 14:59:45 INFO  Progress (1): 4.6/7.5 MB[0m
2026.04.10 14:59:45 INFO  Progress (1): 4.6/7.5 MB[0m
2026.04.10 14:59:45 INFO  Progress (1): 4.6/7.5 MB[0m
2026.04.10 14:59:45 INFO  Progress (1): 4.6/7.5 MB[0m
2026.04.10 14:59:45 INFO  Progress (1): 4.6/7.5 MB[0m
2026.04.10 14:59:45 INFO  Progress (1): 4.6/7.5 MB[0m
2026.04.10 14:59:45 INFO  Progress (1): 4.7/7.5 MB[0m
2026.04.10 14:59:45 INFO  Progress (1): 4.7/7.5 MB[0m
2026.04.10 14:59:45 INFO  Progress (1): 4.7/7.5 MB[0m
2026.04.10 14:59:45 INFO  Progress (1): 4.7/7.5 MB[0m
2026.04.10 14:59:45 INFO  Progress (1): 4.7/7.5 MB[0m
2026.04.10 14:59:45 INFO  Progress (1): 4.7/7.5 MB[0m
2026.04.10 14:59:45 INFO  Progress (1): 4.7/7.5 MB[0m
2026.04.10 14:59:45 INFO  Progress (1): 4.8/7.5 MB[0m
2026.04.10 14:59:45 INFO  Progress (1): 4.8/7.5 MB[0m
2026.04.10 14:59:45 INFO  Progress (1): 4.8/7.5 MB[0m
2026.04.10 14:59:45 INFO  Progress (1): 4.8/7.5 MB[0m
2026.04.10 14:59:45 INFO  Progress (1): 4.8/7.5 MB[0m
2026.04.10 14:59:45 INFO  Progress (1): 4.8/7.5 MB[0m
2026.04.10 14:59:45 INFO  Progress (1): 4.9/7.5 MB[0m
2026.04.10 14:59:45 INFO  Progress (1): 4.9/7.5 MB[0m
2026.04.10 14:59:45 INFO  Progress (1): 4.9/7.5 MB[0m
2026.04.10 14:59:45 INFO  Progress (1): 4.9/7.5 MB[0m
2026.04.10 14:59:45 INFO  Progress (1): 4.9/7.5 MB[0m
2026.04.10 14:59:45 INFO  Progress (1): 4.9/7.5 MB[0m
2026.04.10 14:59:45 INFO  Progress (1): 5.0/7.5 MB[0m
2026.04.10 14:59:45 INFO  Progress (1): 5.0/7.5 MB[0m
2026.04.10 14:59:45 INFO  Progress (1): 5.0/7.5 MB[0m
2026.04.10 14:59:45 INFO  Progress (1): 5.0/7.5 MB[0m
2026.04.10 14:59:45 INFO  Progress (1): 5.0/7.5 MB[0m
2026.04.10 14:59:45 INFO  Progress (1): 5.0/7.5 MB[0m
2026.04.10 14:59:45 INFO  Progress (1): 5.0/7.5 MB[0m
2026.04.10 14:59:45 INFO  Progress (1): 5.1/7.5 MB[0m
2026.04.10 14:59:45 INFO  Progress (1): 5.1/7.5 MB[0m
2026.04.10 14:59:45 INFO  Progress (1): 5.1/7.5 MB[0m
2026.04.10 14:59:45 INFO  Progress (1): 5.1/7.5 MB[0m
2026.04.10 14:59:45 INFO  Progress (1): 5.1/7.5 MB[0m
2026.04.10 14:59:45 INFO  Progress (1): 5.1/7.5 MB[0m
2026.04.10 14:59:45 INFO  Progress (1): 5.2/7.5 MB[0m
2026.04.10 14:59:45 INFO  Progress (1): 5.2/7.5 MB[0m
2026.04.10 14:59:45 INFO  Progress (1): 5.2/7.5 MB[0m
2026.04.10 14:59:45 INFO  Progress (1): 5.2/7.5 MB[0m
2026.04.10 14:59:45 INFO  Progress (1): 5.2/7.5 MB[0m
2026.04.10 14:59:45 INFO  Progress (1): 5.2/7.5 MB[0m
2026.04.10 14:59:45 INFO  Progress (1): 5.3/7.5 MB[0m
2026.04.10 14:59:45 INFO  Progress (1): 5.3/7.5 MB[0m
2026.04.10 14:59:45 INFO  Progress (1): 5.3/7.5 MB[0m
2026.04.10 14:59:45 INFO  Progress (1): 5.3/7.5 MB[0m
2026.04.10 14:59:45 INFO  Progress (1): 5.3/7.5 MB[0m
2026.04.10 14:59:45 INFO  Progress (1): 5.3/7.5 MB[0m
2026.04.10 14:59:45 INFO  Progress (1): 5.3/7.5 MB[0m
2026.04.10 14:59:45 INFO  Progress (1): 5.4/7.5 MB[0m
2026.04.10 14:59:45 INFO  Progress (1): 5.4/7.5 MB[0m
2026.04.10 14:59:45 INFO  Progress (1): 5.4/7.5 MB[0m
2026.04.10 14:59:45 INFO  Progress (1): 5.4/7.5 MB[0m
2026.04.10 14:59:45 INFO  Progress (1): 5.4/7.5 MB[0m
2026.04.10 14:59:45 INFO  Progress (1): 5.4/7.5 MB[0m
2026.04.10 14:59:45 INFO  Progress (1): 5.4/7.5 MB[0m
2026.04.10 14:59:45 INFO  Progress (1): 5.5/7.5 MB[0m
2026.04.10 14:59:45 INFO  Progress (1): 5.5/7.5 MB[0m
2026.04.10 14:59:45 INFO  Progress (1): 5.5/7.5 MB[0m
2026.04.10 14:59:45 INFO  Progress (1): 5.5/7.5 MB[0m
2026.04.10 14:59:45 INFO  Progress (1): 5.5/7.5 MB[0m
2026.04.10 14:59:45 INFO  Progress (1): 5.5/7.5 MB[0m
2026.04.10 14:59:45 INFO  Progress (1): 5.6/7.5 MB[0m
2026.04.10 14:59:45 INFO  Progress (1): 5.6/7.5 MB[0m
2026.04.10 14:59:45 INFO  Progress (1): 5.6/7.5 MB[0m
2026.04.10 14:59:45 INFO  Progress (1): 5.6/7.5 MB[0m
2026.04.10 14:59:45 INFO  Progress (1): 5.6/7.5 MB[0m
2026.04.10 14:59:45 INFO  Progress (1): 5.6/7.5 MB[0m
2026.04.10 14:59:45 INFO  Progress (1): 5.7/7.5 MB[0m
2026.04.10 14:59:45 INFO  Progress (1): 5.7/7.5 MB[0m
2026.04.10 14:59:45 INFO  Progress (1): 5.7/7.5 MB[0m
2026.04.10 14:59:45 INFO  Progress (1): 5.7/7.5 MB[0m
2026.04.10 14:59:45 INFO  Progress (1): 5.7/7.5 MB[0m
2026.04.10 14:59:45 INFO  Progress (1): 5.7/7.5 MB[0m
2026.04.10 14:59:45 INFO  Progress (1): 5.8/7.5 MB[0m
2026.04.10 14:59:45 INFO  Progress (1): 5.8/7.5 MB[0m
2026.04.10 14:59:45 INFO  Progress (1): 5.8/7.5 MB[0m
2026.04.10 14:59:45 INFO  Progress (1): 5.8/7.5 MB[0m
2026.04.10 14:59:45 INFO  Progress (1): 5.8/7.5 MB[0m
2026.04.10 14:59:45 INFO  Progress (1): 5.8/7.5 MB[0m
2026.04.10 14:59:45 INFO  Progress (1): 5.9/7.5 MB[0m
2026.04.10 14:59:45 INFO  Progress (1): 5.9/7.5 MB[0m
2026.04.10 14:59:45 INFO  Progress (1): 5.9/7.5 MB[0m
2026.04.10 14:59:45 INFO  Progress (1): 5.9/7.5 MB[0m
2026.04.10 14:59:45 INFO  Progress (1): 5.9/7.5 MB[0m
2026.04.10 14:59:45 INFO  Progress (1): 5.9/7.5 MB[0m
2026.04.10 14:59:45 INFO  Progress (1): 6.0/7.5 MB[0m
2026.04.10 14:59:45 INFO  Progress (1): 6.0/7.5 MB[0m
2026.04.10 14:59:45 INFO  Progress (1): 6.0/7.5 MB[0m
2026.04.10 14:59:45 INFO  Progress (1): 6.0/7.5 MB[0m
2026.04.10 14:59:45 INFO  Progress (1): 6.0/7.5 MB[0m
2026.04.10 14:59:45 INFO  Progress (1): 6.0/7.5 MB[0m
2026.04.10 14:59:45 INFO  Progress (1): 6.1/7.5 MB[0m
2026.04.10 14:59:45 INFO  Progress (1): 6.1/7.5 MB[0m
2026.04.10 14:59:45 INFO  Progress (1): 6.1/7.5 MB[0m
2026.04.10 14:59:45 INFO  Progress (1): 6.1/7.5 MB[0m
2026.04.10 14:59:45 INFO  Progress (1): 6.1/7.5 MB[0m
2026.04.10 14:59:45 INFO  Progress (1): 6.1/7.5 MB[0m
2026.04.10 14:59:45 INFO  Progress (1): 6.2/7.5 MB[0m
2026.04.10 14:59:45 INFO  Progress (1): 6.2/7.5 MB[0m
2026.04.10 14:59:45 INFO  Progress (1): 6.2/7.5 MB[0m
2026.04.10 14:59:45 INFO  Progress (1): 6.2/7.5 MB[0m
2026.04.10 14:59:45 INFO  Progress (1): 6.2/7.5 MB[0m
2026.04.10 14:59:45 INFO  Progress (1): 6.2/7.5 MB[0m
2026.04.10 14:59:45 INFO  Progress (1): 6.3/7.5 MB[0m
2026.04.10 14:59:45 INFO  Progress (1): 6.3/7.5 MB[0m
2026.04.10 14:59:45 INFO  Progress (1): 6.3/7.5 MB[0m
2026.04.10 14:59:45 INFO  Progress (1): 6.3/7.5 MB[0m
2026.04.10 14:59:45 INFO  Progress (1): 6.3/7.5 MB[0m
2026.04.10 14:59:45 INFO  Progress (1): 6.3/7.5 MB[0m
2026.04.10 14:59:45 INFO  Progress (1): 6.4/7.5 MB[0m
2026.04.10 14:59:45 INFO  Progress (1): 6.4/7.5 MB[0m
2026.04.10 14:59:45 INFO  Progress (1): 6.4/7.5 MB[0m
2026.04.10 14:59:45 INFO  Progress (1): 6.4/7.5 MB[0m
2026.04.10 14:59:45 INFO  Progress (1): 6.4/7.5 MB[0m
2026.04.10 14:59:45 INFO  Progress (1): 6.4/7.5 MB[0m
2026.04.10 14:59:45 INFO  Progress (1): 6.4/7.5 MB[0m
2026.04.10 14:59:45 INFO  Progress (1): 6.5/7.5 MB[0m
2026.04.10 14:59:45 INFO  Progress (1): 6.5/7.5 MB[0m
2026.04.10 14:59:45 INFO  Progress (1): 6.5/7.5 MB[0m
2026.04.10 14:59:45 INFO  Progress (1): 6.5/7.5 MB[0m
2026.04.10 14:59:45 INFO  Progress (1): 6.5/7.5 MB[0m
2026.04.10 14:59:45 INFO  Progress (1): 6.5/7.5 MB[0m
2026.04.10 14:59:45 INFO  Progress (1): 6.6/7.5 MB[0m
2026.04.10 14:59:45 INFO  Progress (1): 6.6/7.5 MB[0m
2026.04.10 14:59:45 INFO  Progress (1): 6.6/7.5 MB[0m
2026.04.10 14:59:45 INFO  Progress (1): 6.6/7.5 MB[0m
2026.04.10 14:59:45 INFO  Progress (1): 6.6/7.5 MB[0m
2026.04.10 14:59:45 INFO  Progress (1): 6.6/7.5 MB[0m
2026.04.10 14:59:45 INFO  Progress (1): 6.7/7.5 MB[0m
2026.04.10 14:59:45 INFO  Progress (1): 6.7/7.5 MB[0m
2026.04.10 14:59:45 INFO  Progress (1): 6.7/7.5 MB[0m
2026.04.10 14:59:45 INFO  Progress (1): 6.7/7.5 MB[0m
2026.04.10 14:59:45 INFO  Progress (1): 6.7/7.5 MB[0m
2026.04.10 14:59:45 INFO  Progress (1): 6.7/7.5 MB[0m
2026.04.10 14:59:45 INFO  Progress (1): 6.8/7.5 MB[0m
2026.04.10 14:59:45 INFO  Progress (1): 6.8/7.5 MB[0m
2026.04.10 14:59:45 INFO  Progress (1): 6.8/7.5 MB[0m
2026.04.10 14:59:45 INFO  Progress (1): 6.8/7.5 MB[0m
2026.04.10 14:59:45 INFO  Progress (1): 6.8/7.5 MB[0m
2026.04.10 14:59:45 INFO  Progress (1): 6.8/7.5 MB[0m
2026.04.10 14:59:45 INFO  Progress (1): 6.9/7.5 MB[0m
2026.04.10 14:59:45 INFO  Progress (1): 6.9/7.5 MB[0m
2026.04.10 14:59:45 INFO  Progress (1): 6.9/7.5 MB[0m
2026.04.10 14:59:45 INFO  Progress (1): 6.9/7.5 MB[0m
2026.04.10 14:59:45 INFO  Progress (1): 6.9/7.5 MB[0m
2026.04.10 14:59:45 INFO  Progress (1): 6.9/7.5 MB[0m
2026.04.10 14:59:45 INFO  Progress (1): 7.0/7.5 MB[0m
2026.04.10 14:59:45 INFO  Progress (1): 7.0/7.5 MB[0m
2026.04.10 14:59:45 INFO  Progress (1): 7.0/7.5 MB[0m
2026.04.10 14:59:45 INFO  Progress (1): 7.0/7.5 MB[0m
2026.04.10 14:59:45 INFO  Progress (1): 7.0/7.5 MB[0m
2026.04.10 14:59:45 INFO  Progress (1): 7.0/7.5 MB[0m
2026.04.10 14:59:45 INFO  Progress (1): 7.1/7.5 MB[0m
2026.04.10 14:59:45 INFO  Progress (1): 7.1/7.5 MB[0m
2026.04.10 14:59:45 INFO  Progress (1): 7.1/7.5 MB[0m
2026.04.10 14:59:45 INFO  Progress (1): 7.1/7.5 MB[0m
2026.04.10 14:59:45 INFO  Progress (1): 7.1/7.5 MB[0m
2026.04.10 14:59:45 INFO  Progress (1): 7.1/7.5 MB[0m
2026.04.10 14:59:45 INFO  Progress (1): 7.2/7.5 MB[0m
2026.04.10 14:59:45 INFO  Progress (1): 7.2/7.5 MB[0m
2026.04.10 14:59:45 INFO  Progress (1): 7.2/7.5 MB[0m
2026.04.10 14:59:45 INFO  Progress (1): 7.2/7.5 MB[0m
2026.04.10 14:59:45 INFO  Progress (1): 7.2/7.5 MB[0m
2026.04.10 14:59:45 INFO  Progress (1): 7.2/7.5 MB[0m
2026.04.10 14:59:45 INFO  Progress (1): 7.2/7.5 MB[0m
2026.04.10 14:59:45 INFO  Progress (1): 7.3/7.5 MB[0m
2026.04.10 14:59:45 INFO  Progress (1): 7.3/7.5 MB[0m
2026.04.10 14:59:45 INFO  Progress (1): 7.3/7.5 MB[0m
2026.04.10 14:59:45 INFO  Progress (1): 7.3/7.5 MB[0m
2026.04.10 14:59:45 INFO  Progress (1): 7.3/7.5 MB[0m
2026.04.10 14:59:45 INFO  Progress (1): 7.3/7.5 MB[0m
2026.04.10 14:59:45 INFO  Progress (1): 7.4/7.5 MB[0m
2026.04.10 14:59:45 INFO  Progress (1): 7.4/7.5 MB[0m
2026.04.10 14:59:45 INFO  Progress (1): 7.4/7.5 MB[0m
2026.04.10 14:59:45 INFO  Progress (1): 7.4/7.5 MB[0m
2026.04.10 14:59:45 INFO  Progress (1): 7.4/7.5 MB[0m
2026.04.10 14:59:45 INFO  Progress (1): 7.4/7.5 MB[0m
2026.04.10 14:59:45 INFO  Progress (1): 7.5/7.5 MB[0m
2026.04.10 14:59:45 INFO  Progress (1): 7.5/7.5 MB[0m
2026.04.10 14:59:45 INFO  Progress (1): 7.5/7.5 MB[0m
2026.04.10 14:59:45 INFO  Progress (1): 7.5 MB    [0m
2026.04.10 14:59:45 INFO                      [0m
2026.04.10 14:59:45 INFO  Downloaded from central: https://repo.maven.apache.org/maven2/org/hibernate/orm/hibernate-core/6.6.5.Final/hibernate-core-6.6.5.Final-sources.jar (7.5 MB at 16 MB/s)[0m
2026.04.10 14:59:45 INFO  [INFO] SUCCESS: org.hibernate.orm:hibernate-core:jar:6.6.5.Final:compile (sources = true)[0m
2026.04.10 14:59:45 INFO  [INFO] Resolving artifact: org.slf4j:jul-to-slf4j:jar:2.0.16:compile (sources = false)[0m
2026.04.10 14:59:45 INFO  [INFO] SUCCESS: org.slf4j:jul-to-slf4j:jar:2.0.16:compile (sources = false)[0m
2026.04.10 14:59:45 INFO  [INFO] Resolving artifact: org.slf4j:jul-to-slf4j:jar:2.0.16:compile (sources = true)[0m
2026.04.10 14:59:45 INFO  Downloading from central: https://repo.maven.apache.org/maven2/org/slf4j/jul-to-slf4j/2.0.16/jul-to-slf4j-2.0.16-sources.jar[0m
2026.04.10 14:59:45 INFO  Progress (1): 7.1 kB[0m
2026.04.10 14:59:45 INFO                      [0m
2026.04.10 14:59:45 INFO  Downloaded from central: https://repo.maven.apache.org/maven2/org/slf4j/jul-to-slf4j/2.0.16/jul-to-slf4j-2.0.16-sources.jar (7.1 kB at 283 kB/s)[0m
2026.04.10 14:59:45 INFO  [INFO] SUCCESS: org.slf4j:jul-to-slf4j:jar:2.0.16:compile (sources = true)[0m
2026.04.10 14:59:45 INFO  [INFO] Resolving artifact: com.sun.istack:istack-commons-runtime:jar:4.1.2:runtime (sources = false)[0m
2026.04.10 14:59:45 INFO  [INFO] SUCCESS: com.sun.istack:istack-commons-runtime:jar:4.1.2:runtime (sources = false)[0m
2026.04.10 14:59:45 INFO  [INFO] Resolving artifact: com.sun.istack:istack-commons-runtime:jar:4.1.2:runtime (sources = true)[0m
2026.04.10 14:59:45 INFO  Downloading from central: https://repo.maven.apache.org/maven2/com/sun/istack/istack-commons-runtime/4.1.2/istack-commons-runtime-4.1.2-sources.jar[0m
2026.04.10 14:59:45 INFO  Progress (1): 7.7/23 kB[0m
2026.04.10 14:59:45 INFO  Progress (1): 16/23 kB [0m
2026.04.10 14:59:45 INFO  Progress (1): 23 kB   [0m
2026.04.10 14:59:45 INFO                     [0m
2026.04.10 14:59:45 INFO  Downloaded from central: https://repo.maven.apache.org/maven2/com/sun/istack/istack-commons-runtime/4.1.2/istack-commons-runtime-4.1.2-sources.jar (23 kB at 960 kB/s)[0m
2026.04.10 14:59:45 INFO  [INFO] SUCCESS: com.sun.istack:istack-commons-runtime:jar:4.1.2:runtime (sources = true)[0m
2026.04.10 14:59:45 INFO  [INFO] Resolving artifact: org.springframework.boot:spring-boot-starter-logging:jar:3.4.2:compile (sources = false)[0m
2026.04.10 14:59:45 INFO  [INFO] SUCCESS: org.springframework.boot:spring-boot-starter-logging:jar:3.4.2:compile (sources = false)[0m
2026.04.10 14:59:45 INFO  [INFO] Resolving artifact: org.springframework.boot:spring-boot-starter-logging:jar:3.4.2:compile (sources = true)[0m
2026.04.10 14:59:45 INFO  Downloading from central: https://repo.maven.apache.org/maven2/org/springframework/boot/spring-boot-starter-logging/3.4.2/spring-boot-starter-logging-3.4.2-sources.jar[0m
2026.04.10 14:59:45 INFO  Progress (1): 4.8 kB[0m
2026.04.10 14:59:45 INFO                      [0m
2026.04.10 14:59:45 INFO  Downloaded from central: https://repo.maven.apache.org/maven2/org/springframework/boot/spring-boot-starter-logging/3.4.2/spring-boot-starter-logging-3.4.2-sources.jar (4.8 kB at 198 kB/s)[0m
2026.04.10 14:59:45 INFO  [INFO] SUCCESS: org.springframework.boot:spring-boot-starter-logging:jar:3.4.2:compile (sources = true)[0m
2026.04.10 14:59:45 INFO  [INFO] Resolving artifact: org.springframework:spring-aspects:jar:6.2.2:compile (sources = false)[0m
2026.04.10 14:59:45 INFO  [INFO] SUCCESS: org.springframework:spring-aspects:jar:6.2.2:compile (sources = false)[0m
2026.04.10 14:59:45 INFO  [INFO] Resolving artifact: org.springframework:spring-aspects:jar:6.2.2:compile (sources = true)[0m
2026.04.10 14:59:45 INFO  Downloading from central: https://repo.maven.apache.org/maven2/org/springframework/spring-aspects/6.2.2/spring-aspects-6.2.2-sources.jar[0m
2026.04.10 14:59:45 INFO  Progress (1): 7.7/33 kB[0m
2026.04.10 14:59:45 INFO  Progress (1): 12/33 kB [0m
2026.04.10 14:59:45 INFO  Progress (1): 29/33 kB[0m
2026.04.10 14:59:45 INFO  Progress (1): 33 kB   [0m
2026.04.10 14:59:45 INFO                     [0m
2026.04.10 14:59:45 INFO  Downloaded from central: https://repo.maven.apache.org/maven2/org/springframework/spring-aspects/6.2.2/spring-aspects-6.2.2-sources.jar (33 kB at 1.4 MB/s)[0m
2026.04.10 14:59:45 INFO  [INFO] SUCCESS: org.springframework:spring-aspects:jar:6.2.2:compile (sources = true)[0m
2026.04.10 14:59:45 INFO  [INFO] Resolving artifact: org.springframework:spring-web:jar:6.2.2:compile (sources = false)[0m
2026.04.10 14:59:45 INFO  [INFO] SUCCESS: org.springframework:spring-web:jar:6.2.2:compile (sources = false)[0m
2026.04.10 14:59:45 INFO  [INFO] Resolving artifact: org.springframework:spring-web:jar:6.2.2:compile (sources = true)[0m
2026.04.10 14:59:45 INFO  Downloading from central: https://repo.maven.apache.org/maven2/org/springframework/spring-web/6.2.2/spring-web-6.2.2-sources.jar[0m
2026.04.10 14:59:45 INFO  Progress (1): 0/1.4 MB[0m
2026.04.10 14:59:45 INFO  Progress (1): 0/1.4 MB[0m
2026.04.10 14:59:45 INFO  Progress (1): 0/1.4 MB[0m
2026.04.10 14:59:45 INFO  Progress (1): 0/1.4 MB[0m
2026.04.10 14:59:45 INFO  Progress (1): 0/1.4 MB[0m
2026.04.10 14:59:45 INFO  Progress (1): 0.1/1.4 MB[0m
2026.04.10 14:59:45 INFO  Progress (1): 0.1/1.4 MB[0m
2026.04.10 14:59:45 INFO  Progress (1): 0.1/1.4 MB[0m
2026.04.10 14:59:45 INFO  Progress (1): 0.1/1.4 MB[0m
2026.04.10 14:59:45 INFO  Progress (1): 0.1/1.4 MB[0m
2026.04.10 14:59:45 INFO  Progress (1): 0.1/1.4 MB[0m
2026.04.10 14:59:45 INFO  Progress (1): 0.2/1.4 MB[0m
2026.04.10 14:59:45 INFO  Progress (1): 0.2/1.4 MB[0m
2026.04.10 14:59:45 INFO  Progress (1): 0.2/1.4 MB[0m
2026.04.10 14:59:45 INFO  Progress (1): 0.2/1.4 MB[0m
2026.04.10 14:59:45 INFO  Progress (1): 0.2/1.4 MB[0m
2026.04.10 14:59:45 INFO  Progress (1): 0.2/1.4 MB[0m
2026.04.10 14:59:45 INFO  Progress (1): 0.3/1.4 MB[0m
2026.04.10 14:59:45 INFO  Progress (1): 0.3/1.4 MB[0m
2026.04.10 14:59:45 INFO  Progress (1): 0.3/1.4 MB[0m
2026.04.10 14:59:45 INFO  Progress (1): 0.3/1.4 MB[0m
2026.04.10 14:59:45 INFO  Progress (1): 0.3/1.4 MB[0m
2026.04.10 14:59:45 INFO  Progress (1): 0.3/1.4 MB[0m
2026.04.10 14:59:45 INFO  Progress (1): 0.4/1.4 MB[0m
2026.04.10 14:59:45 INFO  Progress (1): 0.4/1.4 MB[0m
2026.04.10 14:59:45 INFO  Progress (1): 0.4/1.4 MB[0m
2026.04.10 14:59:45 INFO  Progress (1): 0.4/1.4 MB[0m
2026.04.10 14:59:45 INFO  Progress (1): 0.4/1.4 MB[0m
2026.04.10 14:59:45 INFO  Progress (1): 0.4/1.4 MB[0m
2026.04.10 14:59:45 INFO  Progress (1): 0.5/1.4 MB[0m
2026.04.10 14:59:45 INFO  Progress (1): 0.5/1.4 MB[0m
2026.04.10 14:59:45 INFO  Progress (1): 0.5/1.4 MB[0m
2026.04.10 14:59:45 INFO  Progress (1): 0.5/1.4 MB[0m
2026.04.10 14:59:45 INFO  Progress (1): 0.5/1.4 MB[0m
2026.04.10 14:59:45 INFO  Progress (1): 0.5/1.4 MB[0m
2026.04.10 14:59:45 INFO  Progress (1): 0.6/1.4 MB[0m
2026.04.10 14:59:45 INFO  Progress (1): 0.6/1.4 MB[0m
2026.04.10 14:59:45 INFO  Progress (1): 0.6/1.4 MB[0m
2026.04.10 14:59:45 INFO  Progress (1): 0.6/1.4 MB[0m
2026.04.10 14:59:45 INFO  Progress (1): 0.6/1.4 MB[0m
2026.04.10 14:59:45 INFO  Progress (1): 0.6/1.4 MB[0m
2026.04.10 14:59:45 INFO  Progress (1): 0.7/1.4 MB[0m
2026.04.10 14:59:45 INFO  Progress (1): 0.7/1.4 MB[0m
2026.04.10 14:59:45 INFO  Progress (1): 0.7/1.4 MB[0m
2026.04.10 14:59:45 INFO  Progress (1): 0.7/1.4 MB[0m
2026.04.10 14:59:45 INFO  Progress (1): 0.7/1.4 MB[0m
2026.04.10 14:59:45 INFO  Progress (1): 0.7/1.4 MB[0m
2026.04.10 14:59:45 INFO  Progress (1): 0.8/1.4 MB[0m
2026.04.10 14:59:45 INFO  Progress (1): 0.8/1.4 MB[0m
2026.04.10 14:59:45 INFO  Progress (1): 0.8/1.4 MB[0m
2026.04.10 14:59:45 INFO  Progress (1): 0.8/1.4 MB[0m
2026.04.10 14:59:45 INFO  Progress (1): 0.8/1.4 MB[0m
2026.04.10 14:59:45 INFO  Progress (1): 0.8/1.4 MB[0m
2026.04.10 14:59:45 INFO  Progress (1): 0.9/1.4 MB[0m
2026.04.10 14:59:45 INFO  Progress (1): 0.9/1.4 MB[0m
2026.04.10 14:59:45 INFO  Progress (1): 0.9/1.4 MB[0m
2026.04.10 14:59:45 INFO  Progress (1): 0.9/1.4 MB[0m
2026.04.10 14:59:45 INFO  Progress (1): 0.9/1.4 MB[0m
2026.04.10 14:59:45 INFO  Progress (1): 0.9/1.4 MB[0m
2026.04.10 14:59:45 INFO  Progress (1): 1.0/1.4 MB[0m
2026.04.10 14:59:45 INFO  Progress (1): 1.0/1.4 MB[0m
2026.04.10 14:59:45 INFO  Progress (1): 1.0/1.4 MB[0m
2026.04.10 14:59:45 INFO  Progress (1): 1.0/1.4 MB[0m
2026.04.10 14:59:45 INFO  Progress (1): 1.0/1.4 MB[0m
2026.04.10 14:59:45 INFO  Progress (1): 1.0/1.4 MB[0m
2026.04.10 14:59:45 INFO  Progress (1): 1.0/1.4 MB[0m
2026.04.10 14:59:45 INFO  Progress (1): 1.1/1.4 MB[0m
2026.04.10 14:59:45 INFO  Progress (1): 1.1/1.4 MB[0m
2026.04.10 14:59:45 INFO  Progress (1): 1.1/1.4 MB[0m
2026.04.10 14:59:45 INFO  Progress (1): 1.1/1.4 MB[0m
2026.04.10 14:59:45 INFO  Progress (1): 1.1/1.4 MB[0m
2026.04.10 14:59:45 INFO  Progress (1): 1.1/1.4 MB[0m
2026.04.10 14:59:45 INFO  Progress (1): 1.2/1.4 MB[0m
2026.04.10 14:59:45 INFO  Progress (1): 1.2/1.4 MB[0m
2026.04.10 14:59:45 INFO  Progress (1): 1.2/1.4 MB[0m
2026.04.10 14:59:45 INFO  Progress (1): 1.2/1.4 MB[0m
2026.04.10 14:59:45 INFO  Progress (1): 1.2/1.4 MB[0m
2026.04.10 14:59:45 INFO  Progress (1): 1.2/1.4 MB[0m
2026.04.10 14:59:45 INFO  Progress (1): 1.3/1.4 MB[0m
2026.04.10 14:59:45 INFO  Progress (1): 1.3/1.4 MB[0m
2026.04.10 14:59:45 INFO  Progress (1): 1.3/1.4 MB[0m
2026.04.10 14:59:45 INFO  Progress (1): 1.3/1.4 MB[0m
2026.04.10 14:59:45 INFO  Progress (1): 1.3/1.4 MB[0m
2026.04.10 14:59:45 INFO  Progress (1): 1.3/1.4 MB[0m
2026.04.10 14:59:45 INFO  Progress (1): 1.4/1.4 MB[0m
2026.04.10 14:59:45 INFO  Progress (1): 1.4/1.4 MB[0m
2026.04.10 14:59:45 INFO  Progress (1): 1.4/1.4 MB[0m
2026.04.10 14:59:45 INFO  Progress (1): 1.4/1.4 MB[0m
2026.04.10 14:59:45 INFO  Progress (1): 1.4 MB    [0m
2026.04.10 14:59:45 INFO                      [0m
2026.04.10 14:59:45 INFO  Downloaded from central: https://repo.maven.apache.org/maven2/org/springframework/spring-web/6.2.2/spring-web-6.2.2-sources.jar (1.4 MB at 15 MB/s)[0m
2026.04.10 14:59:45 INFO  [INFO] SUCCESS: org.springframework:spring-web:jar:6.2.2:compile (sources = true)[0m
2026.04.10 14:59:45 INFO  [INFO] Resolving artifact: org.apache.logging.log4j:log4j-to-slf4j:jar:2.24.3:compile (sources = false)[0m
2026.04.10 14:59:45 INFO  [INFO] SUCCESS: org.apache.logging.log4j:log4j-to-slf4j:jar:2.24.3:compile (sources = false)[0m
2026.04.10 14:59:45 INFO  [INFO] Resolving artifact: org.apache.logging.log4j:log4j-to-slf4j:jar:2.24.3:compile (sources = true)[0m
2026.04.10 14:59:45 INFO  Downloading from central: https://repo.maven.apache.org/maven2/org/apache/logging/log4j/log4j-to-slf4j/2.24.3/log4j-to-slf4j-2.24.3-sources.jar[0m
2026.04.10 14:59:45 INFO  Progress (1): 7.7/18 kB[0m
2026.04.10 14:59:45 INFO  Progress (1): 16/18 kB [0m
2026.04.10 14:59:45 INFO  Progress (1): 18 kB   [0m
2026.04.10 14:59:45 INFO                     [0m
2026.04.10 14:59:45 INFO  Downloaded from central: https://repo.maven.apache.org/maven2/org/apache/logging/log4j/log4j-to-slf4j/2.24.3/log4j-to-slf4j-2.24.3-sources.jar (18 kB at 572 kB/s)[0m
2026.04.10 14:59:45 INFO  [INFO] SUCCESS: org.apache.logging.log4j:log4j-to-slf4j:jar:2.24.3:compile (sources = true)[0m
2026.04.10 14:59:45 INFO  [INFO] Resolving artifact: org.springframework.boot:spring-boot-starter-jdbc:jar:3.4.2:compile (sources = false)[0m
2026.04.10 14:59:45 INFO  [INFO] SUCCESS: org.springframework.boot:spring-boot-starter-jdbc:jar:3.4.2:compile (sources = false)[0m
2026.04.10 14:59:45 INFO  [INFO] Resolving artifact: org.springframework.boot:spring-boot-starter-jdbc:jar:3.4.2:compile (sources = true)[0m
2026.04.10 14:59:45 INFO  Downloading from central: https://repo.maven.apache.org/maven2/org/springframework/boot/spring-boot-starter-jdbc/3.4.2/spring-boot-starter-jdbc-3.4.2-sources.jar[0m
2026.04.10 14:59:45 INFO  Progress (1): 4.8 kB[0m
2026.04.10 14:59:45 INFO                      [0m
2026.04.10 14:59:45 INFO  Downloaded from central: https://repo.maven.apache.org/maven2/org/springframework/boot/spring-boot-starter-jdbc/3.4.2/spring-boot-starter-jdbc-3.4.2-sources.jar (4.8 kB at 199 kB/s)[0m
2026.04.10 14:59:45 INFO  [INFO] SUCCESS: org.springframework.boot:spring-boot-starter-jdbc:jar:3.4.2:compile (sources = true)[0m
2026.04.10 14:59:45 INFO  [INFO] Resolving artifact: com.fasterxml.jackson.module:jackson-module-parameter-names:jar:2.18.2:compile (sources = false)[0m
2026.04.10 14:59:45 INFO  [INFO] SUCCESS: com.fasterxml.jackson.module:jackson-module-parameter-names:jar:2.18.2:compile (sources = false)[0m
2026.04.10 14:59:45 INFO  [INFO] Resolving artifact: com.fasterxml.jackson.module:jackson-module-parameter-names:jar:2.18.2:compile (sources = true)[0m
2026.04.10 14:59:45 INFO  Downloading from central: https://repo.maven.apache.org/maven2/com/fasterxml/jackson/module/jackson-module-parameter-names/2.18.2/jackson-module-parameter-names-2.18.2-sources.jar[0m
2026.04.10 14:59:45 INFO  Progress (1): 7.7/7.8 kB[0m
2026.04.10 14:59:45 INFO  Progress (1): 7.8 kB    [0m
2026.04.10 14:59:45 INFO                      [0m
2026.04.10 14:59:45 INFO  Downloaded from central: https://repo.maven.apache.org/maven2/com/fasterxml/jackson/module/jackson-module-parameter-names/2.18.2/jackson-module-parameter-names-2.18.2-sources.jar (7.8 kB at 326 kB/s)[0m
2026.04.10 14:59:45 INFO  [INFO] SUCCESS: com.fasterxml.jackson.module:jackson-module-parameter-names:jar:2.18.2:compile (sources = true)[0m
2026.04.10 14:59:45 INFO  [INFO] Resolving artifact: org.springframework:spring-jcl:jar:6.2.2:compile (sources = false)[0m
2026.04.10 14:59:45 INFO  [INFO] SUCCESS: org.springframework:spring-jcl:jar:6.2.2:compile (sources = false)[0m
2026.04.10 14:59:45 INFO  [INFO] Resolving artifact: org.springframework:spring-jcl:jar:6.2.2:compile (sources = true)[0m
2026.04.10 14:59:45 INFO  Downloading from central: https://repo.maven.apache.org/maven2/org/springframework/spring-jcl/6.2.2/spring-jcl-6.2.2-sources.jar[0m
2026.04.10 14:59:45 INFO  Progress (1): 7.7/13 kB[0m
2026.04.10 14:59:45 INFO  Progress (1): 12/13 kB [0m
2026.04.10 14:59:45 INFO  Progress (1): 13 kB   [0m
2026.04.10 14:59:45 INFO                     [0m
2026.04.10 14:59:45 INFO  Downloaded from central: https://repo.maven.apache.org/maven2/org/springframework/spring-jcl/6.2.2/spring-jcl-6.2.2-sources.jar (13 kB at 516 kB/s)[0m
2026.04.10 14:59:45 INFO  [INFO] SUCCESS: org.springframework:spring-jcl:jar:6.2.2:compile (sources = true)[0m
2026.04.10 14:59:45 INFO  [INFO] Resolving artifact: net.java.dev.jna:jna:jar:5.13.0:test (sources = false)[0m
2026.04.10 14:59:45 INFO  [INFO] SUCCESS: net.java.dev.jna:jna:jar:5.13.0:test (sources = false)[0m
2026.04.10 14:59:45 INFO  [INFO] Resolving artifact: net.java.dev.jna:jna:jar:5.13.0:test (sources = true)[0m
2026.04.10 14:59:45 INFO  Downloading from central: https://repo.maven.apache.org/maven2/net/java/dev/jna/jna/5.13.0/jna-5.13.0-sources.jar[0m
2026.04.10 14:59:45 INFO  Progress (1): 7.7/164 kB[0m
2026.04.10 14:59:45 INFO  Progress (1): 12/164 kB [0m
2026.04.10 14:59:45 INFO  Progress (1): 28/164 kB[0m
2026.04.10 14:59:45 INFO  Progress (1): 33/164 kB[0m
2026.04.10 14:59:45 INFO  Progress (1): 49/164 kB[0m
2026.04.10 14:59:45 INFO  Progress (1): 66/164 kB[0m
2026.04.10 14:59:45 INFO  Progress (1): 82/164 kB[0m
2026.04.10 14:59:45 INFO  Progress (1): 98/164 kB[0m
2026.04.10 14:59:45 INFO  Progress (1): 115/164 kB[0m
2026.04.10 14:59:45 INFO  Progress (1): 131/164 kB[0m
2026.04.10 14:59:45 INFO  Progress (1): 147/164 kB[0m
2026.04.10 14:59:45 INFO  Progress (1): 164 kB    [0m
2026.04.10 14:59:45 INFO                      [0m
2026.04.10 14:59:45 INFO  Downloaded from central: https://repo.maven.apache.org/maven2/net/java/dev/jna/jna/5.13.0/jna-5.13.0-sources.jar (164 kB at 5.6 MB/s)[0m
2026.04.10 14:59:45 INFO  [INFO] SUCCESS: net.java.dev.jna:jna:jar:5.13.0:test (sources = true)[0m
2026.04.10 14:59:45 INFO  [INFO] Resolving artifact: com.fasterxml:classmate:jar:1.7.0:compile (sources = false)[0m
2026.04.10 14:59:45 INFO  [INFO] SUCCESS: com.fasterxml:classmate:jar:1.7.0:compile (sources = false)[0m
2026.04.10 14:59:45 INFO  [INFO] Resolving artifact: com.fasterxml:classmate:jar:1.7.0:compile (sources = true)[0m
2026.04.10 14:59:45 INFO  Downloading from central: https://repo.maven.apache.org/maven2/com/fasterxml/classmate/1.7.0/classmate-1.7.0-sources.jar[0m
2026.04.10 14:59:45 INFO  Progress (1): 7.7/53 kB[0m
2026.04.10 14:59:45 INFO  Progress (1): 16/53 kB [0m
2026.04.10 14:59:45 INFO  Progress (1): 25/53 kB[0m
2026.04.10 14:59:45 INFO  Progress (1): 41/53 kB[0m
2026.04.10 14:59:45 INFO  Progress (1): 53 kB   [0m
2026.04.10 14:59:45 INFO                     [0m
2026.04.10 14:59:45 INFO  Downloaded from central: https://repo.maven.apache.org/maven2/com/fasterxml/classmate/1.7.0/classmate-1.7.0-sources.jar (53 kB at 2.0 MB/s)[0m
2026.04.10 14:59:45 INFO  [INFO] SUCCESS: com.fasterxml:classmate:jar:1.7.0:compile (sources = true)[0m
2026.04.10 14:59:45 INFO  [INFO] Resolving artifact: com.github.docker-java:docker-java-transport:jar:3.4.0:test (sources = false)[0m
2026.04.10 14:59:45 INFO  Downloading from central: https://repo.maven.apache.org/maven2/com/github/docker-java/docker-java-transport/3.4.0/docker-java-transport-3.4.0.jar[0m
2026.04.10 14:59:46 INFO  Progress (1): 7.7/39 kB[0m
2026.04.10 14:59:46 INFO  Progress (1): 8.2/39 kB[0m
2026.04.10 14:59:46 INFO  Progress (1): 25/39 kB [0m
2026.04.10 14:59:46 INFO  Progress (1): 39 kB   [0m
2026.04.10 14:59:46 INFO                     [0m
2026.04.10 14:59:46 INFO  Downloaded from central: https://repo.maven.apache.org/maven2/com/github/docker-java/docker-java-transport/3.4.0/docker-java-transport-3.4.0.jar (39 kB at 1.4 MB/s)[0m
2026.04.10 14:59:46 INFO  [INFO] SUCCESS: com.github.docker-java:docker-java-transport:jar:3.4.0:test (sources = false)[0m
2026.04.10 14:59:46 INFO  [INFO] Resolving artifact: com.github.docker-java:docker-java-transport:jar:3.4.0:test (sources = true)[0m
2026.04.10 14:59:46 INFO  Downloading from central: https://repo.maven.apache.org/maven2/com/github/docker-java/docker-java-transport/3.4.0/docker-java-transport-3.4.0-sources.jar[0m
2026.04.10 14:59:46 INFO  Progress (1): 7.7/17 kB[0m
2026.04.10 14:59:46 INFO  Progress (1): 16/17 kB [0m
2026.04.10 14:59:46 INFO  Progress (1): 17 kB   [0m
2026.04.10 14:59:46 INFO                     [0m
2026.04.10 14:59:46 INFO  Downloaded from central: https://repo.maven.apache.org/maven2/com/github/docker-java/docker-java-transport/3.4.0/docker-java-transport-3.4.0-sources.jar (17 kB at 806 kB/s)[0m
2026.04.10 14:59:46 INFO  [INFO] SUCCESS: com.github.docker-java:docker-java-transport:jar:3.4.0:test (sources = true)[0m
2026.04.10 14:59:46 INFO  [INFO] Resolving artifact: io.micrometer:micrometer-observation:jar:1.14.3:compile (sources = false)[0m
2026.04.10 14:59:46 INFO  [INFO] SUCCESS: io.micrometer:micrometer-observation:jar:1.14.3:compile (sources = false)[0m
2026.04.10 14:59:46 INFO  [INFO] Resolving artifact: io.micrometer:micrometer-observation:jar:1.14.3:compile (sources = true)[0m
2026.04.10 14:59:46 INFO  Downloading from central: https://repo.maven.apache.org/maven2/io/micrometer/micrometer-observation/1.14.3/micrometer-observation-1.14.3-sources.jar[0m
2026.04.10 14:59:46 INFO  Progress (1): 7.7/53 kB[0m
2026.04.10 14:59:46 INFO  Progress (1): 16/53 kB [0m
2026.04.10 14:59:46 INFO  Progress (1): 29/53 kB[0m
2026.04.10 14:59:46 INFO  Progress (1): 45/53 kB[0m
2026.04.10 14:59:46 INFO  Progress (1): 53 kB   [0m
2026.04.10 14:59:46 INFO                     [0m
2026.04.10 14:59:46 INFO  Downloaded from central: https://repo.maven.apache.org/maven2/io/micrometer/micrometer-observation/1.14.3/micrometer-observation-1.14.3-sources.jar (53 kB at 2.1 MB/s)[0m
2026.04.10 14:59:46 INFO  [INFO] SUCCESS: io.micrometer:micrometer-observation:jar:1.14.3:compile (sources = true)[0m
2026.04.10 14:59:46 INFO  [INFO] Resolving artifact: net.minidev:json-smart:jar:2.5.1:test (sources = false)[0m
2026.04.10 14:59:46 INFO  [INFO] SUCCESS: net.minidev:json-smart:jar:2.5.1:test (sources = false)[0m
2026.04.10 14:59:46 INFO  [INFO] Resolving artifact: net.minidev:json-smart:jar:2.5.1:test (sources = true)[0m
2026.04.10 14:59:46 INFO  Downloading from central: https://repo.maven.apache.org/maven2/net/minidev/json-smart/2.5.1/json-smart-2.5.1-sources.jar[0m
2026.04.10 14:59:46 INFO  Progress (1): 7.7/65 kB[0m
2026.04.10 14:59:46 INFO  Progress (1): 16/65 kB [0m
2026.04.10 14:59:46 INFO  Progress (1): 32/65 kB[0m
2026.04.10 14:59:46 INFO  Progress (1): 49/65 kB[0m
2026.04.10 14:59:46 INFO  Progress (1): 65/65 kB[0m
2026.04.10 14:59:46 INFO  Progress (1): 65 kB   [0m
2026.04.10 14:59:46 INFO                     [0m
2026.04.10 14:59:46 INFO  Downloaded from central: https://repo.maven.apache.org/maven2/net/minidev/json-smart/2.5.1/json-smart-2.5.1-sources.jar (65 kB at 2.5 MB/s)[0m
2026.04.10 14:59:46 INFO  [INFO] SUCCESS: net.minidev:json-smart:jar:2.5.1:test (sources = true)[0m
2026.04.10 14:59:46 INFO  [INFO] Resolving artifact: org.springframework.boot:spring-boot-test-autoconfigure:jar:3.4.2:test (sources = false)[0m
2026.04.10 14:59:46 INFO  Downloading from central: https://repo.maven.apache.org/maven2/org/springframework/boot/spring-boot-test-autoconfigure/3.4.2/spring-boot-test-autoconfigure-3.4.2.jar[0m
2026.04.10 14:59:46 INFO  Progress (1): 7.7/227 kB[0m
2026.04.10 14:59:46 INFO  Progress (1): 16/227 kB [0m
2026.04.10 14:59:46 INFO  Progress (1): 25/227 kB[0m
2026.04.10 14:59:46 INFO  Progress (1): 41/227 kB[0m
2026.04.10 14:59:46 INFO  Progress (1): 57/227 kB[0m
2026.04.10 14:59:46 INFO  Progress (1): 74/227 kB[0m
2026.04.10 14:59:46 INFO  Progress (1): 90/227 kB[0m
2026.04.10 14:59:46 INFO  Progress (1): 106/227 kB[0m
2026.04.10 14:59:46 INFO  Progress (1): 123/227 kB[0m
2026.04.10 14:59:46 INFO  Progress (1): 139/227 kB[0m
2026.04.10 14:59:46 INFO  Progress (1): 156/227 kB[0m
2026.04.10 14:59:46 INFO  Progress (1): 172/227 kB[0m
2026.04.10 14:59:46 INFO  Progress (1): 188/227 kB[0m
2026.04.10 14:59:46 INFO  Progress (1): 205/227 kB[0m
2026.04.10 14:59:46 INFO  Progress (1): 221/227 kB[0m
2026.04.10 14:59:46 INFO  Progress (1): 227 kB    [0m
2026.04.10 14:59:46 INFO                      [0m
2026.04.10 14:59:46 INFO  Downloaded from central: https://repo.maven.apache.org/maven2/org/springframework/boot/spring-boot-test-autoconfigure/3.4.2/spring-boot-test-autoconfigure-3.4.2.jar (227 kB at 8.7 MB/s)[0m
2026.04.10 14:59:46 INFO  [INFO] SUCCESS: org.springframework.boot:spring-boot-test-autoconfigure:jar:3.4.2:test (sources = false)[0m
2026.04.10 14:59:46 INFO  [INFO] Resolving artifact: org.springframework.boot:spring-boot-test-autoconfigure:jar:3.4.2:test (sources = true)[0m
2026.04.10 14:59:46 INFO  Downloading from central: https://repo.maven.apache.org/maven2/org/springframework/boot/spring-boot-test-autoconfigure/3.4.2/spring-boot-test-autoconfigure-3.4.2-sources.jar[0m
2026.04.10 14:59:46 INFO  Progress (1): 7.7/227 kB[0m
2026.04.10 14:59:46 INFO  Progress (1): 16/227 kB [0m
2026.04.10 14:59:46 INFO  Progress (1): 25/227 kB[0m
2026.04.10 14:59:46 INFO  Progress (1): 41/227 kB[0m
2026.04.10 14:59:46 INFO  Progress (1): 57/227 kB[0m
2026.04.10 14:59:46 INFO  Progress (1): 74/227 kB[0m
2026.04.10 14:59:46 INFO  Progress (1): 90/227 kB[0m
2026.04.10 14:59:46 INFO  Progress (1): 106/227 kB[0m
2026.04.10 14:59:46 INFO  Progress (1): 123/227 kB[0m
2026.04.10 14:59:46 INFO  Progress (1): 131/227 kB[0m
2026.04.10 14:59:46 INFO  Progress (1): 147/227 kB[0m
2026.04.10 14:59:46 INFO  Progress (1): 164/227 kB[0m
2026.04.10 14:59:46 INFO  Progress (1): 180/227 kB[0m
2026.04.10 14:59:46 INFO  Progress (1): 197/227 kB[0m
2026.04.10 14:59:46 INFO  Progress (1): 213/227 kB[0m
2026.04.10 14:59:46 INFO  Progress (1): 227 kB    [0m
2026.04.10 14:59:46 INFO                      [0m
2026.04.10 14:59:46 INFO  Downloaded from central: https://repo.maven.apache.org/maven2/org/springframework/boot/spring-boot-test-autoconfigure/3.4.2/spring-boot-test-autoconfigure-3.4.2-sources.jar (227 kB at 5.4 MB/s)[0m
2026.04.10 14:59:46 INFO  [INFO] SUCCESS: org.springframework.boot:spring-boot-test-autoconfigure:jar:3.4.2:test (sources = true)[0m
2026.04.10 14:59:46 INFO  [INFO] Resolving artifact: org.ow2.asm:asm:jar:9.6:test (sources = false)[0m
2026.04.10 14:59:46 INFO  [INFO] SUCCESS: org.ow2.asm:asm:jar:9.6:test (sources = false)[0m
2026.04.10 14:59:46 INFO  [INFO] Resolving artifact: org.ow2.asm:asm:jar:9.6:test (sources = true)[0m
2026.04.10 14:59:46 INFO  Downloading from central: https://repo.maven.apache.org/maven2/org/ow2/asm/asm/9.6/asm-9.6-sources.jar[0m
2026.04.10 14:59:46 INFO  Progress (1): 7.7/184 kB[0m
2026.04.10 14:59:46 INFO  Progress (1): 16/184 kB [0m
2026.04.10 14:59:46 INFO  Progress (1): 24/184 kB[0m
2026.04.10 14:59:46 INFO  Progress (1): 40/184 kB[0m
2026.04.10 14:59:46 INFO  Progress (1): 57/184 kB[0m
2026.04.10 14:59:46 INFO  Progress (1): 73/184 kB[0m
2026.04.10 14:59:46 INFO  Progress (1): 90/184 kB[0m
2026.04.10 14:59:46 INFO  Progress (1): 106/184 kB[0m
2026.04.10 14:59:46 INFO  Progress (1): 122/184 kB[0m
2026.04.10 14:59:46 INFO  Progress (1): 139/184 kB[0m
2026.04.10 14:59:46 INFO  Progress (1): 155/184 kB[0m
2026.04.10 14:59:46 INFO  Progress (1): 172/184 kB[0m
2026.04.10 14:59:46 INFO  Progress (1): 184 kB    [0m
2026.04.10 14:59:46 INFO                      [0m
2026.04.10 14:59:46 INFO  Downloaded from central: https://repo.maven.apache.org/maven2/org/ow2/asm/asm/9.6/asm-9.6-sources.jar (184 kB at 5.4 MB/s)[0m
2026.04.10 14:59:46 INFO  [INFO] SUCCESS: org.ow2.asm:asm:jar:9.6:test (sources = true)[0m
2026.04.10 14:59:46 INFO  [INFO] Resolving artifact: org.springframework:spring-tx:jar:6.2.2:compile (sources = false)[0m
2026.04.10 14:59:46 INFO  [INFO] SUCCESS: org.springframework:spring-tx:jar:6.2.2:compile (sources = false)[0m
2026.04.10 14:59:46 INFO  [INFO] Resolving artifact: org.springframework:spring-tx:jar:6.2.2:compile (sources = true)[0m
2026.04.10 14:59:46 INFO  Downloading from central: https://repo.maven.apache.org/maven2/org/springframework/spring-tx/6.2.2/spring-tx-6.2.2-sources.jar[0m
2026.04.10 14:59:46 INFO  Progress (1): 7.7/295 kB[0m
2026.04.10 14:59:46 INFO  Progress (1): 16/295 kB [0m
2026.04.10 14:59:46 INFO  Progress (1): 24/295 kB[0m
2026.04.10 14:59:46 INFO  Progress (1): 40/295 kB[0m
2026.04.10 14:59:46 INFO  Progress (1): 57/295 kB[0m
2026.04.10 14:59:46 INFO  Progress (1): 73/295 kB[0m
2026.04.10 14:59:46 INFO  Progress (1): 90/295 kB[0m
2026.04.10 14:59:46 INFO  Progress (1): 106/295 kB[0m
2026.04.10 14:59:46 INFO  Progress (1): 122/295 kB[0m
2026.04.10 14:59:46 INFO  Progress (1): 131/295 kB[0m
2026.04.10 14:59:46 INFO  Progress (1): 147/295 kB[0m
2026.04.10 14:59:46 INFO  Progress (1): 164/295 kB[0m
2026.04.10 14:59:46 INFO  Progress (1): 180/295 kB[0m
2026.04.10 14:59:46 INFO  Progress (1): 197/295 kB[0m
2026.04.10 14:59:46 INFO  Progress (1): 213/295 kB[0m
2026.04.10 14:59:46 INFO  Progress (1): 229/295 kB[0m
2026.04.10 14:59:46 INFO  Progress (1): 246/295 kB[0m
2026.04.10 14:59:46 INFO  Progress (1): 262/295 kB[0m
2026.04.10 14:59:46 INFO  Progress (1): 279/295 kB[0m
2026.04.10 14:59:46 INFO  Progress (1): 295/295 kB[0m
2026.04.10 14:59:46 INFO  Progress (1): 295 kB    [0m
2026.04.10 14:59:46 INFO                      [0m
2026.04.10 14:59:46 INFO  Downloaded from central: https://repo.maven.apache.org/maven2/org/springframework/spring-tx/6.2.2/spring-tx-6.2.2-sources.jar (295 kB at 8.7 MB/s)[0m
2026.04.10 14:59:46 INFO  [INFO] SUCCESS: org.springframework:spring-tx:jar:6.2.2:compile (sources = true)[0m
2026.04.10 14:59:46 INFO  [INFO] Resolving artifact: org.opentest4j:opentest4j:jar:1.3.0:test (sources = false)[0m
2026.04.10 14:59:46 INFO  [INFO] SUCCESS: org.opentest4j:opentest4j:jar:1.3.0:test (sources = false)[0m
2026.04.10 14:59:46 INFO  [INFO] Resolving artifact: org.opentest4j:opentest4j:jar:1.3.0:test (sources = true)[0m
2026.04.10 14:59:46 INFO  [INFO] SUCCESS: org.opentest4j:opentest4j:jar:1.3.0:test (sources = true)[0m
2026.04.10 14:59:46 INFO  [INFO] Resolving artifact: org.testcontainers:postgresql:jar:1.20.4:test (sources = false)[0m
2026.04.10 14:59:46 INFO  Downloading from central: https://repo.maven.apache.org/maven2/org/testcontainers/postgresql/1.20.4/postgresql-1.20.4.jar[0m
2026.04.10 14:59:46 INFO  Progress (1): 11 kB[0m
2026.04.10 14:59:46 INFO                     [0m
2026.04.10 14:59:46 INFO  Downloaded from central: https://repo.maven.apache.org/maven2/org/testcontainers/postgresql/1.20.4/postgresql-1.20.4.jar (11 kB at 465 kB/s)[0m
2026.04.10 14:59:46 INFO  [INFO] SUCCESS: org.testcontainers:postgresql:jar:1.20.4:test (sources = false)[0m
2026.04.10 14:59:46 INFO  [INFO] Resolving artifact: org.testcontainers:postgresql:jar:1.20.4:test (sources = true)[0m
2026.04.10 14:59:46 INFO  Downloading from central: https://repo.maven.apache.org/maven2/org/testcontainers/postgresql/1.20.4/postgresql-1.20.4-sources.jar[0m
2026.04.10 14:59:46 INFO  Progress (1): 6.1 kB[0m
2026.04.10 14:59:46 INFO                      [0m
2026.04.10 14:59:46 INFO  Downloaded from central: https://repo.maven.apache.org/maven2/org/testcontainers/postgresql/1.20.4/postgresql-1.20.4-sources.jar (6.1 kB at 267 kB/s)[0m
2026.04.10 14:59:46 INFO  [INFO] SUCCESS: org.testcontainers:postgresql:jar:1.20.4:test (sources = true)[0m
2026.04.10 14:59:46 INFO  [INFO] Resolving artifact: io.smallrye:jandex:jar:3.2.0:runtime (sources = false)[0m
2026.04.10 14:59:46 INFO  [INFO] SUCCESS: io.smallrye:jandex:jar:3.2.0:runtime (sources = false)[0m
2026.04.10 14:59:46 INFO  [INFO] Resolving artifact: io.smallrye:jandex:jar:3.2.0:runtime (sources = true)[0m
2026.04.10 14:59:46 INFO  Downloading from central: https://repo.maven.apache.org/maven2/io/smallrye/jandex/3.2.0/jandex-3.2.0-sources.jar[0m
2026.04.10 14:59:46 INFO  Progress (1): 7.7/218 kB[0m
2026.04.10 14:59:46 INFO  Progress (1): 12/218 kB [0m
2026.04.10 14:59:46 INFO  Progress (1): 29/218 kB[0m
2026.04.10 14:59:46 INFO  Progress (1): 45/218 kB[0m
2026.04.10 14:59:46 INFO  Progress (1): 61/218 kB[0m
2026.04.10 14:59:46 INFO  Progress (1): 78/218 kB[0m
2026.04.10 14:59:46 INFO  Progress (1): 94/218 kB[0m
2026.04.10 14:59:46 INFO  Progress (1): 111/218 kB[0m
2026.04.10 14:59:46 INFO  Progress (1): 127/218 kB[0m
2026.04.10 14:59:46 INFO  Progress (1): 143/218 kB[0m
2026.04.10 14:59:46 INFO  Progress (1): 160/218 kB[0m
2026.04.10 14:59:46 INFO  Progress (1): 176/218 kB[0m
2026.04.10 14:59:46 INFO  Progress (1): 193/218 kB[0m
2026.04.10 14:59:46 INFO  Progress (1): 209/218 kB[0m
2026.04.10 14:59:46 INFO  Progress (1): 218 kB    [0m
2026.04.10 14:59:46 INFO                      [0m
2026.04.10 14:59:46 INFO  Downloaded from central: https://repo.maven.apache.org/maven2/io/smallrye/jandex/3.2.0/jandex-3.2.0-sources.jar (218 kB at 7.3 MB/s)[0m
2026.04.10 14:59:46 INFO  [INFO] SUCCESS: io.smallrye:jandex:jar:3.2.0:runtime (sources = true)[0m
2026.04.10 14:59:46 INFO  [INFO] Resolving artifact: org.springframework.boot:spring-boot-starter-actuator:jar:3.4.2:compile (sources = false)[0m
2026.04.10 14:59:46 INFO  [INFO] SUCCESS: org.springframework.boot:spring-boot-starter-actuator:jar:3.4.2:compile (sources = false)[0m
2026.04.10 14:59:46 INFO  [INFO] Resolving artifact: org.springframework.boot:spring-boot-starter-actuator:jar:3.4.2:compile (sources = true)[0m
2026.04.10 14:59:46 INFO  Downloading from central: https://repo.maven.apache.org/maven2/org/springframework/boot/spring-boot-starter-actuator/3.4.2/spring-boot-starter-actuator-3.4.2-sources.jar[0m
2026.04.10 14:59:46 INFO  Progress (1): 4.8 kB[0m
2026.04.10 14:59:46 INFO                      [0m
2026.04.10 14:59:46 INFO  Downloaded from central: https://repo.maven.apache.org/maven2/org/springframework/boot/spring-boot-starter-actuator/3.4.2/spring-boot-starter-actuator-3.4.2-sources.jar (4.8 kB at 192 kB/s)[0m
2026.04.10 14:59:46 INFO  [INFO] SUCCESS: org.springframework.boot:spring-boot-starter-actuator:jar:3.4.2:compile (sources = true)[0m
2026.04.10 14:59:46 INFO  [INFO] Resolving artifact: org.jboss.logging:jboss-logging:jar:3.6.1.Final:compile (sources = false)[0m
2026.04.10 14:59:46 INFO  [INFO] SUCCESS: org.jboss.logging:jboss-logging:jar:3.6.1.Final:compile (sources = false)[0m
2026.04.10 14:59:46 INFO  [INFO] Resolving artifact: org.jboss.logging:jboss-logging:jar:3.6.1.Final:compile (sources = true)[0m
2026.04.10 14:59:46 INFO  Downloading from central: https://repo.maven.apache.org/maven2/org/jboss/logging/jboss-logging/3.6.1.Final/jboss-logging-3.6.1.Final-sources.jar[0m
2026.04.10 14:59:46 INFO  Progress (1): 7.7/47 kB[0m
2026.04.10 14:59:46 INFO  Progress (1): 12/47 kB [0m
2026.04.10 14:59:46 INFO  Progress (1): 29/47 kB[0m
2026.04.10 14:59:46 INFO  Progress (1): 45/47 kB[0m
2026.04.10 14:59:46 INFO  Progress (1): 47 kB   [0m
2026.04.10 14:59:46 INFO                     [0m
2026.04.10 14:59:46 INFO  Downloaded from central: https://repo.maven.apache.org/maven2/org/jboss/logging/jboss-logging/3.6.1.Final/jboss-logging-3.6.1.Final-sources.jar (47 kB at 1.9 MB/s)[0m
2026.04.10 14:59:46 INFO  [INFO] SUCCESS: org.jboss.logging:jboss-logging:jar:3.6.1.Final:compile (sources = true)[0m
2026.04.10 14:59:46 INFO  [INFO] Resolving artifact: org.springframework.boot:spring-boot-actuator:jar:3.4.2:compile (sources = false)[0m
2026.04.10 14:59:46 INFO  [INFO] SUCCESS: org.springframework.boot:spring-boot-actuator:jar:3.4.2:compile (sources = false)[0m
2026.04.10 14:59:46 INFO  [INFO] Resolving artifact: org.springframework.boot:spring-boot-actuator:jar:3.4.2:compile (sources = true)[0m
2026.04.10 14:59:46 INFO  Downloading from central: https://repo.maven.apache.org/maven2/org/springframework/boot/spring-boot-actuator/3.4.2/spring-boot-actuator-3.4.2-sources.jar[0m
2026.04.10 14:59:46 INFO  Progress (1): 7.7/469 kB[0m
2026.04.10 14:59:46 INFO  Progress (1): 16/469 kB [0m
2026.04.10 14:59:46 INFO  Progress (1): 25/469 kB[0m
2026.04.10 14:59:46 INFO  Progress (1): 41/469 kB[0m
2026.04.10 14:59:46 INFO  Progress (1): 57/469 kB[0m
2026.04.10 14:59:46 INFO  Progress (1): 74/469 kB[0m
2026.04.10 14:59:46 INFO  Progress (1): 90/469 kB[0m
2026.04.10 14:59:46 INFO  Progress (1): 106/469 kB[0m
2026.04.10 14:59:46 INFO  Progress (1): 123/469 kB[0m
2026.04.10 14:59:46 INFO  Progress (1): 131/469 kB[0m
2026.04.10 14:59:46 INFO  Progress (1): 147/469 kB[0m
2026.04.10 14:59:46 INFO  Progress (1): 164/469 kB[0m
2026.04.10 14:59:46 INFO  Progress (1): 180/469 kB[0m
2026.04.10 14:59:46 INFO  Progress (1): 197/469 kB[0m
2026.04.10 14:59:46 INFO  Progress (1): 213/469 kB[0m
2026.04.10 14:59:46 INFO  Progress (1): 229/469 kB[0m
2026.04.10 14:59:46 INFO  Progress (1): 246/469 kB[0m
2026.04.10 14:59:46 INFO  Progress (1): 262/469 kB[0m
2026.04.10 14:59:46 INFO  Progress (1): 279/469 kB[0m
2026.04.10 14:59:46 INFO  Progress (1): 295/469 kB[0m
2026.04.10 14:59:46 INFO  Progress (1): 311/469 kB[0m
2026.04.10 14:59:46 INFO  Progress (1): 328/469 kB[0m
2026.04.10 14:59:46 INFO  Progress (1): 344/469 kB[0m
2026.04.10 14:59:46 INFO  Progress (1): 360/469 kB[0m
2026.04.10 14:59:46 INFO  Progress (1): 364/469 kB[0m
2026.04.10 14:59:46 INFO  Progress (1): 381/469 kB[0m
2026.04.10 14:59:46 INFO  Progress (1): 397/469 kB[0m
2026.04.10 14:59:46 INFO  Progress (1): 413/469 kB[0m
2026.04.10 14:59:46 INFO  Progress (1): 430/469 kB[0m
2026.04.10 14:59:46 INFO  Progress (1): 446/469 kB[0m
2026.04.10 14:59:46 INFO  Progress (1): 463/469 kB[0m
2026.04.10 14:59:46 INFO  Progress (1): 469 kB    [0m
2026.04.10 14:59:46 INFO                      [0m
2026.04.10 14:59:46 INFO  Downloaded from central: https://repo.maven.apache.org/maven2/org/springframework/boot/spring-boot-actuator/3.4.2/spring-boot-actuator-3.4.2-sources.jar (469 kB at 13 MB/s)[0m
2026.04.10 14:59:46 INFO  [INFO] SUCCESS: org.springframework.boot:spring-boot-actuator:jar:3.4.2:compile (sources = true)[0m
2026.04.10 14:59:46 INFO  [INFO] Resolving artifact: net.minidev:accessors-smart:jar:2.5.1:test (sources = false)[0m
2026.04.10 14:59:46 INFO  [INFO] SUCCESS: net.minidev:accessors-smart:jar:2.5.1:test (sources = false)[0m
2026.04.10 14:59:46 INFO  [INFO] Resolving artifact: net.minidev:accessors-smart:jar:2.5.1:test (sources = true)[0m
2026.04.10 14:59:46 INFO  Downloading from central: https://repo.maven.apache.org/maven2/net/minidev/accessors-smart/2.5.1/accessors-smart-2.5.1-sources.jar[0m
2026.04.10 14:59:46 INFO  Progress (1): 7.7/23 kB[0m
2026.04.10 14:59:46 INFO  Progress (1): 16/23 kB [0m
2026.04.10 14:59:46 INFO  Progress (1): 23 kB   [0m
2026.04.10 14:59:46 INFO                     [0m
2026.04.10 14:59:46 INFO  Downloaded from central: https://repo.maven.apache.org/maven2/net/minidev/accessors-smart/2.5.1/accessors-smart-2.5.1-sources.jar (23 kB at 834 kB/s)[0m
2026.04.10 14:59:46 INFO  [INFO] SUCCESS: net.minidev:accessors-smart:jar:2.5.1:test (sources = true)[0m
2026.04.10 14:59:46 INFO  [INFO] Resolving artifact: jakarta.transaction:jakarta.transaction-api:jar:2.0.1:compile (sources = false)[0m
2026.04.10 14:59:46 INFO  [INFO] SUCCESS: jakarta.transaction:jakarta.transaction-api:jar:2.0.1:compile (sources = false)[0m
2026.04.10 14:59:46 INFO  [INFO] Resolving artifact: jakarta.transaction:jakarta.transaction-api:jar:2.0.1:compile (sources = true)[0m
2026.04.10 14:59:46 INFO  Downloading from central: https://repo.maven.apache.org/maven2/jakarta/transaction/jakarta.transaction-api/2.0.1/jakarta.transaction-api-2.0.1-sources.jar[0m
2026.04.10 14:59:46 INFO  Progress (1): 7.7/40 kB[0m
2026.04.10 14:59:46 INFO  Progress (1): 8.2/40 kB[0m
2026.04.10 14:59:46 INFO  Progress (1): 25/40 kB [0m
2026.04.10 14:59:46 INFO  Progress (1): 40 kB   [0m
2026.04.10 14:59:46 INFO                     [0m
2026.04.10 14:59:46 INFO  Downloaded from central: https://repo.maven.apache.org/maven2/jakarta/transaction/jakarta.transaction-api/2.0.1/jakarta.transaction-api-2.0.1-sources.jar (40 kB at 1.6 MB/s)[0m
2026.04.10 14:59:46 INFO  [INFO] SUCCESS: jakarta.transaction:jakarta.transaction-api:jar:2.0.1:compile (sources = true)[0m
2026.04.10 14:59:46 INFO  [INFO] Resolving artifact: org.testcontainers:testcontainers:jar:1.20.4:test (sources = false)[0m
2026.04.10 14:59:46 INFO  Downloading from central: https://repo.maven.apache.org/maven2/org/testcontainers/testcontainers/1.20.4/testcontainers-1.20.4.jar[0m
2026.04.10 14:59:46 INFO  Progress (1): 0/18 MB[0m
2026.04.10 14:59:46 INFO  Progress (1): 0/18 MB[0m
2026.04.10 14:59:46 INFO  Progress (1): 0/18 MB[0m
2026.04.10 14:59:46 INFO  Progress (1): 0/18 MB[0m
2026.04.10 14:59:46 INFO  Progress (1): 0.1/18 MB[0m
2026.04.10 14:59:46 INFO  Progress (1): 0.1/18 MB[0m
2026.04.10 14:59:46 INFO  Progress (1): 0.1/18 MB[0m
2026.04.10 14:59:46 INFO  Progress (1): 0.1/18 MB[0m
2026.04.10 14:59:46 INFO  Progress (1): 0.1/18 MB[0m
2026.04.10 14:59:46 INFO  Progress (1): 0.1/18 MB[0m
2026.04.10 14:59:46 INFO  Progress (1): 0.2/18 MB[0m
2026.04.10 14:59:46 INFO  Progress (1): 0.2/18 MB[0m
2026.04.10 14:59:46 INFO  Progress (1): 0.2/18 MB[0m
2026.04.10 14:59:46 INFO  Progress (1): 0.2/18 MB[0m
2026.04.10 14:59:46 INFO  Progress (1): 0.2/18 MB[0m
2026.04.10 14:59:46 INFO  Progress (1): 0.2/18 MB[0m
2026.04.10 14:59:46 INFO  Progress (1): 0.3/18 MB[0m
2026.04.10 14:59:46 INFO  Progress (1): 0.3/18 MB[0m
2026.04.10 14:59:46 INFO  Progress (1): 0.3/18 MB[0m
2026.04.10 14:59:46 INFO  Progress (1): 0.3/18 MB[0m
2026.04.10 14:59:46 INFO  Progress (1): 0.3/18 MB[0m
2026.04.10 14:59:46 INFO  Progress (1): 0.3/18 MB[0m
2026.04.10 14:59:46 INFO  Progress (1): 0.4/18 MB[0m
2026.04.10 14:59:46 INFO  Progress (1): 0.4/18 MB[0m
2026.04.10 14:59:46 INFO  Progress (1): 0.4/18 MB[0m
2026.04.10 14:59:46 INFO  Progress (1): 0.4/18 MB[0m
2026.04.10 14:59:46 INFO  Progress (1): 0.4/18 MB[0m
2026.04.10 14:59:46 INFO  Progress (1): 0.4/18 MB[0m
2026.04.10 14:59:46 INFO  Progress (1): 0.5/18 MB[0m
2026.04.10 14:59:46 INFO  Progress (1): 0.5/18 MB[0m
2026.04.10 14:59:46 INFO  Progress (1): 0.5/18 MB[0m
2026.04.10 14:59:46 INFO  Progress (1): 0.5/18 MB[0m
2026.04.10 14:59:46 INFO  Progress (1): 0.5/18 MB[0m
2026.04.10 14:59:46 INFO  Progress (1): 0.5/18 MB[0m
2026.04.10 14:59:46 INFO  Progress (1): 0.6/18 MB[0m
2026.04.10 14:59:46 INFO  Progress (1): 0.6/18 MB[0m
2026.04.10 14:59:46 INFO  Progress (1): 0.6/18 MB[0m
2026.04.10 14:59:46 INFO  Progress (1): 0.6/18 MB[0m
2026.04.10 14:59:46 INFO  Progress (1): 0.6/18 MB[0m
2026.04.10 14:59:46 INFO  Progress (1): 0.6/18 MB[0m
2026.04.10 14:59:46 INFO  Progress (1): 0.6/18 MB[0m
2026.04.10 14:59:46 INFO  Progress (1): 0.7/18 MB[0m
2026.04.10 14:59:46 INFO  Progress (1): 0.7/18 MB[0m
2026.04.10 14:59:46 INFO  Progress (1): 0.7/18 MB[0m
2026.04.10 14:59:46 INFO  Progress (1): 0.7/18 MB[0m
2026.04.10 14:59:46 INFO  Progress (1): 0.7/18 MB[0m
2026.04.10 14:59:46 INFO  Progress (1): 0.7/18 MB[0m
2026.04.10 14:59:46 INFO  Progress (1): 0.8/18 MB[0m
2026.04.10 14:59:46 INFO  Progress (1): 0.8/18 MB[0m
2026.04.10 14:59:46 INFO  Progress (1): 0.8/18 MB[0m
2026.04.10 14:59:46 INFO  Progress (1): 0.8/18 MB[0m
2026.04.10 14:59:46 INFO  Progress (1): 0.8/18 MB[0m
2026.04.10 14:59:46 INFO  Progress (1): 0.8/18 MB[0m
2026.04.10 14:59:46 INFO  Progress (1): 0.9/18 MB[0m
2026.04.10 14:59:46 INFO  Progress (1): 0.9/18 MB[0m
2026.04.10 14:59:46 INFO  Progress (1): 0.9/18 MB[0m
2026.04.10 14:59:46 INFO  Progress (1): 0.9/18 MB[0m
2026.04.10 14:59:46 INFO  Progress (1): 0.9/18 MB[0m
2026.04.10 14:59:46 INFO  Progress (1): 0.9/18 MB[0m
2026.04.10 14:59:46 INFO  Progress (1): 1.0/18 MB[0m
2026.04.10 14:59:46 INFO  Progress (1): 1.0/18 MB[0m
2026.04.10 14:59:46 INFO  Progress (1): 1.0/18 MB[0m
2026.04.10 14:59:46 INFO  Progress (1): 1.0/18 MB[0m
2026.04.10 14:59:46 INFO  Progress (1): 1.0/18 MB[0m
2026.04.10 14:59:46 INFO  Progress (1): 1.0/18 MB[0m
2026.04.10 14:59:46 INFO  Progress (1): 1.0/18 MB[0m
2026.04.10 14:59:46 INFO  Progress (1): 1.1/18 MB[0m
2026.04.10 14:59:46 INFO  Progress (1): 1.1/18 MB[0m
2026.04.10 14:59:46 INFO  Progress (1): 1.1/18 MB[0m
2026.04.10 14:59:46 INFO  Progress (1): 1.1/18 MB[0m
2026.04.10 14:59:46 INFO  Progress (1): 1.1/18 MB[0m
2026.04.10 14:59:46 INFO  Progress (1): 1.1/18 MB[0m
2026.04.10 14:59:46 INFO  Progress (1): 1.2/18 MB[0m
2026.04.10 14:59:46 INFO  Progress (1): 1.2/18 MB[0m
2026.04.10 14:59:46 INFO  Progress (1): 1.2/18 MB[0m
2026.04.10 14:59:46 INFO  Progress (1): 1.2/18 MB[0m
2026.04.10 14:59:46 INFO  Progress (1): 1.2/18 MB[0m
2026.04.10 14:59:46 INFO  Progress (1): 1.2/18 MB[0m
2026.04.10 14:59:46 INFO  Progress (1): 1.3/18 MB[0m
2026.04.10 14:59:46 INFO  Progress (1): 1.3/18 MB[0m
2026.04.10 14:59:46 INFO  Progress (1): 1.3/18 MB[0m
2026.04.10 14:59:46 INFO  Progress (1): 1.3/18 MB[0m
2026.04.10 14:59:46 INFO  Progress (1): 1.3/18 MB[0m
2026.04.10 14:59:46 INFO  Progress (1): 1.3/18 MB[0m
2026.04.10 14:59:46 INFO  Progress (1): 1.4/18 MB[0m
2026.04.10 14:59:46 INFO  Progress (1): 1.4/18 MB[0m
2026.04.10 14:59:46 INFO  Progress (1): 1.4/18 MB[0m
2026.04.10 14:59:46 INFO  Progress (1): 1.4/18 MB[0m
2026.04.10 14:59:46 INFO  Progress (1): 1.4/18 MB[0m
2026.04.10 14:59:46 INFO  Progress (1): 1.4/18 MB[0m
2026.04.10 14:59:46 INFO  Progress (1): 1.5/18 MB[0m
2026.04.10 14:59:46 INFO  Progress (1): 1.5/18 MB[0m
2026.04.10 14:59:46 INFO  Progress (1): 1.5/18 MB[0m
2026.04.10 14:59:46 INFO  Progress (1): 1.5/18 MB[0m
2026.04.10 14:59:46 INFO  Progress (1): 1.5/18 MB[0m
2026.04.10 14:59:46 INFO  Progress (1): 1.5/18 MB[0m
2026.04.10 14:59:46 INFO  Progress (1): 1.6/18 MB[0m
2026.04.10 14:59:46 INFO  Progress (1): 1.6/18 MB[0m
2026.04.10 14:59:46 INFO  Progress (1): 1.6/18 MB[0m
2026.04.10 14:59:46 INFO  Progress (1): 1.6/18 MB[0m
2026.04.10 14:59:46 INFO  Progress (1): 1.6/18 MB[0m
2026.04.10 14:59:46 INFO  Progress (1): 1.6/18 MB[0m
2026.04.10 14:59:46 INFO  Progress (1): 1.7/18 MB[0m
2026.04.10 14:59:46 INFO  Progress (1): 1.7/18 MB[0m
2026.04.10 14:59:46 INFO  Progress (1): 1.7/18 MB[0m
2026.04.10 14:59:46 INFO  Progress (1): 1.7/18 MB[0m
2026.04.10 14:59:46 INFO  Progress (1): 1.7/18 MB[0m
2026.04.10 14:59:46 INFO  Progress (1): 1.7/18 MB[0m
2026.04.10 14:59:46 INFO  Progress (1): 1.8/18 MB[0m
2026.04.10 14:59:46 INFO  Progress (1): 1.8/18 MB[0m
2026.04.10 14:59:46 INFO  Progress (1): 1.8/18 MB[0m
2026.04.10 14:59:46 INFO  Progress (1): 1.8/18 MB[0m
2026.04.10 14:59:46 INFO  Progress (1): 1.8/18 MB[0m
2026.04.10 14:59:46 INFO  Progress (1): 1.8/18 MB[0m
2026.04.10 14:59:46 INFO  Progress (1): 1.9/18 MB[0m
2026.04.10 14:59:46 INFO  Progress (1): 1.9/18 MB[0m
2026.04.10 14:59:46 INFO  Progress (1): 1.9/18 MB[0m
2026.04.10 14:59:46 INFO  Progress (1): 1.9/18 MB[0m
2026.04.10 14:59:46 INFO  Progress (1): 1.9/18 MB[0m
2026.04.10 14:59:46 INFO  Progress (1): 1.9/18 MB[0m
2026.04.10 14:59:46 INFO  Progress (1): 1.9/18 MB[0m
2026.04.10 14:59:46 INFO  Progress (1): 2.0/18 MB[0m
2026.04.10 14:59:46 INFO  Progress (1): 2.0/18 MB[0m
2026.04.10 14:59:46 INFO  Progress (1): 2.0/18 MB[0m
2026.04.10 14:59:46 INFO  Progress (1): 2.0/18 MB[0m
2026.04.10 14:59:46 INFO  Progress (1): 2.0/18 MB[0m
2026.04.10 14:59:46 INFO  Progress (1): 2.0/18 MB[0m
2026.04.10 14:59:46 INFO  Progress (1): 2.1/18 MB[0m
2026.04.10 14:59:46 INFO  Progress (1): 2.1/18 MB[0m
2026.04.10 14:59:46 INFO  Progress (1): 2.1/18 MB[0m
2026.04.10 14:59:46 INFO  Progress (1): 2.1/18 MB[0m
2026.04.10 14:59:46 INFO  Progress (1): 2.1/18 MB[0m
2026.04.10 14:59:46 INFO  Progress (1): 2.1/18 MB[0m
2026.04.10 14:59:46 INFO  Progress (1): 2.2/18 MB[0m
2026.04.10 14:59:46 INFO  Progress (1): 2.2/18 MB[0m
2026.04.10 14:59:46 INFO  Progress (1): 2.2/18 MB[0m
2026.04.10 14:59:46 INFO  Progress (1): 2.2/18 MB[0m
2026.04.10 14:59:46 INFO  Progress (1): 2.2/18 MB[0m
2026.04.10 14:59:46 INFO  Progress (1): 2.2/18 MB[0m
2026.04.10 14:59:46 INFO  Progress (1): 2.2/18 MB[0m
2026.04.10 14:59:46 INFO  Progress (1): 2.3/18 MB[0m
2026.04.10 14:59:46 INFO  Progress (1): 2.3/18 MB[0m
2026.04.10 14:59:46 INFO  Progress (1): 2.3/18 MB[0m
2026.04.10 14:59:46 INFO  Progress (1): 2.3/18 MB[0m
2026.04.10 14:59:46 INFO  Progress (1): 2.3/18 MB[0m
2026.04.10 14:59:46 INFO  Progress (1): 2.3/18 MB[0m
2026.04.10 14:59:46 INFO  Progress (1): 2.4/18 MB[0m
2026.04.10 14:59:46 INFO  Progress (1): 2.4/18 MB[0m
2026.04.10 14:59:46 INFO  Progress (1): 2.4/18 MB[0m
2026.04.10 14:59:46 INFO  Progress (1): 2.4/18 MB[0m
2026.04.10 14:59:46 INFO  Progress (1): 2.4/18 MB[0m
2026.04.10 14:59:46 INFO  Progress (1): 2.4/18 MB[0m
2026.04.10 14:59:46 INFO  Progress (1): 2.5/18 MB[0m
2026.04.10 14:59:46 INFO  Progress (1): 2.5/18 MB[0m
2026.04.10 14:59:46 INFO  Progress (1): 2.5/18 MB[0m
2026.04.10 14:59:46 INFO  Progress (1): 2.5/18 MB[0m
2026.04.10 14:59:46 INFO  Progress (1): 2.5/18 MB[0m
2026.04.10 14:59:46 INFO  Progress (1): 2.5/18 MB[0m
2026.04.10 14:59:46 INFO  Progress (1): 2.5/18 MB[0m
2026.04.10 14:59:46 INFO  Progress (1): 2.6/18 MB[0m
2026.04.10 14:59:46 INFO  Progress (1): 2.6/18 MB[0m
2026.04.10 14:59:46 INFO  Progress (1): 2.6/18 MB[0m
2026.04.10 14:59:46 INFO  Progress (1): 2.6/18 MB[0m
2026.04.10 14:59:46 INFO  Progress (1): 2.6/18 MB[0m
2026.04.10 14:59:46 INFO  Progress (1): 2.6/18 MB[0m
2026.04.10 14:59:46 INFO  Progress (1): 2.7/18 MB[0m
2026.04.10 14:59:46 INFO  Progress (1): 2.7/18 MB[0m
2026.04.10 14:59:46 INFO  Progress (1): 2.7/18 MB[0m
2026.04.10 14:59:46 INFO  Progress (1): 2.7/18 MB[0m
2026.04.10 14:59:46 INFO  Progress (1): 2.7/18 MB[0m
2026.04.10 14:59:46 INFO  Progress (1): 2.7/18 MB[0m
2026.04.10 14:59:46 INFO  Progress (1): 2.8/18 MB[0m
2026.04.10 14:59:46 INFO  Progress (1): 2.8/18 MB[0m
2026.04.10 14:59:46 INFO  Progress (1): 2.8/18 MB[0m
2026.04.10 14:59:46 INFO  Progress (1): 2.8/18 MB[0m
2026.04.10 14:59:46 INFO  Progress (1): 2.8/18 MB[0m
2026.04.10 14:59:46 INFO  Progress (1): 2.8/18 MB[0m
2026.04.10 14:59:46 INFO  Progress (1): 2.9/18 MB[0m
2026.04.10 14:59:46 INFO  Progress (1): 2.9/18 MB[0m
2026.04.10 14:59:46 INFO  Progress (1): 2.9/18 MB[0m
2026.04.10 14:59:46 INFO  Progress (1): 2.9/18 MB[0m
2026.04.10 14:59:46 INFO  Progress (1): 2.9/18 MB[0m
2026.04.10 14:59:46 INFO  Progress (1): 2.9/18 MB[0m
2026.04.10 14:59:46 INFO  Progress (1): 3.0/18 MB[0m
2026.04.10 14:59:46 INFO  Progress (1): 3.0/18 MB[0m
2026.04.10 14:59:46 INFO  Progress (1): 3.0/18 MB[0m
2026.04.10 14:59:46 INFO  Progress (1): 3.0/18 MB[0m
2026.04.10 14:59:46 INFO  Progress (1): 3.0/18 MB[0m
2026.04.10 14:59:46 INFO  Progress (1): 3.0/18 MB[0m
2026.04.10 14:59:46 INFO  Progress (1): 3.0/18 MB[0m
2026.04.10 14:59:46 INFO  Progress (1): 3.1/18 MB[0m
2026.04.10 14:59:46 INFO  Progress (1): 3.1/18 MB[0m
2026.04.10 14:59:46 INFO  Progress (1): 3.1/18 MB[0m
2026.04.10 14:59:46 INFO  Progress (1): 3.1/18 MB[0m
2026.04.10 14:59:46 INFO  Progress (1): 3.1/18 MB[0m
2026.04.10 14:59:46 INFO  Progress (1): 3.1/18 MB[0m
2026.04.10 14:59:46 INFO  Progress (1): 3.2/18 MB[0m
2026.04.10 14:59:46 INFO  Progress (1): 3.2/18 MB[0m
2026.04.10 14:59:46 INFO  Progress (1): 3.2/18 MB[0m
2026.04.10 14:59:46 INFO  Progress (1): 3.2/18 MB[0m
2026.04.10 14:59:46 INFO  Progress (1): 3.2/18 MB[0m
2026.04.10 14:59:46 INFO  Progress (1): 3.2/18 MB[0m
2026.04.10 14:59:46 INFO  Progress (1): 3.3/18 MB[0m
2026.04.10 14:59:46 INFO  Progress (1): 3.3/18 MB[0m
2026.04.10 14:59:46 INFO  Progress (1): 3.3/18 MB[0m
2026.04.10 14:59:46 INFO  Progress (1): 3.3/18 MB[0m
2026.04.10 14:59:46 INFO  Progress (1): 3.3/18 MB[0m
2026.04.10 14:59:46 INFO  Progress (1): 3.3/18 MB[0m
2026.04.10 14:59:46 INFO  Progress (1): 3.4/18 MB[0m
2026.04.10 14:59:46 INFO  Progress (1): 3.4/18 MB[0m
2026.04.10 14:59:46 INFO  Progress (1): 3.4/18 MB[0m
2026.04.10 14:59:46 INFO  Progress (1): 3.4/18 MB[0m
2026.04.10 14:59:46 INFO  Progress (1): 3.4/18 MB[0m
2026.04.10 14:59:46 INFO  Progress (1): 3.4/18 MB[0m
2026.04.10 14:59:46 INFO  Progress (1): 3.5/18 MB[0m
2026.04.10 14:59:46 INFO  Progress (1): 3.5/18 MB[0m
2026.04.10 14:59:46 INFO  Progress (1): 3.5/18 MB[0m
2026.04.10 14:59:46 INFO  Progress (1): 3.5/18 MB[0m
2026.04.10 14:59:46 INFO  Progress (1): 3.5/18 MB[0m
2026.04.10 14:59:46 INFO  Progress (1): 3.5/18 MB[0m
2026.04.10 14:59:46 INFO  Progress (1): 3.5/18 MB[0m
2026.04.10 14:59:46 INFO  Progress (1): 3.6/18 MB[0m
2026.04.10 14:59:46 INFO  Progress (1): 3.6/18 MB[0m
2026.04.10 14:59:46 INFO  Progress (1): 3.6/18 MB[0m
2026.04.10 14:59:46 INFO  Progress (1): 3.6/18 MB[0m
2026.04.10 14:59:46 INFO  Progress (1): 3.6/18 MB[0m
2026.04.10 14:59:46 INFO  Progress (1): 3.6/18 MB[0m
2026.04.10 14:59:46 INFO  Progress (1): 3.7/18 MB[0m
2026.04.10 14:59:46 INFO  Progress (1): 3.7/18 MB[0m
2026.04.10 14:59:46 INFO  Progress (1): 3.7/18 MB[0m
2026.04.10 14:59:46 INFO  Progress (1): 3.7/18 MB[0m
2026.04.10 14:59:46 INFO  Progress (1): 3.7/18 MB[0m
2026.04.10 14:59:46 INFO  Progress (1): 3.7/18 MB[0m
2026.04.10 14:59:46 INFO  Progress (1): 3.8/18 MB[0m
2026.04.10 14:59:46 INFO  Progress (1): 3.8/18 MB[0m
2026.04.10 14:59:46 INFO  Progress (1): 3.8/18 MB[0m
2026.04.10 14:59:46 INFO  Progress (1): 3.8/18 MB[0m
2026.04.10 14:59:46 INFO  Progress (1): 3.8/18 MB[0m
2026.04.10 14:59:46 INFO  Progress (1): 3.8/18 MB[0m
2026.04.10 14:59:46 INFO  Progress (1): 3.9/18 MB[0m
2026.04.10 14:59:46 INFO  Progress (1): 3.9/18 MB[0m
2026.04.10 14:59:46 INFO  Progress (1): 3.9/18 MB[0m
2026.04.10 14:59:46 INFO  Progress (1): 3.9/18 MB[0m
2026.04.10 14:59:46 INFO  Progress (1): 3.9/18 MB[0m
2026.04.10 14:59:46 INFO  Progress (1): 3.9/18 MB[0m
2026.04.10 14:59:46 INFO  Progress (1): 4.0/18 MB[0m
2026.04.10 14:59:46 INFO  Progress (1): 4.0/18 MB[0m
2026.04.10 14:59:46 INFO  Progress (1): 4.0/18 MB[0m
2026.04.10 14:59:46 INFO  Progress (1): 4.0/18 MB[0m
2026.04.10 14:59:46 INFO  Progress (1): 4.0/18 MB[0m
2026.04.10 14:59:46 INFO  Progress (1): 4.0/18 MB[0m
2026.04.10 14:59:46 INFO  Progress (1): 4.1/18 MB[0m
2026.04.10 14:59:46 INFO  Progress (1): 4.1/18 MB[0m
2026.04.10 14:59:46 INFO  Progress (1): 4.1/18 MB[0m
2026.04.10 14:59:46 INFO  Progress (1): 4.1/18 MB[0m
2026.04.10 14:59:46 INFO  Progress (1): 4.1/18 MB[0m
2026.04.10 14:59:46 INFO  Progress (1): 4.1/18 MB[0m
2026.04.10 14:59:46 INFO  Progress (1): 4.1/18 MB[0m
2026.04.10 14:59:46 INFO  Progress (1): 4.2/18 MB[0m
2026.04.10 14:59:46 INFO  Progress (1): 4.2/18 MB[0m
2026.04.10 14:59:46 INFO  Progress (1): 4.2/18 MB[0m
2026.04.10 14:59:46 INFO  Progress (1): 4.2/18 MB[0m
2026.04.10 14:59:46 INFO  Progress (1): 4.2/18 MB[0m
2026.04.10 14:59:46 INFO  Progress (1): 4.2/18 MB[0m
2026.04.10 14:59:46 INFO  Progress (1): 4.3/18 MB[0m
2026.04.10 14:59:46 INFO  Progress (1): 4.3/18 MB[0m
2026.04.10 14:59:46 INFO  Progress (1): 4.3/18 MB[0m
2026.04.10 14:59:46 INFO  Progress (1): 4.3/18 MB[0m
2026.04.10 14:59:46 INFO  Progress (1): 4.3/18 MB[0m
2026.04.10 14:59:46 INFO  Progress (1): 4.3/18 MB[0m
2026.04.10 14:59:46 INFO  Progress (1): 4.4/18 MB[0m
2026.04.10 14:59:46 INFO  Progress (1): 4.4/18 MB[0m
2026.04.10 14:59:46 INFO  Progress (1): 4.4/18 MB[0m
2026.04.10 14:59:46 INFO  Progress (1): 4.4/18 MB[0m
2026.04.10 14:59:46 INFO  Progress (1): 4.4/18 MB[0m
2026.04.10 14:59:46 INFO  Progress (1): 4.4/18 MB[0m
2026.04.10 14:59:46 INFO  Progress (1): 4.5/18 MB[0m
2026.04.10 14:59:46 INFO  Progress (1): 4.5/18 MB[0m
2026.04.10 14:59:46 INFO  Progress (1): 4.5/18 MB[0m
2026.04.10 14:59:46 INFO  Progress (1): 4.5/18 MB[0m
2026.04.10 14:59:46 INFO  Progress (1): 4.5/18 MB[0m
2026.04.10 14:59:46 INFO  Progress (1): 4.5/18 MB[0m
2026.04.10 14:59:46 INFO  Progress (1): 4.6/18 MB[0m
2026.04.10 14:59:46 INFO  Progress (1): 4.6/18 MB[0m
2026.04.10 14:59:46 INFO  Progress (1): 4.6/18 MB[0m
2026.04.10 14:59:46 INFO  Progress (1): 4.6/18 MB[0m
2026.04.10 14:59:46 INFO  Progress (1): 4.6/18 MB[0m
2026.04.10 14:59:46 INFO  Progress (1): 4.6/18 MB[0m
2026.04.10 14:59:46 INFO  Progress (1): 4.7/18 MB[0m
2026.04.10 14:59:46 INFO  Progress (1): 4.7/18 MB[0m
2026.04.10 14:59:46 INFO  Progress (1): 4.7/18 MB[0m
2026.04.10 14:59:46 INFO  Progress (1): 4.7/18 MB[0m
2026.04.10 14:59:46 INFO  Progress (1): 4.7/18 MB[0m
2026.04.10 14:59:46 INFO  Progress (1): 4.7/18 MB[0m
2026.04.10 14:59:46 INFO  Progress (1): 4.7/18 MB[0m
2026.04.10 14:59:46 INFO  Progress (1): 4.8/18 MB[0m
2026.04.10 14:59:46 INFO  Progress (1): 4.8/18 MB[0m
2026.04.10 14:59:46 INFO  Progress (1): 4.8/18 MB[0m
2026.04.10 14:59:46 INFO  Progress (1): 4.8/18 MB[0m
2026.04.10 14:59:46 INFO  Progress (1): 4.8/18 MB[0m
2026.04.10 14:59:46 INFO  Progress (1): 4.8/18 MB[0m
2026.04.10 14:59:46 INFO  Progress (1): 4.9/18 MB[0m
2026.04.10 14:59:46 INFO  Progress (1): 4.9/18 MB[0m
2026.04.10 14:59:46 INFO  Progress (1): 4.9/18 MB[0m
2026.04.10 14:59:46 INFO  Progress (1): 4.9/18 MB[0m
2026.04.10 14:59:46 INFO  Progress (1): 4.9/18 MB[0m
2026.04.10 14:59:46 INFO  Progress (1): 4.9/18 MB[0m
2026.04.10 14:59:46 INFO  Progress (1): 4.9/18 MB[0m
2026.04.10 14:59:46 INFO  Progress (1): 5.0/18 MB[0m
2026.04.10 14:59:46 INFO  Progress (1): 5.0/18 MB[0m
2026.04.10 14:59:46 INFO  Progress (1): 5.0/18 MB[0m
2026.04.10 14:59:46 INFO  Progress (1): 5.0/18 MB[0m
2026.04.10 14:59:46 INFO  Progress (1): 5.0/18 MB[0m
2026.04.10 14:59:46 INFO  Progress (1): 5.0/18 MB[0m
2026.04.10 14:59:46 INFO  Progress (1): 5.1/18 MB[0m
2026.04.10 14:59:46 INFO  Progress (1): 5.1/18 MB[0m
2026.04.10 14:59:46 INFO  Progress (1): 5.1/18 MB[0m
2026.04.10 14:59:46 INFO  Progress (1): 5.1/18 MB[0m
2026.04.10 14:59:46 INFO  Progress (1): 5.1/18 MB[0m
2026.04.10 14:59:46 INFO  Progress (1): 5.1/18 MB[0m
2026.04.10 14:59:46 INFO  Progress (1): 5.2/18 MB[0m
2026.04.10 14:59:46 INFO  Progress (1): 5.2/18 MB[0m
2026.04.10 14:59:46 INFO  Progress (1): 5.2/18 MB[0m
2026.04.10 14:59:46 INFO  Progress (1): 5.2/18 MB[0m
2026.04.10 14:59:46 INFO  Progress (1): 5.2/18 MB[0m
2026.04.10 14:59:46 INFO  Progress (1): 5.2/18 MB[0m
2026.04.10 14:59:46 INFO  Progress (1): 5.3/18 MB[0m
2026.04.10 14:59:46 INFO  Progress (1): 5.3/18 MB[0m
2026.04.10 14:59:46 INFO  Progress (1): 5.3/18 MB[0m
2026.04.10 14:59:46 INFO  Progress (1): 5.3/18 MB[0m
2026.04.10 14:59:46 INFO  Progress (1): 5.3/18 MB[0m
2026.04.10 14:59:46 INFO  Progress (1): 5.3/18 MB[0m
2026.04.10 14:59:46 INFO  Progress (1): 5.4/18 MB[0m
2026.04.10 14:59:46 INFO  Progress (1): 5.4/18 MB[0m
2026.04.10 14:59:46 INFO  Progress (1): 5.4/18 MB[0m
2026.04.10 14:59:46 INFO  Progress (1): 5.4/18 MB[0m
2026.04.10 14:59:46 INFO  Progress (1): 5.4/18 MB[0m
2026.04.10 14:59:46 INFO  Progress (1): 5.4/18 MB[0m
2026.04.10 14:59:46 INFO  Progress (1): 5.5/18 MB[0m
2026.04.10 14:59:46 INFO  Progress (1): 5.5/18 MB[0m
2026.04.10 14:59:46 INFO  Progress (1): 5.5/18 MB[0m
2026.04.10 14:59:46 INFO  Progress (1): 5.5/18 MB[0m
2026.04.10 14:59:46 INFO  Progress (1): 5.5/18 MB[0m
2026.04.10 14:59:46 INFO  Progress (1): 5.5/18 MB[0m
2026.04.10 14:59:46 INFO  Progress (1): 5.6/18 MB[0m
2026.04.10 14:59:46 INFO  Progress (1): 5.6/18 MB[0m
2026.04.10 14:59:46 INFO  Progress (1): 5.6/18 MB[0m
2026.04.10 14:59:46 INFO  Progress (1): 5.6/18 MB[0m
2026.04.10 14:59:46 INFO  Progress (1): 5.6/18 MB[0m
2026.04.10 14:59:46 INFO  Progress (1): 5.6/18 MB[0m
2026.04.10 14:59:46 INFO  Progress (1): 5.6/18 MB[0m
2026.04.10 14:59:46 INFO  Progress (1): 5.7/18 MB[0m
2026.04.10 14:59:46 INFO  Progress (1): 5.7/18 MB[0m
2026.04.10 14:59:46 INFO  Progress (1): 5.7/18 MB[0m
2026.04.10 14:59:46 INFO  Progress (1): 5.7/18 MB[0m
2026.04.10 14:59:46 INFO  Progress (1): 5.7/18 MB[0m
2026.04.10 14:59:46 INFO  Progress (1): 5.7/18 MB[0m
2026.04.10 14:59:46 INFO  Progress (1): 5.8/18 MB[0m
2026.04.10 14:59:46 INFO  Progress (1): 5.8/18 MB[0m
2026.04.10 14:59:46 INFO  Progress (1): 5.8/18 MB[0m
2026.04.10 14:59:46 INFO  Progress (1): 5.8/18 MB[0m
2026.04.10 14:59:46 INFO  Progress (1): 5.8/18 MB[0m
2026.04.10 14:59:46 INFO  Progress (1): 5.8/18 MB[0m
2026.04.10 14:59:46 INFO  Progress (1): 5.9/18 MB[0m
2026.04.10 14:59:46 INFO  Progress (1): 5.9/18 MB[0m
2026.04.10 14:59:46 INFO  Progress (1): 5.9/18 MB[0m
2026.04.10 14:59:46 INFO  Progress (1): 5.9/18 MB[0m
2026.04.10 14:59:46 INFO  Progress (1): 5.9/18 MB[0m
2026.04.10 14:59:46 INFO  Progress (1): 5.9/18 MB[0m
2026.04.10 14:59:46 INFO  Progress (1): 6.0/18 MB[0m
2026.04.10 14:59:46 INFO  Progress (1): 6.0/18 MB[0m
2026.04.10 14:59:46 INFO  Progress (1): 6.0/18 MB[0m
2026.04.10 14:59:46 INFO  Progress (1): 6.0/18 MB[0m
2026.04.10 14:59:46 INFO  Progress (1): 6.0/18 MB[0m
2026.04.10 14:59:46 INFO  Progress (1): 6.0/18 MB[0m
2026.04.10 14:59:46 INFO  Progress (1): 6.1/18 MB[0m
2026.04.10 14:59:46 INFO  Progress (1): 6.1/18 MB[0m
2026.04.10 14:59:46 INFO  Progress (1): 6.1/18 MB[0m
2026.04.10 14:59:46 INFO  Progress (1): 6.1/18 MB[0m
2026.04.10 14:59:46 INFO  Progress (1): 6.1/18 MB[0m
2026.04.10 14:59:46 INFO  Progress (1): 6.1/18 MB[0m
2026.04.10 14:59:46 INFO  Progress (1): 6.1/18 MB[0m
2026.04.10 14:59:46 INFO  Progress (1): 6.2/18 MB[0m
2026.04.10 14:59:46 INFO  Progress (1): 6.2/18 MB[0m
2026.04.10 14:59:46 INFO  Progress (1): 6.2/18 MB[0m
2026.04.10 14:59:46 INFO  Progress (1): 6.2/18 MB[0m
2026.04.10 14:59:46 INFO  Progress (1): 6.2/18 MB[0m
2026.04.10 14:59:46 INFO  Progress (1): 6.2/18 MB[0m
2026.04.10 14:59:46 INFO  Progress (1): 6.3/18 MB[0m
2026.04.10 14:59:46 INFO  Progress (1): 6.3/18 MB[0m
2026.04.10 14:59:46 INFO  Progress (1): 6.3/18 MB[0m
2026.04.10 14:59:46 INFO  Progress (1): 6.3/18 MB[0m
2026.04.10 14:59:46 INFO  Progress (1): 6.3/18 MB[0m
2026.04.10 14:59:46 INFO  Progress (1): 6.3/18 MB[0m
2026.04.10 14:59:46 INFO  Progress (1): 6.4/18 MB[0m
2026.04.10 14:59:46 INFO  Progress (1): 6.4/18 MB[0m
2026.04.10 14:59:46 INFO  Progress (1): 6.4/18 MB[0m
2026.04.10 14:59:46 INFO  Progress (1): 6.4/18 MB[0m
2026.04.10 14:59:46 INFO  Progress (1): 6.4/18 MB[0m
2026.04.10 14:59:46 INFO  Progress (1): 6.4/18 MB[0m
2026.04.10 14:59:46 INFO  Progress (1): 6.5/18 MB[0m
2026.04.10 14:59:47 INFO  Progress (1): 6.5/18 MB[0m
2026.04.10 14:59:47 INFO  Progress (1): 6.5/18 MB[0m
2026.04.10 14:59:47 INFO  Progress (1): 6.5/18 MB[0m
2026.04.10 14:59:47 INFO  Progress (1): 6.5/18 MB[0m
2026.04.10 14:59:47 INFO  Progress (1): 6.5/18 MB[0m
2026.04.10 14:59:47 INFO  Progress (1): 6.6/18 MB[0m
2026.04.10 14:59:47 INFO  Progress (1): 6.6/18 MB[0m
2026.04.10 14:59:47 INFO  Progress (1): 6.6/18 MB[0m
2026.04.10 14:59:47 INFO  Progress (1): 6.6/18 MB[0m
2026.04.10 14:59:47 INFO  Progress (1): 6.6/18 MB[0m
2026.04.10 14:59:47 INFO  Progress (1): 6.6/18 MB[0m
2026.04.10 14:59:47 INFO  Progress (1): 6.6/18 MB[0m
2026.04.10 14:59:47 INFO  Progress (1): 6.7/18 MB[0m
2026.04.10 14:59:47 INFO  Progress (1): 6.7/18 MB[0m
2026.04.10 14:59:47 INFO  Progress (1): 6.7/18 MB[0m
2026.04.10 14:59:47 INFO  Progress (1): 6.7/18 MB[0m
2026.04.10 14:59:47 INFO  Progress (1): 6.7/18 MB[0m
2026.04.10 14:59:47 INFO  Progress (1): 6.7/18 MB[0m
2026.04.10 14:59:47 INFO  Progress (1): 6.8/18 MB[0m
2026.04.10 14:59:47 INFO  Progress (1): 6.8/18 MB[0m
2026.04.10 14:59:47 INFO  Progress (1): 6.8/18 MB[0m
2026.04.10 14:59:47 INFO  Progress (1): 6.8/18 MB[0m
2026.04.10 14:59:47 INFO  Progress (1): 6.8/18 MB[0m
2026.04.10 14:59:47 INFO  Progress (1): 6.8/18 MB[0m
2026.04.10 14:59:47 INFO  Progress (1): 6.9/18 MB[0m
2026.04.10 14:59:47 INFO  Progress (1): 6.9/18 MB[0m
2026.04.10 14:59:47 INFO  Progress (1): 6.9/18 MB[0m
2026.04.10 14:59:47 INFO  Progress (1): 6.9/18 MB[0m
2026.04.10 14:59:47 INFO  Progress (1): 6.9/18 MB[0m
2026.04.10 14:59:47 INFO  Progress (1): 6.9/18 MB[0m
2026.04.10 14:59:47 INFO  Progress (1): 7.0/18 MB[0m
2026.04.10 14:59:47 INFO  Progress (1): 7.0/18 MB[0m
2026.04.10 14:59:47 INFO  Progress (1): 7.0/18 MB[0m
2026.04.10 14:59:47 INFO  Progress (1): 7.0/18 MB[0m
2026.04.10 14:59:47 INFO  Progress (1): 7.0/18 MB[0m
2026.04.10 14:59:47 INFO  Progress (1): 7.0/18 MB[0m
2026.04.10 14:59:47 INFO  Progress (1): 7.1/18 MB[0m
2026.04.10 14:59:47 INFO  Progress (1): 7.1/18 MB[0m
2026.04.10 14:59:47 INFO  Progress (1): 7.1/18 MB[0m
2026.04.10 14:59:47 INFO  Progress (1): 7.1/18 MB[0m
2026.04.10 14:59:47 INFO  Progress (1): 7.1/18 MB[0m
2026.04.10 14:59:47 INFO  Progress (1): 7.1/18 MB[0m
2026.04.10 14:59:47 INFO  Progress (1): 7.1/18 MB[0m
2026.04.10 14:59:47 INFO  Progress (1): 7.2/18 MB[0m
2026.04.10 14:59:47 INFO  Progress (1): 7.2/18 MB[0m
2026.04.10 14:59:47 INFO  Progress (1): 7.2/18 MB[0m
2026.04.10 14:59:47 INFO  Progress (1): 7.2/18 MB[0m
2026.04.10 14:59:47 INFO  Progress (1): 7.2/18 MB[0m
2026.04.10 14:59:47 INFO  Progress (1): 7.2/18 MB[0m
2026.04.10 14:59:47 INFO  Progress (1): 7.3/18 MB[0m
2026.04.10 14:59:47 INFO  Progress (1): 7.3/18 MB[0m
2026.04.10 14:59:47 INFO  Progress (1): 7.3/18 MB[0m
2026.04.10 14:59:47 INFO  Progress (1): 7.3/18 MB[0m
2026.04.10 14:59:47 INFO  Progress (1): 7.3/18 MB[0m
2026.04.10 14:59:47 INFO  Progress (1): 7.3/18 MB[0m
2026.04.10 14:59:47 INFO  Progress (1): 7.4/18 MB[0m
2026.04.10 14:59:47 INFO  Progress (1): 7.4/18 MB[0m
2026.04.10 14:59:47 INFO  Progress (1): 7.4/18 MB[0m
2026.04.10 14:59:47 INFO  Progress (1): 7.4/18 MB[0m
2026.04.10 14:59:47 INFO  Progress (1): 7.4/18 MB[0m
2026.04.10 14:59:47 INFO  Progress (1): 7.4/18 MB[0m
2026.04.10 14:59:47 INFO  Progress (1): 7.5/18 MB[0m
2026.04.10 14:59:47 INFO  Progress (1): 7.5/18 MB[0m
2026.04.10 14:59:47 INFO  Progress (1): 7.5/18 MB[0m
2026.04.10 14:59:47 INFO  Progress (1): 7.5/18 MB[0m
2026.04.10 14:59:47 INFO  Progress (1): 7.5/18 MB[0m
2026.04.10 14:59:47 INFO  Progress (1): 7.5/18 MB[0m
2026.04.10 14:59:47 INFO  Progress (1): 7.5/18 MB[0m
2026.04.10 14:59:47 INFO  Progress (1): 7.6/18 MB[0m
2026.04.10 14:59:47 INFO  Progress (1): 7.6/18 MB[0m
2026.04.10 14:59:47 INFO  Progress (1): 7.6/18 MB[0m
2026.04.10 14:59:47 INFO  Progress (1): 7.6/18 MB[0m
2026.04.10 14:59:47 INFO  Progress (1): 7.6/18 MB[0m
2026.04.10 14:59:47 INFO  Progress (1): 7.6/18 MB[0m
2026.04.10 14:59:47 INFO  Progress (1): 7.7/18 MB[0m
2026.04.10 14:59:47 INFO  Progress (1): 7.7/18 MB[0m
2026.04.10 14:59:47 INFO  Progress (1): 7.7/18 MB[0m
2026.04.10 14:59:47 INFO  Progress (1): 7.7/18 MB[0m
2026.04.10 14:59:47 INFO  Progress (1): 7.7/18 MB[0m
2026.04.10 14:59:47 INFO  Progress (1): 7.7/18 MB[0m
2026.04.10 14:59:47 INFO  Progress (1): 7.8/18 MB[0m
2026.04.10 14:59:47 INFO  Progress (1): 7.8/18 MB[0m
2026.04.10 14:59:47 INFO  Progress (1): 7.8/18 MB[0m
2026.04.10 14:59:47 INFO  Progress (1): 7.8/18 MB[0m
2026.04.10 14:59:47 INFO  Progress (1): 7.8/18 MB[0m
2026.04.10 14:59:47 INFO  Progress (1): 7.8/18 MB[0m
2026.04.10 14:59:47 INFO  Progress (1): 7.9/18 MB[0m
2026.04.10 14:59:47 INFO  Progress (1): 7.9/18 MB[0m
2026.04.10 14:59:47 INFO  Progress (1): 7.9/18 MB[0m
2026.04.10 14:59:47 INFO  Progress (1): 7.9/18 MB[0m
2026.04.10 14:59:47 INFO  Progress (1): 7.9/18 MB[0m
2026.04.10 14:59:47 INFO  Progress (1): 7.9/18 MB[0m
2026.04.10 14:59:47 INFO  Progress (1): 8.0/18 MB[0m
2026.04.10 14:59:47 INFO  Progress (1): 8.0/18 MB[0m
2026.04.10 14:59:47 INFO  Progress (1): 8.0/18 MB[0m
2026.04.10 14:59:47 INFO  Progress (1): 8.0/18 MB[0m
2026.04.10 14:59:47 INFO  Progress (1): 8.0/18 MB[0m
2026.04.10 14:59:47 INFO  Progress (1): 8.0/18 MB[0m
2026.04.10 14:59:47 INFO  Progress (1): 8.1/18 MB[0m
2026.04.10 14:59:47 INFO  Progress (1): 8.1/18 MB[0m
2026.04.10 14:59:47 INFO  Progress (1): 8.1/18 MB[0m
2026.04.10 14:59:47 INFO  Progress (1): 8.1/18 MB[0m
2026.04.10 14:59:47 INFO  Progress (1): 8.1/18 MB[0m
2026.04.10 14:59:47 INFO  Progress (1): 8.1/18 MB[0m
2026.04.10 14:59:47 INFO  Progress (1): 8.1/18 MB[0m
2026.04.10 14:59:47 INFO  Progress (1): 8.2/18 MB[0m
2026.04.10 14:59:47 INFO  Progress (1): 8.2/18 MB[0m
2026.04.10 14:59:47 INFO  Progress (1): 8.2/18 MB[0m
2026.04.10 14:59:47 INFO  Progress (1): 8.2/18 MB[0m
2026.04.10 14:59:47 INFO  Progress (1): 8.2/18 MB[0m
2026.04.10 14:59:47 INFO  Progress (1): 8.2/18 MB[0m
2026.04.10 14:59:47 INFO  Progress (1): 8.3/18 MB[0m
2026.04.10 14:59:47 INFO  Progress (1): 8.3/18 MB[0m
2026.04.10 14:59:47 INFO  Progress (1): 8.3/18 MB[0m
2026.04.10 14:59:47 INFO  Progress (1): 8.3/18 MB[0m
2026.04.10 14:59:47 INFO  Progress (1): 8.3/18 MB[0m
2026.04.10 14:59:47 INFO  Progress (1): 8.3/18 MB[0m
2026.04.10 14:59:47 INFO  Progress (1): 8.3/18 MB[0m
2026.04.10 14:59:47 INFO  Progress (1): 8.4/18 MB[0m
2026.04.10 14:59:47 INFO  Progress (1): 8.4/18 MB[0m
2026.04.10 14:59:47 INFO  Progress (1): 8.4/18 MB[0m
2026.04.10 14:59:47 INFO  Progress (1): 8.4/18 MB[0m
2026.04.10 14:59:47 INFO  Progress (1): 8.4/18 MB[0m
2026.04.10 14:59:47 INFO  Progress (1): 8.4/18 MB[0m
2026.04.10 14:59:47 INFO  Progress (1): 8.5/18 MB[0m
2026.04.10 14:59:47 INFO  Progress (1): 8.5/18 MB[0m
2026.04.10 14:59:47 INFO  Progress (1): 8.5/18 MB[0m
2026.04.10 14:59:47 INFO  Progress (1): 8.5/18 MB[0m
2026.04.10 14:59:47 INFO  Progress (1): 8.5/18 MB[0m
2026.04.10 14:59:47 INFO  Progress (1): 8.5/18 MB[0m
2026.04.10 14:59:47 INFO  Progress (1): 8.5/18 MB[0m
2026.04.10 14:59:47 INFO  Progress (1): 8.6/18 MB[0m
2026.04.10 14:59:47 INFO  Progress (1): 8.6/18 MB[0m
2026.04.10 14:59:47 INFO  Progress (1): 8.6/18 MB[0m
2026.04.10 14:59:47 INFO  Progress (1): 8.6/18 MB[0m
2026.04.10 14:59:47 INFO  Progress (1): 8.6/18 MB[0m
2026.04.10 14:59:47 INFO  Progress (1): 8.6/18 MB[0m
2026.04.10 14:59:47 INFO  Progress (1): 8.7/18 MB[0m
2026.04.10 14:59:47 INFO  Progress (1): 8.7/18 MB[0m
2026.04.10 14:59:47 INFO  Progress (1): 8.7/18 MB[0m
2026.04.10 14:59:47 INFO  Progress (1): 8.7/18 MB[0m
2026.04.10 14:59:47 INFO  Progress (1): 8.7/18 MB[0m
2026.04.10 14:59:47 INFO  Progress (1): 8.7/18 MB[0m
2026.04.10 14:59:47 INFO  Progress (1): 8.8/18 MB[0m
2026.04.10 14:59:47 INFO  Progress (1): 8.8/18 MB[0m
2026.04.10 14:59:47 INFO  Progress (1): 8.8/18 MB[0m
2026.04.10 14:59:47 INFO  Progress (1): 8.8/18 MB[0m
2026.04.10 14:59:47 INFO  Progress (1): 8.8/18 MB[0m
2026.04.10 14:59:47 INFO  Progress (1): 8.8/18 MB[0m
2026.04.10 14:59:47 INFO  Progress (1): 8.9/18 MB[0m
2026.04.10 14:59:47 INFO  Progress (1): 8.9/18 MB[0m
2026.04.10 14:59:47 INFO  Progress (1): 8.9/18 MB[0m
2026.04.10 14:59:47 INFO  Progress (1): 8.9/18 MB[0m
2026.04.10 14:59:47 INFO  Progress (1): 8.9/18 MB[0m
2026.04.10 14:59:47 INFO  Progress (1): 8.9/18 MB[0m
2026.04.10 14:59:47 INFO  Progress (1): 9.0/18 MB[0m
2026.04.10 14:59:47 INFO  Progress (1): 9.0/18 MB[0m
2026.04.10 14:59:47 INFO  Progress (1): 9.0/18 MB[0m
2026.04.10 14:59:47 INFO  Progress (1): 9.0/18 MB[0m
2026.04.10 14:59:47 INFO  Progress (1): 9.0/18 MB[0m
2026.04.10 14:59:47 INFO  Progress (1): 9.0/18 MB[0m
2026.04.10 14:59:47 INFO  Progress (1): 9.1/18 MB[0m
2026.04.10 14:59:47 INFO  Progress (1): 9.1/18 MB[0m
2026.04.10 14:59:47 INFO  Progress (1): 9.1/18 MB[0m
2026.04.10 14:59:47 INFO  Progress (1): 9.1/18 MB[0m
2026.04.10 14:59:47 INFO  Progress (1): 9.1/18 MB[0m
2026.04.10 14:59:47 INFO  Progress (1): 9.1/18 MB[0m
2026.04.10 14:59:47 INFO  Progress (1): 9.2/18 MB[0m
2026.04.10 14:59:47 INFO  Progress (1): 9.2/18 MB[0m
2026.04.10 14:59:47 INFO  Progress (1): 9.2/18 MB[0m
2026.04.10 14:59:47 INFO  Progress (1): 9.2/18 MB[0m
2026.04.10 14:59:47 INFO  Progress (1): 9.2/18 MB[0m
2026.04.10 14:59:47 INFO  Progress (1): 9.2/18 MB[0m
2026.04.10 14:59:47 INFO  Progress (1): 9.2/18 MB[0m
2026.04.10 14:59:47 INFO  Progress (1): 9.3/18 MB[0m
2026.04.10 14:59:47 INFO  Progress (1): 9.3/18 MB[0m
2026.04.10 14:59:47 INFO  Progress (1): 9.3/18 MB[0m
2026.04.10 14:59:47 INFO  Progress (1): 9.3/18 MB[0m
2026.04.10 14:59:47 INFO  Progress (1): 9.3/18 MB[0m
2026.04.10 14:59:47 INFO  Progress (1): 9.3/18 MB[0m
2026.04.10 14:59:47 INFO  Progress (1): 9.3/18 MB[0m
2026.04.10 14:59:47 INFO  Progress (1): 9.4/18 MB[0m
2026.04.10 14:59:47 INFO  Progress (1): 9.4/18 MB[0m
2026.04.10 14:59:47 INFO  Progress (1): 9.4/18 MB[0m
2026.04.10 14:59:47 INFO  Progress (1): 9.4/18 MB[0m
2026.04.10 14:59:47 INFO  Progress (1): 9.4/18 MB[0m
2026.04.10 14:59:47 INFO  Progress (1): 9.4/18 MB[0m
2026.04.10 14:59:47 INFO  Progress (1): 9.5/18 MB[0m
2026.04.10 14:59:47 INFO  Progress (1): 9.5/18 MB[0m
2026.04.10 14:59:47 INFO  Progress (1): 9.5/18 MB[0m
2026.04.10 14:59:47 INFO  Progress (1): 9.5/18 MB[0m
2026.04.10 14:59:47 INFO  Progress (1): 9.5/18 MB[0m
2026.04.10 14:59:47 INFO  Progress (1): 9.5/18 MB[0m
2026.04.10 14:59:47 INFO  Progress (1): 9.6/18 MB[0m
2026.04.10 14:59:47 INFO  Progress (1): 9.6/18 MB[0m
2026.04.10 14:59:47 INFO  Progress (1): 9.6/18 MB[0m
2026.04.10 14:59:47 INFO  Progress (1): 9.6/18 MB[0m
2026.04.10 14:59:47 INFO  Progress (1): 9.6/18 MB[0m
2026.04.10 14:59:47 INFO  Progress (1): 9.6/18 MB[0m
2026.04.10 14:59:47 INFO  Progress (1): 9.6/18 MB[0m
2026.04.10 14:59:47 INFO  Progress (1): 9.7/18 MB[0m
2026.04.10 14:59:47 INFO  Progress (1): 9.7/18 MB[0m
2026.04.10 14:59:47 INFO  Progress (1): 9.7/18 MB[0m
2026.04.10 14:59:47 INFO  Progress (1): 9.7/18 MB[0m
2026.04.10 14:59:47 INFO  Progress (1): 9.7/18 MB[0m
2026.04.10 14:59:47 INFO  Progress (1): 9.7/18 MB[0m
2026.04.10 14:59:47 INFO  Progress (1): 9.8/18 MB[0m
2026.04.10 14:59:47 INFO  Progress (1): 9.8/18 MB[0m
2026.04.10 14:59:47 INFO  Progress (1): 9.8/18 MB[0m
2026.04.10 14:59:47 INFO  Progress (1): 9.8/18 MB[0m
2026.04.10 14:59:47 INFO  Progress (1): 9.8/18 MB[0m
2026.04.10 14:59:47 INFO  Progress (1): 9.8/18 MB[0m
2026.04.10 14:59:47 INFO  Progress (1): 9.9/18 MB[0m
2026.04.10 14:59:47 INFO  Progress (1): 9.9/18 MB[0m
2026.04.10 14:59:47 INFO  Progress (1): 9.9/18 MB[0m
2026.04.10 14:59:47 INFO  Progress (1): 9.9/18 MB[0m
2026.04.10 14:59:47 INFO  Progress (1): 9.9/18 MB[0m
2026.04.10 14:59:47 INFO  Progress (1): 9.9/18 MB[0m
2026.04.10 14:59:47 INFO  Progress (1): 9.9/18 MB[0m
2026.04.10 14:59:47 INFO  Progress (1): 10.0/18 MB[0m
2026.04.10 14:59:47 INFO  Progress (1): 10.0/18 MB[0m
2026.04.10 14:59:47 INFO  Progress (1): 10.0/18 MB[0m
2026.04.10 14:59:47 INFO  Progress (1): 10/18 MB  [0m
2026.04.10 14:59:47 INFO  Progress (1): 10/18 MB[0m
2026.04.10 14:59:47 INFO  Progress (1): 10/18 MB[0m
2026.04.10 14:59:47 INFO  Progress (1): 10/18 MB[0m
2026.04.10 14:59:47 INFO  Progress (1): 10/18 MB[0m
2026.04.10 14:59:47 INFO  Progress (1): 10/18 MB[0m
2026.04.10 14:59:47 INFO  Progress (1): 10/18 MB[0m
2026.04.10 14:59:47 INFO  Progress (1): 10/18 MB[0m
2026.04.10 14:59:47 INFO  Progress (1): 10/18 MB[0m
2026.04.10 14:59:47 INFO  Progress (1): 10/18 MB[0m
2026.04.10 14:59:47 INFO  Progress (1): 10/18 MB[0m
2026.04.10 14:59:47 INFO  Progress (1): 10/18 MB[0m
2026.04.10 14:59:47 INFO  Progress (1): 10/18 MB[0m
2026.04.10 14:59:47 INFO  Progress (1): 10/18 MB[0m
2026.04.10 14:59:47 INFO  Progress (1): 10/18 MB[0m
2026.04.10 14:59:47 INFO  Progress (1): 10/18 MB[0m
2026.04.10 14:59:47 INFO  Progress (1): 10/18 MB[0m
2026.04.10 14:59:47 INFO  Progress (1): 10/18 MB[0m
2026.04.10 14:59:47 INFO  Progress (1): 10/18 MB[0m
2026.04.10 14:59:47 INFO  Progress (1): 10/18 MB[0m
2026.04.10 14:59:47 INFO  Progress (1): 10/18 MB[0m
2026.04.10 14:59:47 INFO  Progress (1): 10/18 MB[0m
2026.04.10 14:59:47 INFO  Progress (1): 10/18 MB[0m
2026.04.10 14:59:47 INFO  Progress (1): 10/18 MB[0m
2026.04.10 14:59:47 INFO  Progress (1): 10/18 MB[0m
2026.04.10 14:59:47 INFO  Progress (1): 10/18 MB[0m
2026.04.10 14:59:47 INFO  Progress (1): 10/18 MB[0m
2026.04.10 14:59:47 INFO  Progress (1): 10/18 MB[0m
2026.04.10 14:59:47 INFO  Progress (1): 10/18 MB[0m
2026.04.10 14:59:47 INFO  Progress (1): 10/18 MB[0m
2026.04.10 14:59:47 INFO  Progress (1): 10/18 MB[0m
2026.04.10 14:59:47 INFO  Progress (1): 11/18 MB[0m
2026.04.10 14:59:47 INFO  Progress (1): 11/18 MB[0m
2026.04.10 14:59:47 INFO  Progress (1): 11/18 MB[0m
2026.04.10 14:59:47 INFO  Progress (1): 11/18 MB[0m
2026.04.10 14:59:47 INFO  Progress (1): 11/18 MB[0m
2026.04.10 14:59:47 INFO  Progress (1): 11/18 MB[0m
2026.04.10 14:59:47 INFO  Progress (1): 11/18 MB[0m
2026.04.10 14:59:47 INFO  Progress (1): 11/18 MB[0m
2026.04.10 14:59:47 INFO  Progress (1): 11/18 MB[0m
2026.04.10 14:59:47 INFO  Progress (1): 11/18 MB[0m
2026.04.10 14:59:47 INFO  Progress (1): 11/18 MB[0m
2026.04.10 14:59:47 INFO  Progress (1): 11/18 MB[0m
2026.04.10 14:59:47 INFO  Progress (1): 11/18 MB[0m
2026.04.10 14:59:47 INFO  Progress (1): 11/18 MB[0m
2026.04.10 14:59:47 INFO  Progress (1): 11/18 MB[0m
2026.04.10 14:59:47 INFO  Progress (1): 11/18 MB[0m
2026.04.10 14:59:47 INFO  Progress (1): 11/18 MB[0m
2026.04.10 14:59:47 INFO  Progress (1): 11/18 MB[0m
2026.04.10 14:59:47 INFO  Progress (1): 11/18 MB[0m
2026.04.10 14:59:47 INFO  Progress (1): 11/18 MB[0m
2026.04.10 14:59:47 INFO  Progress (1): 11/18 MB[0m
2026.04.10 14:59:47 INFO  Progress (1): 11/18 MB[0m
2026.04.10 14:59:47 INFO  Progress (1): 11/18 MB[0m
2026.04.10 14:59:47 INFO  Progress (1): 11/18 MB[0m
2026.04.10 14:59:47 INFO  Progress (1): 11/18 MB[0m
2026.04.10 14:59:47 INFO  Progress (1): 11/18 MB[0m
2026.04.10 14:59:47 INFO  Progress (1): 11/18 MB[0m
2026.04.10 14:59:47 INFO  Progress (1): 11/18 MB[0m
2026.04.10 14:59:47 INFO  Progress (1): 11/18 MB[0m
2026.04.10 14:59:47 INFO  Progress (1): 11/18 MB[0m
2026.04.10 14:59:47 INFO  Progress (1): 11/18 MB[0m
2026.04.10 14:59:47 INFO  Progress (1): 11/18 MB[0m
2026.04.10 14:59:47 INFO  Progress (1): 11/18 MB[0m
2026.04.10 14:59:47 INFO  Progress (1): 11/18 MB[0m
2026.04.10 14:59:47 INFO  Progress (1): 11/18 MB[0m
2026.04.10 14:59:47 INFO  Progress (1): 11/18 MB[0m
2026.04.10 14:59:47 INFO  Progress (1): 11/18 MB[0m
2026.04.10 14:59:47 INFO  Progress (1): 11/18 MB[0m
2026.04.10 14:59:47 INFO  Progress (1): 11/18 MB[0m
2026.04.10 14:59:47 INFO  Progress (1): 11/18 MB[0m
2026.04.10 14:59:47 INFO  Progress (1): 11/18 MB[0m
2026.04.10 14:59:47 INFO  Progress (1): 11/18 MB[0m
2026.04.10 14:59:47 INFO  Progress (1): 11/18 MB[0m
2026.04.10 14:59:47 INFO  Progress (1): 11/18 MB[0m
2026.04.10 14:59:47 INFO  Progress (1): 11/18 MB[0m
2026.04.10 14:59:47 INFO  Progress (1): 11/18 MB[0m
2026.04.10 14:59:47 INFO  Progress (1): 11/18 MB[0m
2026.04.10 14:59:47 INFO  Progress (1): 11/18 MB[0m
2026.04.10 14:59:47 INFO  Progress (1): 11/18 MB[0m
2026.04.10 14:59:47 INFO  Progress (1): 11/18 MB[0m
2026.04.10 14:59:47 INFO  Progress (1): 11/18 MB[0m
2026.04.10 14:59:47 INFO  Progress (1): 11/18 MB[0m
2026.04.10 14:59:47 INFO  Progress (1): 11/18 MB[0m
2026.04.10 14:59:47 INFO  Progress (1): 11/18 MB[0m
2026.04.10 14:59:47 INFO  Progress (1): 11/18 MB[0m
2026.04.10 14:59:47 INFO  Progress (1): 11/18 MB[0m
2026.04.10 14:59:47 INFO  Progress (1): 11/18 MB[0m
2026.04.10 14:59:47 INFO  Progress (1): 11/18 MB[0m
2026.04.10 14:59:47 INFO  Progress (1): 11/18 MB[0m
2026.04.10 14:59:47 INFO  Progress (1): 11/18 MB[0m
2026.04.10 14:59:47 INFO  Progress (1): 11/18 MB[0m
2026.04.10 14:59:47 INFO  Progress (1): 11/18 MB[0m
2026.04.10 14:59:47 INFO  Progress (1): 12/18 MB[0m
2026.04.10 14:59:47 INFO  Progress (1): 12/18 MB[0m
2026.04.10 14:59:47 INFO  Progress (1): 12/18 MB[0m
2026.04.10 14:59:47 INFO  Progress (1): 12/18 MB[0m
2026.04.10 14:59:47 INFO  Progress (1): 12/18 MB[0m
2026.04.10 14:59:47 INFO  Progress (1): 12/18 MB[0m
2026.04.10 14:59:47 INFO  Progress (1): 12/18 MB[0m
2026.04.10 14:59:47 INFO  Progress (1): 12/18 MB[0m
2026.04.10 14:59:47 INFO  Progress (1): 12/18 MB[0m
2026.04.10 14:59:47 INFO  Progress (1): 12/18 MB[0m
2026.04.10 14:59:47 INFO  Progress (1): 12/18 MB[0m
2026.04.10 14:59:47 INFO  Progress (1): 12/18 MB[0m
2026.04.10 14:59:47 INFO  Progress (1): 12/18 MB[0m
2026.04.10 14:59:47 INFO  Progress (1): 12/18 MB[0m
2026.04.10 14:59:47 INFO  Progress (1): 12/18 MB[0m
2026.04.10 14:59:47 INFO  Progress (1): 12/18 MB[0m
2026.04.10 14:59:47 INFO  Progress (1): 12/18 MB[0m
2026.04.10 14:59:47 INFO  Progress (1): 12/18 MB[0m
2026.04.10 14:59:47 INFO  Progress (1): 12/18 MB[0m
2026.04.10 14:59:47 INFO  Progress (1): 12/18 MB[0m
2026.04.10 14:59:47 INFO  Progress (1): 12/18 MB[0m
2026.04.10 14:59:47 INFO  Progress (1): 12/18 MB[0m
2026.04.10 14:59:47 INFO  Progress (1): 12/18 MB[0m
2026.04.10 14:59:47 INFO  Progress (1): 12/18 MB[0m
2026.04.10 14:59:47 INFO  Progress (1): 12/18 MB[0m
2026.04.10 14:59:47 INFO  Progress (1): 12/18 MB[0m
2026.04.10 14:59:47 INFO  Progress (1): 12/18 MB[0m
2026.04.10 14:59:47 INFO  Progress (1): 12/18 MB[0m
2026.04.10 14:59:47 INFO  Progress (1): 12/18 MB[0m
2026.04.10 14:59:47 INFO  Progress (1): 12/18 MB[0m
2026.04.10 14:59:47 INFO  Progress (1): 12/18 MB[0m
2026.04.10 14:59:47 INFO  Progress (1): 12/18 MB[0m
2026.04.10 14:59:47 INFO  Progress (1): 12/18 MB[0m
2026.04.10 14:59:47 INFO  Progress (1): 12/18 MB[0m
2026.04.10 14:59:47 INFO  Progress (1): 12/18 MB[0m
2026.04.10 14:59:47 INFO  Progress (1): 12/18 MB[0m
2026.04.10 14:59:47 INFO  Progress (1): 12/18 MB[0m
2026.04.10 14:59:47 INFO  Progress (1): 12/18 MB[0m
2026.04.10 14:59:47 INFO  Progress (1): 12/18 MB[0m
2026.04.10 14:59:47 INFO  Progress (1): 12/18 MB[0m
2026.04.10 14:59:47 INFO  Progress (1): 12/18 MB[0m
2026.04.10 14:59:47 INFO  Progress (1): 12/18 MB[0m
2026.04.10 14:59:47 INFO  Progress (1): 12/18 MB[0m
2026.04.10 14:59:47 INFO  Progress (1): 12/18 MB[0m
2026.04.10 14:59:47 INFO  Progress (1): 12/18 MB[0m
2026.04.10 14:59:47 INFO  Progress (1): 12/18 MB[0m
2026.04.10 14:59:47 INFO  Progress (1): 12/18 MB[0m
2026.04.10 14:59:47 INFO  Progress (1): 12/18 MB[0m
2026.04.10 14:59:47 INFO  Progress (1): 12/18 MB[0m
2026.04.10 14:59:47 INFO  Progress (1): 12/18 MB[0m
2026.04.10 14:59:47 INFO  Progress (1): 12/18 MB[0m
2026.04.10 14:59:47 INFO  Progress (1): 12/18 MB[0m
2026.04.10 14:59:47 INFO  Progress (1): 12/18 MB[0m
2026.04.10 14:59:47 INFO  Progress (1): 12/18 MB[0m
2026.04.10 14:59:47 INFO  Progress (1): 12/18 MB[0m
2026.04.10 14:59:47 INFO  Progress (1): 12/18 MB[0m
2026.04.10 14:59:47 INFO  Progress (1): 12/18 MB[0m
2026.04.10 14:59:47 INFO  Progress (1): 12/18 MB[0m
2026.04.10 14:59:47 INFO  Progress (1): 12/18 MB[0m
2026.04.10 14:59:47 INFO  Progress (1): 12/18 MB[0m
2026.04.10 14:59:47 INFO  Progress (1): 12/18 MB[0m
2026.04.10 14:59:47 INFO  Progress (1): 12/18 MB[0m
2026.04.10 14:59:47 INFO  Progress (1): 13/18 MB[0m
2026.04.10 14:59:47 INFO  Progress (1): 13/18 MB[0m
2026.04.10 14:59:47 INFO  Progress (1): 13/18 MB[0m
2026.04.10 14:59:47 INFO  Progress (1): 13/18 MB[0m
2026.04.10 14:59:47 INFO  Progress (1): 13/18 MB[0m
2026.04.10 14:59:48 INFO  Progress (1): 13/18 MB[0m
2026.04.10 14:59:48 INFO  Progress (1): 13/18 MB[0m
2026.04.10 14:59:48 INFO  Progress (1): 13/18 MB[0m
2026.04.10 14:59:48 INFO  Progress (1): 13/18 MB[0m
2026.04.10 14:59:48 INFO  Progress (1): 13/18 MB[0m
2026.04.10 14:59:48 INFO  Progress (1): 13/18 MB[0m
2026.04.10 14:59:48 INFO  Progress (1): 13/18 MB[0m
2026.04.10 14:59:48 INFO  Progress (1): 13/18 MB[0m
2026.04.10 14:59:48 INFO  Progress (1): 13/18 MB[0m
2026.04.10 14:59:48 INFO  Progress (1): 13/18 MB[0m
2026.04.10 14:59:48 INFO  Progress (1): 13/18 MB[0m
2026.04.10 14:59:48 INFO  Progress (1): 13/18 MB[0m
2026.04.10 14:59:48 INFO  Progress (1): 13/18 MB[0m
2026.04.10 14:59:48 INFO  Progress (1): 13/18 MB[0m
2026.04.10 14:59:48 INFO  Progress (1): 13/18 MB[0m
2026.04.10 14:59:48 INFO  Progress (1): 13/18 MB[0m
2026.04.10 14:59:48 INFO  Progress (1): 13/18 MB[0m
2026.04.10 14:59:48 INFO  Progress (1): 13/18 MB[0m
2026.04.10 14:59:48 INFO  Progress (1): 13/18 MB[0m
2026.04.10 14:59:48 INFO  Progress (1): 13/18 MB[0m
2026.04.10 14:59:48 INFO  Progress (1): 13/18 MB[0m
2026.04.10 14:59:48 INFO  Progress (1): 13/18 MB[0m
2026.04.10 14:59:48 INFO  Progress (1): 13/18 MB[0m
2026.04.10 14:59:48 INFO  Progress (1): 13/18 MB[0m
2026.04.10 14:59:48 INFO  Progress (1): 13/18 MB[0m
2026.04.10 14:59:48 INFO  Progress (1): 13/18 MB[0m
2026.04.10 14:59:48 INFO  Progress (1): 13/18 MB[0m
2026.04.10 14:59:48 INFO  Progress (1): 13/18 MB[0m
2026.04.10 14:59:48 INFO  Progress (1): 13/18 MB[0m
2026.04.10 14:59:48 INFO  Progress (1): 13/18 MB[0m
2026.04.10 14:59:48 INFO  Progress (1): 13/18 MB[0m
2026.04.10 14:59:48 INFO  Progress (1): 13/18 MB[0m
2026.04.10 14:59:48 INFO  Progress (1): 13/18 MB[0m
2026.04.10 14:59:48 INFO  Progress (1): 13/18 MB[0m
2026.04.10 14:59:48 INFO  Progress (1): 13/18 MB[0m
2026.04.10 14:59:48 INFO  Progress (1): 13/18 MB[0m
2026.04.10 14:59:48 INFO  Progress (1): 13/18 MB[0m
2026.04.10 14:59:48 INFO  Progress (1): 13/18 MB[0m
2026.04.10 14:59:48 INFO  Progress (1): 13/18 MB[0m
2026.04.10 14:59:48 INFO  Progress (1): 13/18 MB[0m
2026.04.10 14:59:48 INFO  Progress (1): 13/18 MB[0m
2026.04.10 14:59:48 INFO  Progress (1): 13/18 MB[0m
2026.04.10 14:59:48 INFO  Progress (1): 13/18 MB[0m
2026.04.10 14:59:48 INFO  Progress (1): 13/18 MB[0m
2026.04.10 14:59:48 INFO  Progress (1): 13/18 MB[0m
2026.04.10 14:59:48 INFO  Progress (1): 13/18 MB[0m
2026.04.10 14:59:48 INFO  Progress (1): 13/18 MB[0m
2026.04.10 14:59:48 INFO  Progress (1): 13/18 MB[0m
2026.04.10 14:59:48 INFO  Progress (1): 13/18 MB[0m
2026.04.10 14:59:48 INFO  Progress (1): 13/18 MB[0m
2026.04.10 14:59:48 INFO  Progress (1): 13/18 MB[0m
2026.04.10 14:59:48 INFO  Progress (1): 13/18 MB[0m
2026.04.10 14:59:48 INFO  Progress (1): 13/18 MB[0m
2026.04.10 14:59:48 INFO  Progress (1): 13/18 MB[0m
2026.04.10 14:59:48 INFO  Progress (1): 13/18 MB[0m
2026.04.10 14:59:48 INFO  Progress (1): 13/18 MB[0m
2026.04.10 14:59:48 INFO  Progress (1): 13/18 MB[0m
2026.04.10 14:59:48 INFO  Progress (1): 14/18 MB[0m
2026.04.10 14:59:48 INFO  Progress (1): 14/18 MB[0m
2026.04.10 14:59:48 INFO  Progress (1): 14/18 MB[0m
2026.04.10 14:59:48 INFO  Progress (1): 14/18 MB[0m
2026.04.10 14:59:48 INFO  Progress (1): 14/18 MB[0m
2026.04.10 14:59:48 INFO  Progress (1): 14/18 MB[0m
2026.04.10 14:59:48 INFO  Progress (1): 14/18 MB[0m
2026.04.10 14:59:48 INFO  Progress (1): 14/18 MB[0m
2026.04.10 14:59:48 INFO  Progress (1): 14/18 MB[0m
2026.04.10 14:59:48 INFO  Progress (1): 14/18 MB[0m
2026.04.10 14:59:48 INFO  Progress (1): 14/18 MB[0m
2026.04.10 14:59:48 INFO  Progress (1): 14/18 MB[0m
2026.04.10 14:59:48 INFO  Progress (1): 14/18 MB[0m
2026.04.10 14:59:48 INFO  Progress (1): 14/18 MB[0m
2026.04.10 14:59:48 INFO  Progress (1): 14/18 MB[0m
2026.04.10 14:59:48 INFO  Progress (1): 14/18 MB[0m
2026.04.10 14:59:48 INFO  Progress (1): 14/18 MB[0m
2026.04.10 14:59:48 INFO  Progress (1): 14/18 MB[0m
2026.04.10 14:59:48 INFO  Progress (1): 14/18 MB[0m
2026.04.10 14:59:48 INFO  Progress (1): 14/18 MB[0m
2026.04.10 14:59:48 INFO  Progress (1): 14/18 MB[0m
2026.04.10 14:59:48 INFO  Progress (1): 14/18 MB[0m
2026.04.10 14:59:48 INFO  Progress (1): 14/18 MB[0m
2026.04.10 14:59:48 INFO  Progress (1): 14/18 MB[0m
2026.04.10 14:59:48 INFO  Progress (1): 14/18 MB[0m
2026.04.10 14:59:48 INFO  Progress (1): 14/18 MB[0m
2026.04.10 14:59:48 INFO  Progress (1): 14/18 MB[0m
2026.04.10 14:59:48 INFO  Progress (1): 14/18 MB[0m
2026.04.10 14:59:48 INFO  Progress (1): 14/18 MB[0m
2026.04.10 14:59:48 INFO  Progress (1): 14/18 MB[0m
2026.04.10 14:59:48 INFO  Progress (1): 14/18 MB[0m
2026.04.10 14:59:48 INFO  Progress (1): 14/18 MB[0m
2026.04.10 14:59:48 INFO  Progress (1): 14/18 MB[0m
2026.04.10 14:59:48 INFO  Progress (1): 14/18 MB[0m
2026.04.10 14:59:48 INFO  Progress (1): 14/18 MB[0m
2026.04.10 14:59:48 INFO  Progress (1): 14/18 MB[0m
2026.04.10 14:59:48 INFO  Progress (1): 14/18 MB[0m
2026.04.10 14:59:48 INFO  Progress (1): 14/18 MB[0m
2026.04.10 14:59:48 INFO  Progress (1): 14/18 MB[0m
2026.04.10 14:59:48 INFO  Progress (1): 14/18 MB[0m
2026.04.10 14:59:48 INFO  Progress (1): 14/18 MB[0m
2026.04.10 14:59:48 INFO  Progress (1): 14/18 MB[0m
2026.04.10 14:59:48 INFO  Progress (1): 14/18 MB[0m
2026.04.10 14:59:48 INFO  Progress (1): 14/18 MB[0m
2026.04.10 14:59:48 INFO  Progress (1): 14/18 MB[0m
2026.04.10 14:59:48 INFO  Progress (1): 14/18 MB[0m
2026.04.10 14:59:48 INFO  Progress (1): 14/18 MB[0m
2026.04.10 14:59:48 INFO  Progress (1): 14/18 MB[0m
2026.04.10 14:59:48 INFO  Progress (1): 14/18 MB[0m
2026.04.10 14:59:48 INFO  Progress (1): 14/18 MB[0m
2026.04.10 14:59:48 INFO  Progress (1): 14/18 MB[0m
2026.04.10 14:59:48 INFO  Progress (1): 14/18 MB[0m
2026.04.10 14:59:48 INFO  Progress (1): 14/18 MB[0m
2026.04.10 14:59:48 INFO  Progress (1): 14/18 MB[0m
2026.04.10 14:59:48 INFO  Progress (1): 14/18 MB[0m
2026.04.10 14:59:48 INFO  Progress (1): 14/18 MB[0m
2026.04.10 14:59:48 INFO  Progress (1): 14/18 MB[0m
2026.04.10 14:59:48 INFO  Progress (1): 14/18 MB[0m
2026.04.10 14:59:48 INFO  Progress (1): 14/18 MB[0m
2026.04.10 14:59:48 INFO  Progress (1): 14/18 MB[0m
2026.04.10 14:59:48 INFO  Progress (1): 14/18 MB[0m
2026.04.10 14:59:48 INFO  Progress (1): 14/18 MB[0m
2026.04.10 14:59:48 INFO  Progress (1): 14/18 MB[0m
2026.04.10 14:59:48 INFO  Progress (1): 15/18 MB[0m
2026.04.10 14:59:48 INFO  Progress (1): 15/18 MB[0m
2026.04.10 14:59:48 INFO  Progress (1): 15/18 MB[0m
2026.04.10 14:59:48 INFO  Progress (1): 15/18 MB[0m
2026.04.10 14:59:48 INFO  Progress (1): 15/18 MB[0m
2026.04.10 14:59:48 INFO  Progress (1): 15/18 MB[0m
2026.04.10 14:59:48 INFO  Progress (1): 15/18 MB[0m
2026.04.10 14:59:48 INFO  Progress (1): 15/18 MB[0m
2026.04.10 14:59:48 INFO  Progress (1): 15/18 MB[0m
2026.04.10 14:59:48 INFO  Progress (1): 15/18 MB[0m
2026.04.10 14:59:48 INFO  Progress (1): 15/18 MB[0m
2026.04.10 14:59:48 INFO  Progress (1): 15/18 MB[0m
2026.04.10 14:59:48 INFO  Progress (1): 15/18 MB[0m
2026.04.10 14:59:48 INFO  Progress (1): 15/18 MB[0m
2026.04.10 14:59:48 INFO  Progress (1): 15/18 MB[0m
2026.04.10 14:59:48 INFO  Progress (1): 15/18 MB[0m
2026.04.10 14:59:48 INFO  Progress (1): 15/18 MB[0m
2026.04.10 14:59:48 INFO  Progress (1): 15/18 MB[0m
2026.04.10 14:59:48 INFO  Progress (1): 15/18 MB[0m
2026.04.10 14:59:48 INFO  Progress (1): 15/18 MB[0m
2026.04.10 14:59:48 INFO  Progress (1): 15/18 MB[0m
2026.04.10 14:59:48 INFO  Progress (1): 15/18 MB[0m
2026.04.10 14:59:48 INFO  Progress (1): 15/18 MB[0m
2026.04.10 14:59:48 INFO  Progress (1): 15/18 MB[0m
2026.04.10 14:59:48 INFO  Progress (1): 15/18 MB[0m
2026.04.10 14:59:48 INFO  Progress (1): 15/18 MB[0m
2026.04.10 14:59:48 INFO  Progress (1): 15/18 MB[0m
2026.04.10 14:59:48 INFO  Progress (1): 15/18 MB[0m
2026.04.10 14:59:48 INFO  Progress (1): 15/18 MB[0m
2026.04.10 14:59:48 INFO  Progress (1): 15/18 MB[0m
2026.04.10 14:59:48 INFO  Progress (1): 15/18 MB[0m
2026.04.10 14:59:48 INFO  Progress (1): 15/18 MB[0m
2026.04.10 14:59:48 INFO  Progress (1): 15/18 MB[0m
2026.04.10 14:59:48 INFO  Progress (1): 15/18 MB[0m
2026.04.10 14:59:48 INFO  Progress (1): 15/18 MB[0m
2026.04.10 14:59:48 INFO  Progress (1): 15/18 MB[0m
2026.04.10 14:59:48 INFO  Progress (1): 15/18 MB[0m
2026.04.10 14:59:48 INFO  Progress (1): 15/18 MB[0m
2026.04.10 14:59:48 INFO  Progress (1): 15/18 MB[0m
2026.04.10 14:59:48 INFO  Progress (1): 15/18 MB[0m
2026.04.10 14:59:48 INFO  Progress (1): 15/18 MB[0m
2026.04.10 14:59:48 INFO  Progress (1): 15/18 MB[0m
2026.04.10 14:59:48 INFO  Progress (1): 15/18 MB[0m
2026.04.10 14:59:48 INFO  Progress (1): 15/18 MB[0m
2026.04.10 14:59:48 INFO  Progress (1): 15/18 MB[0m
2026.04.10 14:59:48 INFO  Progress (1): 15/18 MB[0m
2026.04.10 14:59:48 INFO  Progress (1): 15/18 MB[0m
2026.04.10 14:59:48 INFO  Progress (1): 15/18 MB[0m
2026.04.10 14:59:48 INFO  Progress (1): 15/18 MB[0m
2026.04.10 14:59:48 INFO  Progress (1): 15/18 MB[0m
2026.04.10 14:59:48 INFO  Progress (1): 15/18 MB[0m
2026.04.10 14:59:48 INFO  Progress (1): 15/18 MB[0m
2026.04.10 14:59:48 INFO  Progress (1): 15/18 MB[0m
2026.04.10 14:59:48 INFO  Progress (1): 15/18 MB[0m
2026.04.10 14:59:48 INFO  Progress (1): 15/18 MB[0m
2026.04.10 14:59:48 INFO  Progress (1): 15/18 MB[0m
2026.04.10 14:59:48 INFO  Progress (1): 15/18 MB[0m
2026.04.10 14:59:48 INFO  Progress (1): 15/18 MB[0m
2026.04.10 14:59:48 INFO  Progress (1): 15/18 MB[0m
2026.04.10 14:59:48 INFO  Progress (1): 15/18 MB[0m
2026.04.10 14:59:48 INFO  Progress (1): 15/18 MB[0m
2026.04.10 14:59:48 INFO  Progress (1): 15/18 MB[0m
2026.04.10 14:59:48 INFO  Progress (1): 16/18 MB[0m
2026.04.10 14:59:48 INFO  Progress (1): 16/18 MB[0m
2026.04.10 14:59:48 INFO  Progress (1): 16/18 MB[0m
2026.04.10 14:59:48 INFO  Progress (1): 16/18 MB[0m
2026.04.10 14:59:48 INFO  Progress (1): 16/18 MB[0m
2026.04.10 14:59:48 INFO  Progress (1): 16/18 MB[0m
2026.04.10 14:59:48 INFO  Progress (1): 16/18 MB[0m
2026.04.10 14:59:48 INFO  Progress (1): 16/18 MB[0m
2026.04.10 14:59:48 INFO  Progress (1): 16/18 MB[0m
2026.04.10 14:59:48 INFO  Progress (1): 16/18 MB[0m
2026.04.10 14:59:48 INFO  Progress (1): 16/18 MB[0m
2026.04.10 14:59:48 INFO  Progress (1): 16/18 MB[0m
2026.04.10 14:59:48 INFO  Progress (1): 16/18 MB[0m
2026.04.10 14:59:48 INFO  Progress (1): 16/18 MB[0m
2026.04.10 14:59:48 INFO  Progress (1): 16/18 MB[0m
2026.04.10 14:59:48 INFO  Progress (1): 16/18 MB[0m
2026.04.10 14:59:48 INFO  Progress (1): 16/18 MB[0m
2026.04.10 14:59:48 INFO  Progress (1): 16/18 MB[0m
2026.04.10 14:59:48 INFO  Progress (1): 16/18 MB[0m
2026.04.10 14:59:48 INFO  Progress (1): 16/18 MB[0m
2026.04.10 14:59:48 INFO  Progress (1): 16/18 MB[0m
2026.04.10 14:59:48 INFO  Progress (1): 16/18 MB[0m
2026.04.10 14:59:48 INFO  Progress (1): 16/18 MB[0m
2026.04.10 14:59:48 INFO  Progress (1): 16/18 MB[0m
2026.04.10 14:59:48 INFO  Progress (1): 16/18 MB[0m
2026.04.10 14:59:48 INFO  Progress (1): 16/18 MB[0m
2026.04.10 14:59:48 INFO  Progress (1): 16/18 MB[0m
2026.04.10 14:59:48 INFO  Progress (1): 16/18 MB[0m
2026.04.10 14:59:48 INFO  Progress (1): 16/18 MB[0m
2026.04.10 14:59:48 INFO  Progress (1): 16/18 MB[0m
2026.04.10 14:59:48 INFO  Progress (1): 16/18 MB[0m
2026.04.10 14:59:48 INFO  Progress (1): 16/18 MB[0m
2026.04.10 14:59:48 INFO  Progress (1): 16/18 MB[0m
2026.04.10 14:59:48 INFO  Progress (1): 16/18 MB[0m
2026.04.10 14:59:48 INFO  Progress (1): 16/18 MB[0m
2026.04.10 14:59:48 INFO  Progress (1): 16/18 MB[0m
2026.04.10 14:59:48 INFO  Progress (1): 16/18 MB[0m
2026.04.10 14:59:48 INFO  Progress (1): 16/18 MB[0m
2026.04.10 14:59:48 INFO  Progress (1): 16/18 MB[0m
2026.04.10 14:59:48 INFO  Progress (1): 16/18 MB[0m
2026.04.10 14:59:48 INFO  Progress (1): 16/18 MB[0m
2026.04.10 14:59:48 INFO  Progress (1): 16/18 MB[0m
2026.04.10 14:59:48 INFO  Progress (1): 16/18 MB[0m
2026.04.10 14:59:48 INFO  Progress (1): 16/18 MB[0m
2026.04.10 14:59:48 INFO  Progress (1): 16/18 MB[0m
2026.04.10 14:59:48 INFO  Progress (1): 16/18 MB[0m
2026.04.10 14:59:48 INFO  Progress (1): 16/18 MB[0m
2026.04.10 14:59:48 INFO  Progress (1): 16/18 MB[0m
2026.04.10 14:59:48 INFO  Progress (1): 16/18 MB[0m
2026.04.10 14:59:48 INFO  Progress (1): 16/18 MB[0m
2026.04.10 14:59:48 INFO  Progress (1): 16/18 MB[0m
2026.04.10 14:59:48 INFO  Progress (1): 16/18 MB[0m
2026.04.10 14:59:48 INFO  Progress (1): 16/18 MB[0m
2026.04.10 14:59:48 INFO  Progress (1): 16/18 MB[0m
2026.04.10 14:59:48 INFO  Progress (1): 16/18 MB[0m
2026.04.10 14:59:48 INFO  Progress (1): 16/18 MB[0m
2026.04.10 14:59:48 INFO  Progress (1): 16/18 MB[0m
2026.04.10 14:59:48 INFO  Progress (1): 16/18 MB[0m
2026.04.10 14:59:48 INFO  Progress (1): 16/18 MB[0m
2026.04.10 14:59:48 INFO  Progress (1): 16/18 MB[0m
2026.04.10 14:59:48 INFO  Progress (1): 16/18 MB[0m
2026.04.10 14:59:48 INFO  Progress (1): 16/18 MB[0m
2026.04.10 14:59:48 INFO  Progress (1): 16/18 MB[0m
2026.04.10 14:59:48 INFO  Progress (1): 17/18 MB[0m
2026.04.10 14:59:48 INFO  Progress (1): 17/18 MB[0m
2026.04.10 14:59:48 INFO  Progress (1): 17/18 MB[0m
2026.04.10 14:59:48 INFO  Progress (1): 17/18 MB[0m
2026.04.10 14:59:48 INFO  Progress (1): 17/18 MB[0m
2026.04.10 14:59:48 INFO  Progress (1): 17/18 MB[0m
2026.04.10 14:59:48 INFO  Progress (1): 17/18 MB[0m
2026.04.10 14:59:48 INFO  Progress (1): 17/18 MB[0m
2026.04.10 14:59:48 INFO  Progress (1): 17/18 MB[0m
2026.04.10 14:59:48 INFO  Progress (1): 17/18 MB[0m
2026.04.10 14:59:48 INFO  Progress (1): 17/18 MB[0m
2026.04.10 14:59:48 INFO  Progress (1): 17/18 MB[0m
2026.04.10 14:59:48 INFO  Progress (1): 17/18 MB[0m
2026.04.10 14:59:48 INFO  Progress (1): 17/18 MB[0m
2026.04.10 14:59:48 INFO  Progress (1): 17/18 MB[0m
2026.04.10 14:59:48 INFO  Progress (1): 17/18 MB[0m
2026.04.10 14:59:48 INFO  Progress (1): 17/18 MB[0m
2026.04.10 14:59:48 INFO  Progress (1): 17/18 MB[0m
2026.04.10 14:59:48 INFO  Progress (1): 17/18 MB[0m
2026.04.10 14:59:48 INFO  Progress (1): 17/18 MB[0m
2026.04.10 14:59:48 INFO  Progress (1): 17/18 MB[0m
2026.04.10 14:59:48 INFO  Progress (1): 17/18 MB[0m
2026.04.10 14:59:48 INFO  Progress (1): 17/18 MB[0m
2026.04.10 14:59:48 INFO  Progress (1): 17/18 MB[0m
2026.04.10 14:59:48 INFO  Progress (1): 17/18 MB[0m
2026.04.10 14:59:48 INFO  Progress (1): 17/18 MB[0m
2026.04.10 14:59:48 INFO  Progress (1): 17/18 MB[0m
2026.04.10 14:59:48 INFO  Progress (1): 17/18 MB[0m
2026.04.10 14:59:48 INFO  Progress (1): 17/18 MB[0m
2026.04.10 14:59:48 INFO  Progress (1): 17/18 MB[0m
2026.04.10 14:59:48 INFO  Progress (1): 17/18 MB[0m
2026.04.10 14:59:48 INFO  Progress (1): 17/18 MB[0m
2026.04.10 14:59:48 INFO  Progress (1): 17/18 MB[0m
2026.04.10 14:59:48 INFO  Progress (1): 17/18 MB[0m
2026.04.10 14:59:48 INFO  Progress (1): 17/18 MB[0m
2026.04.10 14:59:48 INFO  Progress (1): 17/18 MB[0m
2026.04.10 14:59:48 INFO  Progress (1): 17/18 MB[0m
2026.04.10 14:59:48 INFO  Progress (1): 17/18 MB[0m
2026.04.10 14:59:48 INFO  Progress (1): 17/18 MB[0m
2026.04.10 14:59:48 INFO  Progress (1): 17/18 MB[0m
2026.04.10 14:59:48 INFO  Progress (1): 17/18 MB[0m
2026.04.10 14:59:48 INFO  Progress (1): 17/18 MB[0m
2026.04.10 14:59:48 INFO  Progress (1): 17/18 MB[0m
2026.04.10 14:59:48 INFO  Progress (1): 17/18 MB[0m
2026.04.10 14:59:48 INFO  Progress (1): 17/18 MB[0m
2026.04.10 14:59:48 INFO  Progress (1): 17/18 MB[0m
2026.04.10 14:59:48 INFO  Progress (1): 17/18 MB[0m
2026.04.10 14:59:48 INFO  Progress (1): 17/18 MB[0m
2026.04.10 14:59:48 INFO  Progress (1): 17/18 MB[0m
2026.04.10 14:59:48 INFO  Progress (1): 17/18 MB[0m
2026.04.10 14:59:48 INFO  Progress (1): 17/18 MB[0m
2026.04.10 14:59:48 INFO  Progress (1): 17/18 MB[0m
2026.04.10 14:59:48 INFO  Progress (1): 17/18 MB[0m
2026.04.10 14:59:48 INFO  Progress (1): 17/18 MB[0m
2026.04.10 14:59:48 INFO  Progress (1): 17/18 MB[0m
2026.04.10 14:59:48 INFO  Progress (1): 17/18 MB[0m
2026.04.10 14:59:48 INFO  Progress (1): 17/18 MB[0m
2026.04.10 14:59:48 INFO  Progress (1): 17/18 MB[0m
2026.04.10 14:59:48 INFO  Progress (1): 17/18 MB[0m
2026.04.10 14:59:48 INFO  Progress (1): 17/18 MB[0m
2026.04.10 14:59:48 INFO  Progress (1): 17/18 MB[0m
2026.04.10 14:59:48 INFO  Progress (1): 17/18 MB[0m
2026.04.10 14:59:48 INFO  Progress (1): 17/18 MB[0m
2026.04.10 14:59:48 INFO  Progress (1): 17/18 MB[0m
2026.04.10 14:59:48 INFO  Progress (1): 17/18 MB[0m
2026.04.10 14:59:48 INFO  Progress (1): 18/18 MB[0m
2026.04.10 14:59:48 INFO  Progress (1): 18/18 MB[0m
2026.04.10 14:59:48 INFO  Progress (1): 18/18 MB[0m
2026.04.10 14:59:48 INFO  Progress (1): 18/18 MB[0m
2026.04.10 14:59:48 INFO  Progress (1): 18/18 MB[0m
2026.04.10 14:59:48 INFO  Progress (1): 18/18 MB[0m
2026.04.10 14:59:48 INFO  Progress (1): 18/18 MB[0m
2026.04.10 14:59:48 INFO  Progress (1): 18/18 MB[0m
2026.04.10 14:59:48 INFO  Progress (1): 18/18 MB[0m
2026.04.10 14:59:48 INFO  Progress (1): 18/18 MB[0m
2026.04.10 14:59:48 INFO  Progress (1): 18/18 MB[0m
2026.04.10 14:59:48 INFO  Progress (1): 18/18 MB[0m
2026.04.10 14:59:48 INFO  Progress (1): 18/18 MB[0m
2026.04.10 14:59:48 INFO  Progress (1): 18/18 MB[0m
2026.04.10 14:59:48 INFO  Progress (1): 18/18 MB[0m
2026.04.10 14:59:48 INFO  Progress (1): 18/18 MB[0m
2026.04.10 14:59:48 INFO  Progress (1): 18/18 MB[0m
2026.04.10 14:59:48 INFO  Progress (1): 18 MB   [0m
2026.04.10 14:59:48 INFO                     [0m
2026.04.10 14:59:48 INFO  Downloaded from central: https://repo.maven.apache.org/maven2/org/testcontainers/testcontainers/1.20.4/testcontainers-1.20.4.jar (18 MB at 9.6 MB/s)[0m
2026.04.10 14:59:48 INFO  [INFO] SUCCESS: org.testcontainers:testcontainers:jar:1.20.4:test (sources = false)[0m
2026.04.10 14:59:48 INFO  [INFO] Resolving artifact: org.testcontainers:testcontainers:jar:1.20.4:test (sources = true)[0m
2026.04.10 14:59:48 INFO  Downloading from central: https://repo.maven.apache.org/maven2/org/testcontainers/testcontainers/1.20.4/testcontainers-1.20.4-sources.jar[0m
2026.04.10 14:59:48 INFO  Progress (1): 7.7/177 kB[0m
2026.04.10 14:59:48 INFO  Progress (1): 16/177 kB [0m
2026.04.10 14:59:48 INFO  Progress (1): 32/177 kB[0m
2026.04.10 14:59:48 INFO  Progress (1): 48/177 kB[0m
2026.04.10 14:59:48 INFO  Progress (1): 65/177 kB[0m
2026.04.10 14:59:48 INFO  Progress (1): 81/177 kB[0m
2026.04.10 14:59:48 INFO  Progress (1): 98/177 kB[0m
2026.04.10 14:59:48 INFO  Progress (1): 114/177 kB[0m
2026.04.10 14:59:48 INFO  Progress (1): 130/177 kB[0m
2026.04.10 14:59:48 INFO  Progress (1): 147/177 kB[0m
2026.04.10 14:59:48 INFO  Progress (1): 163/177 kB[0m
2026.04.10 14:59:48 INFO  Progress (1): 177 kB    [0m
2026.04.10 14:59:48 INFO                      [0m
2026.04.10 14:59:48 INFO  Downloaded from central: https://repo.maven.apache.org/maven2/org/testcontainers/testcontainers/1.20.4/testcontainers-1.20.4-sources.jar (177 kB at 6.1 MB/s)[0m
2026.04.10 14:59:48 INFO  [INFO] SUCCESS: org.testcontainers:testcontainers:jar:1.20.4:test (sources = true)[0m
2026.04.10 14:59:48 INFO  [INFO] Resolving artifact: com.github.docker-java:docker-java-transport-zerodep:jar:3.4.0:test (sources = false)[0m
2026.04.10 14:59:48 INFO  Downloading from central: https://repo.maven.apache.org/maven2/com/github/docker-java/docker-java-transport-zerodep/3.4.0/docker-java-transport-zerodep-3.4.0.jar[0m
2026.04.10 14:59:48 INFO  Progress (1): 0/2.3 MB[0m
2026.04.10 14:59:48 INFO  Progress (1): 0/2.3 MB[0m
2026.04.10 14:59:48 INFO  Progress (1): 0/2.3 MB[0m
2026.04.10 14:59:48 INFO  Progress (1): 0/2.3 MB[0m
2026.04.10 14:59:48 INFO  Progress (1): 0.1/2.3 MB[0m
2026.04.10 14:59:48 INFO  Progress (1): 0.1/2.3 MB[0m
2026.04.10 14:59:48 INFO  Progress (1): 0.1/2.3 MB[0m
2026.04.10 14:59:48 INFO  Progress (1): 0.1/2.3 MB[0m
2026.04.10 14:59:48 INFO  Progress (1): 0.1/2.3 MB[0m
2026.04.10 14:59:48 INFO  Progress (1): 0.1/2.3 MB[0m
2026.04.10 14:59:48 INFO  Progress (1): 0.2/2.3 MB[0m
2026.04.10 14:59:48 INFO  Progress (1): 0.2/2.3 MB[0m
2026.04.10 14:59:48 INFO  Progress (1): 0.2/2.3 MB[0m
2026.04.10 14:59:48 INFO  Progress (1): 0.2/2.3 MB[0m
2026.04.10 14:59:48 INFO  Progress (1): 0.2/2.3 MB[0m
2026.04.10 14:59:48 INFO  Progress (1): 0.2/2.3 MB[0m
2026.04.10 14:59:48 INFO  Progress (1): 0.3/2.3 MB[0m
2026.04.10 14:59:48 INFO  Progress (1): 0.3/2.3 MB[0m
2026.04.10 14:59:48 INFO  Progress (1): 0.3/2.3 MB[0m
2026.04.10 14:59:48 INFO  Progress (1): 0.3/2.3 MB[0m
2026.04.10 14:59:48 INFO  Progress (1): 0.3/2.3 MB[0m
2026.04.10 14:59:48 INFO  Progress (1): 0.3/2.3 MB[0m
2026.04.10 14:59:48 INFO  Progress (1): 0.4/2.3 MB[0m
2026.04.10 14:59:48 INFO  Progress (1): 0.4/2.3 MB[0m
2026.04.10 14:59:48 INFO  Progress (1): 0.4/2.3 MB[0m
2026.04.10 14:59:48 INFO  Progress (1): 0.4/2.3 MB[0m
2026.04.10 14:59:48 INFO  Progress (1): 0.4/2.3 MB[0m
2026.04.10 14:59:48 INFO  Progress (1): 0.4/2.3 MB[0m
2026.04.10 14:59:48 INFO  Progress (1): 0.5/2.3 MB[0m
2026.04.10 14:59:48 INFO  Progress (1): 0.5/2.3 MB[0m
2026.04.10 14:59:48 INFO  Progress (1): 0.5/2.3 MB[0m
2026.04.10 14:59:48 INFO  Progress (1): 0.5/2.3 MB[0m
2026.04.10 14:59:48 INFO  Progress (1): 0.5/2.3 MB[0m
2026.04.10 14:59:48 INFO  Progress (1): 0.5/2.3 MB[0m
2026.04.10 14:59:48 INFO  Progress (1): 0.6/2.3 MB[0m
2026.04.10 14:59:48 INFO  Progress (1): 0.6/2.3 MB[0m
2026.04.10 14:59:48 INFO  Progress (1): 0.6/2.3 MB[0m
2026.04.10 14:59:48 INFO  Progress (1): 0.6/2.3 MB[0m
2026.04.10 14:59:48 INFO  Progress (1): 0.6/2.3 MB[0m
2026.04.10 14:59:48 INFO  Progress (1): 0.6/2.3 MB[0m
2026.04.10 14:59:48 INFO  Progress (1): 0.7/2.3 MB[0m
2026.04.10 14:59:48 INFO  Progress (1): 0.7/2.3 MB[0m
2026.04.10 14:59:48 INFO  Progress (1): 0.7/2.3 MB[0m
2026.04.10 14:59:48 INFO  Progress (1): 0.7/2.3 MB[0m
2026.04.10 14:59:48 INFO  Progress (1): 0.7/2.3 MB[0m
2026.04.10 14:59:48 INFO  Progress (1): 0.7/2.3 MB[0m
2026.04.10 14:59:48 INFO  Progress (1): 0.7/2.3 MB[0m
2026.04.10 14:59:48 INFO  Progress (1): 0.8/2.3 MB[0m
2026.04.10 14:59:48 INFO  Progress (1): 0.8/2.3 MB[0m
2026.04.10 14:59:48 INFO  Progress (1): 0.8/2.3 MB[0m
2026.04.10 14:59:48 INFO  Progress (1): 0.8/2.3 MB[0m
2026.04.10 14:59:48 INFO  Progress (1): 0.8/2.3 MB[0m
2026.04.10 14:59:48 INFO  Progress (1): 0.8/2.3 MB[0m
2026.04.10 14:59:48 INFO  Progress (1): 0.9/2.3 MB[0m
2026.04.10 14:59:48 INFO  Progress (1): 0.9/2.3 MB[0m
2026.04.10 14:59:48 INFO  Progress (1): 0.9/2.3 MB[0m
2026.04.10 14:59:48 INFO  Progress (1): 0.9/2.3 MB[0m
2026.04.10 14:59:48 INFO  Progress (1): 0.9/2.3 MB[0m
2026.04.10 14:59:48 INFO  Progress (1): 0.9/2.3 MB[0m
2026.04.10 14:59:48 INFO  Progress (1): 1.0/2.3 MB[0m
2026.04.10 14:59:48 INFO  Progress (1): 1.0/2.3 MB[0m
2026.04.10 14:59:48 INFO  Progress (1): 1.0/2.3 MB[0m
2026.04.10 14:59:48 INFO  Progress (1): 1.0/2.3 MB[0m
2026.04.10 14:59:48 INFO  Progress (1): 1.0/2.3 MB[0m
2026.04.10 14:59:48 INFO  Progress (1): 1.0/2.3 MB[0m
2026.04.10 14:59:48 INFO  Progress (1): 1.0/2.3 MB[0m
2026.04.10 14:59:48 INFO  Progress (1): 1.1/2.3 MB[0m
2026.04.10 14:59:48 INFO  Progress (1): 1.1/2.3 MB[0m
2026.04.10 14:59:48 INFO  Progress (1): 1.1/2.3 MB[0m
2026.04.10 14:59:48 INFO  Progress (1): 1.1/2.3 MB[0m
2026.04.10 14:59:48 INFO  Progress (1): 1.1/2.3 MB[0m
2026.04.10 14:59:48 INFO  Progress (1): 1.1/2.3 MB[0m
2026.04.10 14:59:48 INFO  Progress (1): 1.2/2.3 MB[0m
2026.04.10 14:59:48 INFO  Progress (1): 1.2/2.3 MB[0m
2026.04.10 14:59:48 INFO  Progress (1): 1.2/2.3 MB[0m
2026.04.10 14:59:48 INFO  Progress (1): 1.2/2.3 MB[0m
2026.04.10 14:59:48 INFO  Progress (1): 1.2/2.3 MB[0m
2026.04.10 14:59:48 INFO  Progress (1): 1.2/2.3 MB[0m
2026.04.10 14:59:48 INFO  Progress (1): 1.3/2.3 MB[0m
2026.04.10 14:59:48 INFO  Progress (1): 1.3/2.3 MB[0m
2026.04.10 14:59:48 INFO  Progress (1): 1.3/2.3 MB[0m
2026.04.10 14:59:48 INFO  Progress (1): 1.3/2.3 MB[0m
2026.04.10 14:59:48 INFO  Progress (1): 1.3/2.3 MB[0m
2026.04.10 14:59:48 INFO  Progress (1): 1.3/2.3 MB[0m
2026.04.10 14:59:48 INFO  Progress (1): 1.4/2.3 MB[0m
2026.04.10 14:59:48 INFO  Progress (1): 1.4/2.3 MB[0m
2026.04.10 14:59:48 INFO  Progress (1): 1.4/2.3 MB[0m
2026.04.10 14:59:48 INFO  Progress (1): 1.4/2.3 MB[0m
2026.04.10 14:59:48 INFO  Progress (1): 1.4/2.3 MB[0m
2026.04.10 14:59:48 INFO  Progress (1): 1.4/2.3 MB[0m
2026.04.10 14:59:48 INFO  Progress (1): 1.4/2.3 MB[0m
2026.04.10 14:59:48 INFO  Progress (1): 1.5/2.3 MB[0m
2026.04.10 14:59:48 INFO  Progress (1): 1.5/2.3 MB[0m
2026.04.10 14:59:48 INFO  Progress (1): 1.5/2.3 MB[0m
2026.04.10 14:59:48 INFO  Progress (1): 1.5/2.3 MB[0m
2026.04.10 14:59:48 INFO  Progress (1): 1.5/2.3 MB[0m
2026.04.10 14:59:48 INFO  Progress (1): 1.5/2.3 MB[0m
2026.04.10 14:59:48 INFO  Progress (1): 1.5/2.3 MB[0m
2026.04.10 14:59:48 INFO  Progress (1): 1.6/2.3 MB[0m
2026.04.10 14:59:48 INFO  Progress (1): 1.6/2.3 MB[0m
2026.04.10 14:59:48 INFO  Progress (1): 1.6/2.3 MB[0m
2026.04.10 14:59:48 INFO  Progress (1): 1.6/2.3 MB[0m
2026.04.10 14:59:48 INFO  Progress (1): 1.6/2.3 MB[0m
2026.04.10 14:59:48 INFO  Progress (1): 1.6/2.3 MB[0m
2026.04.10 14:59:48 INFO  Progress (1): 1.6/2.3 MB[0m
2026.04.10 14:59:48 INFO  Progress (1): 1.7/2.3 MB[0m
2026.04.10 14:59:48 INFO  Progress (1): 1.7/2.3 MB[0m
2026.04.10 14:59:48 INFO  Progress (1): 1.7/2.3 MB[0m
2026.04.10 14:59:48 INFO  Progress (1): 1.7/2.3 MB[0m
2026.04.10 14:59:48 INFO  Progress (1): 1.7/2.3 MB[0m
2026.04.10 14:59:48 INFO  Progress (1): 1.7/2.3 MB[0m
2026.04.10 14:59:48 INFO  Progress (1): 1.8/2.3 MB[0m
2026.04.10 14:59:48 INFO  Progress (1): 1.8/2.3 MB[0m
2026.04.10 14:59:48 INFO  Progress (1): 1.8/2.3 MB[0m
2026.04.10 14:59:48 INFO  Progress (1): 1.8/2.3 MB[0m
2026.04.10 14:59:48 INFO  Progress (1): 1.8/2.3 MB[0m
2026.04.10 14:59:48 INFO  Progress (1): 1.8/2.3 MB[0m
2026.04.10 14:59:48 INFO  Progress (1): 1.9/2.3 MB[0m
2026.04.10 14:59:48 INFO  Progress (1): 1.9/2.3 MB[0m
2026.04.10 14:59:48 INFO  Progress (1): 1.9/2.3 MB[0m
2026.04.10 14:59:48 INFO  Progress (1): 1.9/2.3 MB[0m
2026.04.10 14:59:48 INFO  Progress (1): 1.9/2.3 MB[0m
2026.04.10 14:59:48 INFO  Progress (1): 1.9/2.3 MB[0m
2026.04.10 14:59:48 INFO  Progress (1): 1.9/2.3 MB[0m
2026.04.10 14:59:48 INFO  Progress (1): 2.0/2.3 MB[0m
2026.04.10 14:59:48 INFO  Progress (1): 2.0/2.3 MB[0m
2026.04.10 14:59:48 INFO  Progress (1): 2.0/2.3 MB[0m
2026.04.10 14:59:48 INFO  Progress (1): 2.0/2.3 MB[0m
2026.04.10 14:59:48 INFO  Progress (1): 2.0/2.3 MB[0m
2026.04.10 14:59:48 INFO  Progress (1): 2.0/2.3 MB[0m
2026.04.10 14:59:48 INFO  Progress (1): 2.1/2.3 MB[0m
2026.04.10 14:59:48 INFO  Progress (1): 2.1/2.3 MB[0m
2026.04.10 14:59:48 INFO  Progress (1): 2.1/2.3 MB[0m
2026.04.10 14:59:48 INFO  Progress (1): 2.1/2.3 MB[0m
2026.04.10 14:59:48 INFO  Progress (1): 2.1/2.3 MB[0m
2026.04.10 14:59:48 INFO  Progress (1): 2.1/2.3 MB[0m
2026.04.10 14:59:48 INFO  Progress (1): 2.2/2.3 MB[0m
2026.04.10 14:59:48 INFO  Progress (1): 2.2/2.3 MB[0m
2026.04.10 14:59:48 INFO  Progress (1): 2.2/2.3 MB[0m
2026.04.10 14:59:48 INFO  Progress (1): 2.2/2.3 MB[0m
2026.04.10 14:59:48 INFO  Progress (1): 2.2/2.3 MB[0m
2026.04.10 14:59:48 INFO  Progress (1): 2.2/2.3 MB[0m
2026.04.10 14:59:48 INFO  Progress (1): 2.2/2.3 MB[0m
2026.04.10 14:59:48 INFO  Progress (1): 2.3/2.3 MB[0m
2026.04.10 14:59:48 INFO  Progress (1): 2.3/2.3 MB[0m
2026.04.10 14:59:48 INFO  Progress (1): 2.3 MB    [0m
2026.04.10 14:59:48 INFO                      [0m
2026.04.10 14:59:48 INFO  Downloaded from central: https://repo.maven.apache.org/maven2/com/github/docker-java/docker-java-transport-zerodep/3.4.0/docker-java-transport-zerodep-3.4.0.jar (2.3 MB at 18 MB/s)[0m
2026.04.10 14:59:48 INFO  [INFO] SUCCESS: com.github.docker-java:docker-java-transport-zerodep:jar:3.4.0:test (sources = false)[0m
2026.04.10 14:59:48 INFO  [INFO] Resolving artifact: com.github.docker-java:docker-java-transport-zerodep:jar:3.4.0:test (sources = true)[0m
2026.04.10 14:59:48 INFO  Downloading from central: https://repo.maven.apache.org/maven2/com/github/docker-java/docker-java-transport-zerodep/3.4.0/docker-java-transport-zerodep-3.4.0-sources.jar[0m
2026.04.10 14:59:48 INFO  Progress (1): 0/1.9 MB[0m
2026.04.10 14:59:48 INFO  Progress (1): 0/1.9 MB[0m
2026.04.10 14:59:48 INFO  Progress (1): 0/1.9 MB[0m
2026.04.10 14:59:48 INFO  Progress (1): 0/1.9 MB[0m
2026.04.10 14:59:48 INFO  Progress (1): 0.1/1.9 MB[0m
2026.04.10 14:59:48 INFO  Progress (1): 0.1/1.9 MB[0m
2026.04.10 14:59:48 INFO  Progress (1): 0.1/1.9 MB[0m
2026.04.10 14:59:48 INFO  Progress (1): 0.1/1.9 MB[0m
2026.04.10 14:59:48 INFO  Progress (1): 0.1/1.9 MB[0m
2026.04.10 14:59:48 INFO  Progress (1): 0.1/1.9 MB[0m
2026.04.10 14:59:48 INFO  Progress (1): 0.2/1.9 MB[0m
2026.04.10 14:59:48 INFO  Progress (1): 0.2/1.9 MB[0m
2026.04.10 14:59:48 INFO  Progress (1): 0.2/1.9 MB[0m
2026.04.10 14:59:48 INFO  Progress (1): 0.2/1.9 MB[0m
2026.04.10 14:59:48 INFO  Progress (1): 0.2/1.9 MB[0m
2026.04.10 14:59:48 INFO  Progress (1): 0.2/1.9 MB[0m
2026.04.10 14:59:48 INFO  Progress (1): 0.3/1.9 MB[0m
2026.04.10 14:59:48 INFO  Progress (1): 0.3/1.9 MB[0m
2026.04.10 14:59:48 INFO  Progress (1): 0.3/1.9 MB[0m
2026.04.10 14:59:48 INFO  Progress (1): 0.3/1.9 MB[0m
2026.04.10 14:59:48 INFO  Progress (1): 0.3/1.9 MB[0m
2026.04.10 14:59:48 INFO  Progress (1): 0.3/1.9 MB[0m
2026.04.10 14:59:48 INFO  Progress (1): 0.4/1.9 MB[0m
2026.04.10 14:59:48 INFO  Progress (1): 0.4/1.9 MB[0m
2026.04.10 14:59:48 INFO  Progress (1): 0.4/1.9 MB[0m
2026.04.10 14:59:48 INFO  Progress (1): 0.4/1.9 MB[0m
2026.04.10 14:59:48 INFO  Progress (1): 0.4/1.9 MB[0m
2026.04.10 14:59:48 INFO  Progress (1): 0.4/1.9 MB[0m
2026.04.10 14:59:48 INFO  Progress (1): 0.5/1.9 MB[0m
2026.04.10 14:59:48 INFO  Progress (1): 0.5/1.9 MB[0m
2026.04.10 14:59:48 INFO  Progress (1): 0.5/1.9 MB[0m
2026.04.10 14:59:48 INFO  Progress (1): 0.5/1.9 MB[0m
2026.04.10 14:59:48 INFO  Progress (1): 0.5/1.9 MB[0m
2026.04.10 14:59:48 INFO  Progress (1): 0.5/1.9 MB[0m
2026.04.10 14:59:48 INFO  Progress (1): 0.5/1.9 MB[0m
2026.04.10 14:59:48 INFO  Progress (1): 0.6/1.9 MB[0m
2026.04.10 14:59:48 INFO  Progress (1): 0.6/1.9 MB[0m
2026.04.10 14:59:48 INFO  Progress (1): 0.6/1.9 MB[0m
2026.04.10 14:59:48 INFO  Progress (1): 0.6/1.9 MB[0m
2026.04.10 14:59:48 INFO  Progress (1): 0.6/1.9 MB[0m
2026.04.10 14:59:48 INFO  Progress (1): 0.6/1.9 MB[0m
2026.04.10 14:59:48 INFO  Progress (1): 0.7/1.9 MB[0m
2026.04.10 14:59:48 INFO  Progress (1): 0.7/1.9 MB[0m
2026.04.10 14:59:48 INFO  Progress (1): 0.7/1.9 MB[0m
2026.04.10 14:59:48 INFO  Progress (1): 0.7/1.9 MB[0m
2026.04.10 14:59:48 INFO  Progress (1): 0.7/1.9 MB[0m
2026.04.10 14:59:48 INFO  Progress (1): 0.7/1.9 MB[0m
2026.04.10 14:59:48 INFO  Progress (1): 0.8/1.9 MB[0m
2026.04.10 14:59:48 INFO  Progress (1): 0.8/1.9 MB[0m
2026.04.10 14:59:48 INFO  Progress (1): 0.8/1.9 MB[0m
2026.04.10 14:59:48 INFO  Progress (1): 0.8/1.9 MB[0m
2026.04.10 14:59:48 INFO  Progress (1): 0.8/1.9 MB[0m
2026.04.10 14:59:48 INFO  Progress (1): 0.8/1.9 MB[0m
2026.04.10 14:59:48 INFO  Progress (1): 0.9/1.9 MB[0m
2026.04.10 14:59:48 INFO  Progress (1): 0.9/1.9 MB[0m
2026.04.10 14:59:48 INFO  Progress (1): 0.9/1.9 MB[0m
2026.04.10 14:59:48 INFO  Progress (1): 0.9/1.9 MB[0m
2026.04.10 14:59:48 INFO  Progress (1): 0.9/1.9 MB[0m
2026.04.10 14:59:48 INFO  Progress (1): 0.9/1.9 MB[0m
2026.04.10 14:59:48 INFO  Progress (1): 1.0/1.9 MB[0m
2026.04.10 14:59:48 INFO  Progress (1): 1.0/1.9 MB[0m
2026.04.10 14:59:48 INFO  Progress (1): 1.0/1.9 MB[0m
2026.04.10 14:59:48 INFO  Progress (1): 1.0/1.9 MB[0m
2026.04.10 14:59:48 INFO  Progress (1): 1.0/1.9 MB[0m
2026.04.10 14:59:48 INFO  Progress (1): 1.0/1.9 MB[0m
2026.04.10 14:59:48 INFO  Progress (1): 1.0/1.9 MB[0m
2026.04.10 14:59:48 INFO  Progress (1): 1.1/1.9 MB[0m
2026.04.10 14:59:48 INFO  Progress (1): 1.1/1.9 MB[0m
2026.04.10 14:59:48 INFO  Progress (1): 1.1/1.9 MB[0m
2026.04.10 14:59:48 INFO  Progress (1): 1.1/1.9 MB[0m
2026.04.10 14:59:48 INFO  Progress (1): 1.1/1.9 MB[0m
2026.04.10 14:59:48 INFO  Progress (1): 1.1/1.9 MB[0m
2026.04.10 14:59:48 INFO  Progress (1): 1.2/1.9 MB[0m
2026.04.10 14:59:48 INFO  Progress (1): 1.2/1.9 MB[0m
2026.04.10 14:59:48 INFO  Progress (1): 1.2/1.9 MB[0m
2026.04.10 14:59:48 INFO  Progress (1): 1.2/1.9 MB[0m
2026.04.10 14:59:48 INFO  Progress (1): 1.2/1.9 MB[0m
2026.04.10 14:59:48 INFO  Progress (1): 1.2/1.9 MB[0m
2026.04.10 14:59:48 INFO  Progress (1): 1.3/1.9 MB[0m
2026.04.10 14:59:48 INFO  Progress (1): 1.3/1.9 MB[0m
2026.04.10 14:59:48 INFO  Progress (1): 1.3/1.9 MB[0m
2026.04.10 14:59:48 INFO  Progress (1): 1.3/1.9 MB[0m
2026.04.10 14:59:48 INFO  Progress (1): 1.3/1.9 MB[0m
2026.04.10 14:59:48 INFO  Progress (1): 1.3/1.9 MB[0m
2026.04.10 14:59:48 INFO  Progress (1): 1.4/1.9 MB[0m
2026.04.10 14:59:48 INFO  Progress (1): 1.4/1.9 MB[0m
2026.04.10 14:59:48 INFO  Progress (1): 1.4/1.9 MB[0m
2026.04.10 14:59:48 INFO  Progress (1): 1.4/1.9 MB[0m
2026.04.10 14:59:48 INFO  Progress (1): 1.4/1.9 MB[0m
2026.04.10 14:59:48 INFO  Progress (1): 1.4/1.9 MB[0m
2026.04.10 14:59:48 INFO  Progress (1): 1.5/1.9 MB[0m
2026.04.10 14:59:48 INFO  Progress (1): 1.5/1.9 MB[0m
2026.04.10 14:59:48 INFO  Progress (1): 1.5/1.9 MB[0m
2026.04.10 14:59:48 INFO  Progress (1): 1.5/1.9 MB[0m
2026.04.10 14:59:48 INFO  Progress (1): 1.5/1.9 MB[0m
2026.04.10 14:59:48 INFO  Progress (1): 1.5/1.9 MB[0m
2026.04.10 14:59:48 INFO  Progress (1): 1.6/1.9 MB[0m
2026.04.10 14:59:48 INFO  Progress (1): 1.6/1.9 MB[0m
2026.04.10 14:59:48 INFO  Progress (1): 1.6/1.9 MB[0m
2026.04.10 14:59:48 INFO  Progress (1): 1.6/1.9 MB[0m
2026.04.10 14:59:48 INFO  Progress (1): 1.6/1.9 MB[0m
2026.04.10 14:59:48 INFO  Progress (1): 1.6/1.9 MB[0m
2026.04.10 14:59:48 INFO  Progress (1): 1.7/1.9 MB[0m
2026.04.10 14:59:48 INFO  Progress (1): 1.7/1.9 MB[0m
2026.04.10 14:59:48 INFO  Progress (1): 1.7/1.9 MB[0m
2026.04.10 14:59:48 INFO  Progress (1): 1.7/1.9 MB[0m
2026.04.10 14:59:48 INFO  Progress (1): 1.7/1.9 MB[0m
2026.04.10 14:59:48 INFO  Progress (1): 1.7/1.9 MB[0m
2026.04.10 14:59:48 INFO  Progress (1): 1.8/1.9 MB[0m
2026.04.10 14:59:48 INFO  Progress (1): 1.8/1.9 MB[0m
2026.04.10 14:59:48 INFO  Progress (1): 1.8/1.9 MB[0m
2026.04.10 14:59:48 INFO  Progress (1): 1.8/1.9 MB[0m
2026.04.10 14:59:48 INFO  Progress (1): 1.8/1.9 MB[0m
2026.04.10 14:59:48 INFO  Progress (1): 1.8/1.9 MB[0m
2026.04.10 14:59:48 INFO  Progress (1): 1.9/1.9 MB[0m
2026.04.10 14:59:48 INFO  Progress (1): 1.9/1.9 MB[0m
2026.04.10 14:59:48 INFO  Progress (1): 1.9/1.9 MB[0m
2026.04.10 14:59:48 INFO  Progress (1): 1.9/1.9 MB[0m
2026.04.10 14:59:48 INFO  Progress (1): 1.9/1.9 MB[0m
2026.04.10 14:59:48 INFO  Progress (1): 1.9/1.9 MB[0m
2026.04.10 14:59:48 INFO  Progress (1): 1.9 MB    [0m
2026.04.10 14:59:48 INFO                      [0m
2026.04.10 14:59:48 INFO  Downloaded from central: https://repo.maven.apache.org/maven2/com/github/docker-java/docker-java-transport-zerodep/3.4.0/docker-java-transport-zerodep-3.4.0-sources.jar (1.9 MB at 18 MB/s)[0m
2026.04.10 14:59:48 INFO  [INFO] SUCCESS: com.github.docker-java:docker-java-transport-zerodep:jar:3.4.0:test (sources = true)[0m
2026.04.10 14:59:48 INFO  [INFO] Resolving artifact: org.rnorth.duct-tape:duct-tape:jar:1.0.8:test (sources = false)[0m
2026.04.10 14:59:48 INFO  Downloading from central: https://repo.maven.apache.org/maven2/org/rnorth/duct-tape/duct-tape/1.0.8/duct-tape-1.0.8.jar[0m
2026.04.10 14:59:48 INFO  Progress (1): 7.7/25 kB[0m
2026.04.10 14:59:48 INFO  Progress (1): 16/25 kB [0m
2026.04.10 14:59:48 INFO  Progress (1): 25 kB   [0m
2026.04.10 14:59:48 INFO                     [0m
2026.04.10 14:59:48 INFO  Downloaded from central: https://repo.maven.apache.org/maven2/org/rnorth/duct-tape/duct-tape/1.0.8/duct-tape-1.0.8.jar (25 kB at 1.1 MB/s)[0m
2026.04.10 14:59:48 INFO  [INFO] SUCCESS: org.rnorth.duct-tape:duct-tape:jar:1.0.8:test (sources = false)[0m
2026.04.10 14:59:48 INFO  [INFO] Resolving artifact: org.rnorth.duct-tape:duct-tape:jar:1.0.8:test (sources = true)[0m
2026.04.10 14:59:48 INFO  Downloading from central: https://repo.maven.apache.org/maven2/org/rnorth/duct-tape/duct-tape/1.0.8/duct-tape-1.0.8-sources.jar[0m
2026.04.10 14:59:48 INFO  Progress (1): 7.4/15 kB[0m
2026.04.10 14:59:48 INFO  Progress (1): 15 kB    [0m
2026.04.10 14:59:48 INFO                     [0m
2026.04.10 14:59:48 INFO  Downloaded from central: https://repo.maven.apache.org/maven2/org/rnorth/duct-tape/duct-tape/1.0.8/duct-tape-1.0.8-sources.jar (15 kB at 635 kB/s)[0m
2026.04.10 14:59:48 INFO  [INFO] SUCCESS: org.rnorth.duct-tape:duct-tape:jar:1.0.8:test (sources = true)[0m
2026.04.10 14:59:48 INFO  [INFO] Resolving artifact: org.glassfish.jaxb:jaxb-runtime:jar:4.0.5:runtime (sources = false)[0m
2026.04.10 14:59:48 INFO  [INFO] SUCCESS: org.glassfish.jaxb:jaxb-runtime:jar:4.0.5:runtime (sources = false)[0m
2026.04.10 14:59:48 INFO  [INFO] Resolving artifact: org.glassfish.jaxb:jaxb-runtime:jar:4.0.5:runtime (sources = true)[0m
2026.04.10 14:59:48 INFO  Downloading from central: https://repo.maven.apache.org/maven2/org/glassfish/jaxb/jaxb-runtime/4.0.5/jaxb-runtime-4.0.5-sources.jar[0m
2026.04.10 14:59:48 INFO  Progress (1): 8.2/651 kB[0m
2026.04.10 14:59:48 INFO  Progress (1): 25/651 kB [0m
2026.04.10 14:59:48 INFO  Progress (1): 41/651 kB[0m
2026.04.10 14:59:48 INFO  Progress (1): 57/651 kB[0m
2026.04.10 14:59:48 INFO  Progress (1): 66/651 kB[0m
2026.04.10 14:59:48 INFO  Progress (1): 82/651 kB[0m
2026.04.10 14:59:48 INFO  Progress (1): 98/651 kB[0m
2026.04.10 14:59:48 INFO  Progress (1): 115/651 kB[0m
2026.04.10 14:59:48 INFO  Progress (1): 131/651 kB[0m
2026.04.10 14:59:48 INFO  Progress (1): 147/651 kB[0m
2026.04.10 14:59:48 INFO  Progress (1): 164/651 kB[0m
2026.04.10 14:59:48 INFO  Progress (1): 180/651 kB[0m
2026.04.10 14:59:48 INFO  Progress (1): 197/651 kB[0m
2026.04.10 14:59:48 INFO  Progress (1): 213/651 kB[0m
2026.04.10 14:59:48 INFO  Progress (1): 229/651 kB[0m
2026.04.10 14:59:48 INFO  Progress (1): 246/651 kB[0m
2026.04.10 14:59:48 INFO  Progress (1): 262/651 kB[0m
2026.04.10 14:59:48 INFO  Progress (1): 279/651 kB[0m
2026.04.10 14:59:48 INFO  Progress (1): 295/651 kB[0m
2026.04.10 14:59:48 INFO  Progress (1): 311/651 kB[0m
2026.04.10 14:59:48 INFO  Progress (1): 328/651 kB[0m
2026.04.10 14:59:48 INFO  Progress (1): 344/651 kB[0m
2026.04.10 14:59:48 INFO  Progress (1): 360/651 kB[0m
2026.04.10 14:59:48 INFO  Progress (1): 377/651 kB[0m
2026.04.10 14:59:48 INFO  Progress (1): 393/651 kB[0m
2026.04.10 14:59:48 INFO  Progress (1): 410/651 kB[0m
2026.04.10 14:59:48 INFO  Progress (1): 426/651 kB[0m
2026.04.10 14:59:48 INFO  Progress (1): 442/651 kB[0m
2026.04.10 14:59:48 INFO  Progress (1): 459/651 kB[0m
2026.04.10 14:59:48 INFO  Progress (1): 475/651 kB[0m
2026.04.10 14:59:48 INFO  Progress (1): 492/651 kB[0m
2026.04.10 14:59:48 INFO  Progress (1): 508/651 kB[0m
2026.04.10 14:59:48 INFO  Progress (1): 524/651 kB[0m
2026.04.10 14:59:48 INFO  Progress (1): 541/651 kB[0m
2026.04.10 14:59:48 INFO  Progress (1): 557/651 kB[0m
2026.04.10 14:59:48 INFO  Progress (1): 573/651 kB[0m
2026.04.10 14:59:48 INFO  Progress (1): 590/651 kB[0m
2026.04.10 14:59:48 INFO  Progress (1): 606/651 kB[0m
2026.04.10 14:59:48 INFO  Progress (1): 623/651 kB[0m
2026.04.10 14:59:48 INFO  Progress (1): 639/651 kB[0m
2026.04.10 14:59:48 INFO  Progress (1): 651 kB    [0m
2026.04.10 14:59:48 INFO                      [0m
2026.04.10 14:59:48 INFO  Downloaded from central: https://repo.maven.apache.org/maven2/org/glassfish/jaxb/jaxb-runtime/4.0.5/jaxb-runtime-4.0.5-sources.jar (651 kB at 14 MB/s)[0m
2026.04.10 14:59:48 INFO  [INFO] SUCCESS: org.glassfish.jaxb:jaxb-runtime:jar:4.0.5:runtime (sources = true)[0m
2026.04.10 14:59:48 INFO  [INFO] Resolving artifact: org.apache.tomcat.embed:tomcat-embed-websocket:jar:10.1.34:compile (sources = false)[0m
2026.04.10 14:59:48 INFO  [INFO] SUCCESS: org.apache.tomcat.embed:tomcat-embed-websocket:jar:10.1.34:compile (sources = false)[0m
2026.04.10 14:59:48 INFO  [INFO] Resolving artifact: org.apache.tomcat.embed:tomcat-embed-websocket:jar:10.1.34:compile (sources = true)[0m
2026.04.10 14:59:48 INFO  Downloading from central: https://repo.maven.apache.org/maven2/org/apache/tomcat/embed/tomcat-embed-websocket/10.1.34/tomcat-embed-websocket-10.1.34-sources.jar[0m
2026.04.10 14:59:48 INFO  Progress (1): 7.7/248 kB[0m
2026.04.10 14:59:48 INFO  Progress (1): 16/248 kB [0m
2026.04.10 14:59:48 INFO  Progress (1): 32/248 kB[0m
2026.04.10 14:59:48 INFO  Progress (1): 48/248 kB[0m
2026.04.10 14:59:48 INFO  Progress (1): 65/248 kB[0m
2026.04.10 14:59:48 INFO  Progress (1): 81/248 kB[0m
2026.04.10 14:59:48 INFO  Progress (1): 98/248 kB[0m
2026.04.10 14:59:48 INFO  Progress (1): 114/248 kB[0m
2026.04.10 14:59:48 INFO  Progress (1): 115/248 kB[0m
2026.04.10 14:59:48 INFO  Progress (1): 131/248 kB[0m
2026.04.10 14:59:48 INFO  Progress (1): 147/248 kB[0m
2026.04.10 14:59:48 INFO  Progress (1): 164/248 kB[0m
2026.04.10 14:59:48 INFO  Progress (1): 180/248 kB[0m
2026.04.10 14:59:48 INFO  Progress (1): 197/248 kB[0m
2026.04.10 14:59:48 INFO  Progress (1): 213/248 kB[0m
2026.04.10 14:59:48 INFO  Progress (1): 229/248 kB[0m
2026.04.10 14:59:48 INFO  Progress (1): 246/248 kB[0m
2026.04.10 14:59:48 INFO  Progress (1): 248 kB    [0m
2026.04.10 14:59:48 INFO                      [0m
2026.04.10 14:59:48 INFO  Downloaded from central: https://repo.maven.apache.org/maven2/org/apache/tomcat/embed/tomcat-embed-websocket/10.1.34/tomcat-embed-websocket-10.1.34-sources.jar (248 kB at 6.9 MB/s)[0m
2026.04.10 14:59:48 INFO  [INFO] SUCCESS: org.apache.tomcat.embed:tomcat-embed-websocket:jar:10.1.34:compile (sources = true)[0m
2026.04.10 14:59:48 INFO  [INFO] Resolving artifact: org.springframework.boot:spring-boot-starter-json:jar:3.4.2:compile (sources = false)[0m
2026.04.10 14:59:48 INFO  [INFO] SUCCESS: org.springframework.boot:spring-boot-starter-json:jar:3.4.2:compile (sources = false)[0m
2026.04.10 14:59:48 INFO  [INFO] Resolving artifact: org.springframework.boot:spring-boot-starter-json:jar:3.4.2:compile (sources = true)[0m
2026.04.10 14:59:48 INFO  Downloading from central: https://repo.maven.apache.org/maven2/org/springframework/boot/spring-boot-starter-json/3.4.2/spring-boot-starter-json-3.4.2-sources.jar[0m
2026.04.10 14:59:48 INFO  Progress (1): 4.7 kB[0m
2026.04.10 14:59:48 INFO                      [0m
2026.04.10 14:59:48 INFO  Downloaded from central: https://repo.maven.apache.org/maven2/org/springframework/boot/spring-boot-starter-json/3.4.2/spring-boot-starter-json-3.4.2-sources.jar (4.7 kB at 164 kB/s)[0m
2026.04.10 14:59:48 INFO  [INFO] SUCCESS: org.springframework.boot:spring-boot-starter-json:jar:3.4.2:compile (sources = true)[0m
2026.04.10 14:59:48 INFO  [INFO] Resolving artifact: org.springframework.boot:spring-boot:jar:3.4.2:compile (sources = false)[0m
2026.04.10 14:59:48 INFO  [INFO] SUCCESS: org.springframework.boot:spring-boot:jar:3.4.2:compile (sources = false)[0m
2026.04.10 14:59:48 INFO  [INFO] Resolving artifact: org.springframework.boot:spring-boot:jar:3.4.2:compile (sources = true)[0m
2026.04.10 14:59:48 INFO  Downloading from central: https://repo.maven.apache.org/maven2/org/springframework/boot/spring-boot/3.4.2/spring-boot-3.4.2-sources.jar[0m
2026.04.10 14:59:48 INFO  Progress (1): 0/1.2 MB[0m
2026.04.10 14:59:48 INFO  Progress (1): 0/1.2 MB[0m
2026.04.10 14:59:48 INFO  Progress (1): 0/1.2 MB[0m
2026.04.10 14:59:48 INFO  Progress (1): 0/1.2 MB[0m
2026.04.10 14:59:48 INFO  Progress (1): 0.1/1.2 MB[0m
2026.04.10 14:59:48 INFO  Progress (1): 0.1/1.2 MB[0m
2026.04.10 14:59:48 INFO  Progress (1): 0.1/1.2 MB[0m
2026.04.10 14:59:48 INFO  Progress (1): 0.1/1.2 MB[0m
2026.04.10 14:59:48 INFO  Progress (1): 0.1/1.2 MB[0m
2026.04.10 14:59:48 INFO  Progress (1): 0.1/1.2 MB[0m
2026.04.10 14:59:48 INFO  Progress (1): 0.2/1.2 MB[0m
2026.04.10 14:59:48 INFO  Progress (1): 0.2/1.2 MB[0m
2026.04.10 14:59:48 INFO  Progress (1): 0.2/1.2 MB[0m
2026.04.10 14:59:48 INFO  Progress (1): 0.2/1.2 MB[0m
2026.04.10 14:59:48 INFO  Progress (1): 0.2/1.2 MB[0m
2026.04.10 14:59:48 INFO  Progress (1): 0.2/1.2 MB[0m
2026.04.10 14:59:48 INFO  Progress (1): 0.3/1.2 MB[0m
2026.04.10 14:59:48 INFO  Progress (1): 0.3/1.2 MB[0m
2026.04.10 14:59:48 INFO  Progress (1): 0.3/1.2 MB[0m
2026.04.10 14:59:48 INFO  Progress (1): 0.3/1.2 MB[0m
2026.04.10 14:59:48 INFO  Progress (1): 0.3/1.2 MB[0m
2026.04.10 14:59:48 INFO  Progress (1): 0.3/1.2 MB[0m
2026.04.10 14:59:48 INFO  Progress (1): 0.3/1.2 MB[0m
2026.04.10 14:59:48 INFO  Progress (1): 0.4/1.2 MB[0m
2026.04.10 14:59:48 INFO  Progress (1): 0.4/1.2 MB[0m
2026.04.10 14:59:48 INFO  Progress (1): 0.4/1.2 MB[0m
2026.04.10 14:59:48 INFO  Progress (1): 0.4/1.2 MB[0m
2026.04.10 14:59:48 INFO  Progress (1): 0.4/1.2 MB[0m
2026.04.10 14:59:48 INFO  Progress (1): 0.4/1.2 MB[0m
2026.04.10 14:59:48 INFO  Progress (1): 0.5/1.2 MB[0m
2026.04.10 14:59:48 INFO  Progress (1): 0.5/1.2 MB[0m
2026.04.10 14:59:48 INFO  Progress (1): 0.5/1.2 MB[0m
2026.04.10 14:59:48 INFO  Progress (1): 0.5/1.2 MB[0m
2026.04.10 14:59:48 INFO  Progress (1): 0.5/1.2 MB[0m
2026.04.10 14:59:48 INFO  Progress (1): 0.5/1.2 MB[0m
2026.04.10 14:59:48 INFO  Progress (1): 0.6/1.2 MB[0m
2026.04.10 14:59:48 INFO  Progress (1): 0.6/1.2 MB[0m
2026.04.10 14:59:48 INFO  Progress (1): 0.6/1.2 MB[0m
2026.04.10 14:59:48 INFO  Progress (1): 0.6/1.2 MB[0m
2026.04.10 14:59:48 INFO  Progress (1): 0.6/1.2 MB[0m
2026.04.10 14:59:48 INFO  Progress (1): 0.6/1.2 MB[0m
2026.04.10 14:59:48 INFO  Progress (1): 0.7/1.2 MB[0m
2026.04.10 14:59:48 INFO  Progress (1): 0.7/1.2 MB[0m
2026.04.10 14:59:48 INFO  Progress (1): 0.7/1.2 MB[0m
2026.04.10 14:59:48 INFO  Progress (1): 0.7/1.2 MB[0m
2026.04.10 14:59:48 INFO  Progress (1): 0.7/1.2 MB[0m
2026.04.10 14:59:48 INFO  Progress (1): 0.7/1.2 MB[0m
2026.04.10 14:59:48 INFO  Progress (1): 0.8/1.2 MB[0m
2026.04.10 14:59:48 INFO  Progress (1): 0.8/1.2 MB[0m
2026.04.10 14:59:48 INFO  Progress (1): 0.8/1.2 MB[0m
2026.04.10 14:59:48 INFO  Progress (1): 0.8/1.2 MB[0m
2026.04.10 14:59:48 INFO  Progress (1): 0.8/1.2 MB[0m
2026.04.10 14:59:48 INFO  Progress (1): 0.8/1.2 MB[0m
2026.04.10 14:59:48 INFO  Progress (1): 0.9/1.2 MB[0m
2026.04.10 14:59:48 INFO  Progress (1): 0.9/1.2 MB[0m
2026.04.10 14:59:48 INFO  Progress (1): 0.9/1.2 MB[0m
2026.04.10 14:59:48 INFO  Progress (1): 0.9/1.2 MB[0m
2026.04.10 14:59:48 INFO  Progress (1): 0.9/1.2 MB[0m
2026.04.10 14:59:48 INFO  Progress (1): 0.9/1.2 MB[0m
2026.04.10 14:59:48 INFO  Progress (1): 1.0/1.2 MB[0m
2026.04.10 14:59:48 INFO  Progress (1): 1.0/1.2 MB[0m
2026.04.10 14:59:48 INFO  Progress (1): 1.0/1.2 MB[0m
2026.04.10 14:59:48 INFO  Progress (1): 1.0/1.2 MB[0m
2026.04.10 14:59:48 INFO  Progress (1): 1.0/1.2 MB[0m
2026.04.10 14:59:48 INFO  Progress (1): 1.0/1.2 MB[0m
2026.04.10 14:59:48 INFO  Progress (1): 1.0/1.2 MB[0m
2026.04.10 14:59:48 INFO  Progress (1): 1.1/1.2 MB[0m
2026.04.10 14:59:48 INFO  Progress (1): 1.1/1.2 MB[0m
2026.04.10 14:59:48 INFO  Progress (1): 1.1/1.2 MB[0m
2026.04.10 14:59:48 INFO  Progress (1): 1.1/1.2 MB[0m
2026.04.10 14:59:48 INFO  Progress (1): 1.1/1.2 MB[0m
2026.04.10 14:59:48 INFO  Progress (1): 1.1/1.2 MB[0m
2026.04.10 14:59:48 INFO  Progress (1): 1.2/1.2 MB[0m
2026.04.10 14:59:48 INFO  Progress (1): 1.2/1.2 MB[0m
2026.04.10 14:59:48 INFO  Progress (1): 1.2 MB    [0m
2026.04.10 14:59:48 INFO                      [0m
2026.04.10 14:59:48 INFO  Downloaded from central: https://repo.maven.apache.org/maven2/org/springframework/boot/spring-boot/3.4.2/spring-boot-3.4.2-sources.jar (1.2 MB at 16 MB/s)[0m
2026.04.10 14:59:48 INFO  [INFO] SUCCESS: org.springframework.boot:spring-boot:jar:3.4.2:compile (sources = true)[0m
2026.04.10 14:59:48 INFO  [INFO] Resolving artifact: org.jetbrains:annotations:jar:17.0.0:test (sources = false)[0m
2026.04.10 14:59:48 INFO  [INFO] SUCCESS: org.jetbrains:annotations:jar:17.0.0:test (sources = false)[0m
2026.04.10 14:59:48 INFO  [INFO] Resolving artifact: org.jetbrains:annotations:jar:17.0.0:test (sources = true)[0m
2026.04.10 14:59:48 INFO  [INFO] SUCCESS: org.jetbrains:annotations:jar:17.0.0:test (sources = true)[0m
2026.04.10 14:59:48 INFO  [INFO] Resolving artifact: org.testcontainers:jdbc:jar:1.20.4:test (sources = false)[0m
2026.04.10 14:59:48 INFO  Downloading from central: https://repo.maven.apache.org/maven2/org/testcontainers/jdbc/1.20.4/jdbc-1.20.4.jar[0m
2026.04.10 14:59:48 INFO  Progress (1): 7.7/30 kB[0m
2026.04.10 14:59:48 INFO  Progress (1): 12/30 kB [0m
2026.04.10 14:59:48 INFO  Progress (1): 28/30 kB[0m
2026.04.10 14:59:48 INFO  Progress (1): 30 kB   [0m
2026.04.10 14:59:48 INFO                     [0m
2026.04.10 14:59:48 INFO  Downloaded from central: https://repo.maven.apache.org/maven2/org/testcontainers/jdbc/1.20.4/jdbc-1.20.4.jar (30 kB at 1.2 MB/s)[0m
2026.04.10 14:59:48 INFO  [INFO] SUCCESS: org.testcontainers:jdbc:jar:1.20.4:test (sources = false)[0m
2026.04.10 14:59:48 INFO  [INFO] Resolving artifact: org.testcontainers:jdbc:jar:1.20.4:test (sources = true)[0m
2026.04.10 14:59:48 INFO  Downloading from central: https://repo.maven.apache.org/maven2/org/testcontainers/jdbc/1.20.4/jdbc-1.20.4-sources.jar[0m
2026.04.10 14:59:48 INFO  Progress (1): 7.7/16 kB[0m
2026.04.10 14:59:48 INFO  Progress (1): 16/16 kB [0m
2026.04.10 14:59:48 INFO  Progress (1): 16 kB   [0m
2026.04.10 14:59:48 INFO                     [0m
2026.04.10 14:59:48 INFO  Downloaded from central: https://repo.maven.apache.org/maven2/org/testcontainers/jdbc/1.20.4/jdbc-1.20.4-sources.jar (16 kB at 713 kB/s)[0m
2026.04.10 14:59:48 INFO  [INFO] SUCCESS: org.testcontainers:jdbc:jar:1.20.4:test (sources = true)[0m
2026.04.10 14:59:48 INFO  [INFO] Resolving artifact: org.springframework.data:spring-data-commons:jar:3.4.2:compile (sources = false)[0m
2026.04.10 14:59:48 INFO  [INFO] SUCCESS: org.springframework.data:spring-data-commons:jar:3.4.2:compile (sources = false)[0m
2026.04.10 14:59:48 INFO  [INFO] Resolving artifact: org.springframework.data:spring-data-commons:jar:3.4.2:compile (sources = true)[0m
2026.04.10 14:59:48 INFO  Downloading from central: https://repo.maven.apache.org/maven2/org/springframework/data/spring-data-commons/3.4.2/spring-data-commons-3.4.2-sources.jar[0m
2026.04.10 14:59:48 INFO  Progress (1): 7.7/974 kB[0m
2026.04.10 14:59:48 INFO  Progress (1): 8.2/974 kB[0m
2026.04.10 14:59:48 INFO  Progress (1): 25/974 kB [0m
2026.04.10 14:59:48 INFO  Progress (1): 41/974 kB[0m
2026.04.10 14:59:48 INFO  Progress (1): 57/974 kB[0m
2026.04.10 14:59:48 INFO  Progress (1): 74/974 kB[0m
2026.04.10 14:59:48 INFO  Progress (1): 90/974 kB[0m
2026.04.10 14:59:48 INFO  Progress (1): 106/974 kB[0m
2026.04.10 14:59:48 INFO  Progress (1): 123/974 kB[0m
2026.04.10 14:59:48 INFO  Progress (1): 139/974 kB[0m
2026.04.10 14:59:48 INFO  Progress (1): 156/974 kB[0m
2026.04.10 14:59:48 INFO  Progress (1): 172/974 kB[0m
2026.04.10 14:59:48 INFO  Progress (1): 188/974 kB[0m
2026.04.10 14:59:48 INFO  Progress (1): 205/974 kB[0m
2026.04.10 14:59:48 INFO  Progress (1): 221/974 kB[0m
2026.04.10 14:59:48 INFO  Progress (1): 229/974 kB[0m
2026.04.10 14:59:48 INFO  Progress (1): 246/974 kB[0m
2026.04.10 14:59:48 INFO  Progress (1): 262/974 kB[0m
2026.04.10 14:59:48 INFO  Progress (1): 279/974 kB[0m
2026.04.10 14:59:48 INFO  Progress (1): 295/974 kB[0m
2026.04.10 14:59:48 INFO  Progress (1): 311/974 kB[0m
2026.04.10 14:59:48 INFO  Progress (1): 328/974 kB[0m
2026.04.10 14:59:48 INFO  Progress (1): 344/974 kB[0m
2026.04.10 14:59:48 INFO  Progress (1): 360/974 kB[0m
2026.04.10 14:59:48 INFO  Progress (1): 377/974 kB[0m
2026.04.10 14:59:48 INFO  Progress (1): 393/974 kB[0m
2026.04.10 14:59:48 INFO  Progress (1): 410/974 kB[0m
2026.04.10 14:59:48 INFO  Progress (1): 426/974 kB[0m
2026.04.10 14:59:48 INFO  Progress (1): 442/974 kB[0m
2026.04.10 14:59:48 INFO  Progress (1): 459/974 kB[0m
2026.04.10 14:59:48 INFO  Progress (1): 475/974 kB[0m
2026.04.10 14:59:48 INFO  Progress (1): 492/974 kB[0m
2026.04.10 14:59:48 INFO  Progress (1): 508/974 kB[0m
2026.04.10 14:59:48 INFO  Progress (1): 524/974 kB[0m
2026.04.10 14:59:48 INFO  Progress (1): 541/974 kB[0m
2026.04.10 14:59:48 INFO  Progress (1): 557/974 kB[0m
2026.04.10 14:59:48 INFO  Progress (1): 573/974 kB[0m
2026.04.10 14:59:48 INFO  Progress (1): 590/974 kB[0m
2026.04.10 14:59:48 INFO  Progress (1): 606/974 kB[0m
2026.04.10 14:59:48 INFO  Progress (1): 623/974 kB[0m
2026.04.10 14:59:48 INFO  Progress (1): 639/974 kB[0m
2026.04.10 14:59:48 INFO  Progress (1): 655/974 kB[0m
2026.04.10 14:59:48 INFO  Progress (1): 672/974 kB[0m
2026.04.10 14:59:48 INFO  Progress (1): 688/974 kB[0m
2026.04.10 14:59:48 INFO  Progress (1): 705/974 kB[0m
2026.04.10 14:59:48 INFO  Progress (1): 721/974 kB[0m
2026.04.10 14:59:48 INFO  Progress (1): 737/974 kB[0m
2026.04.10 14:59:48 INFO  Progress (1): 754/974 kB[0m
2026.04.10 14:59:48 INFO  Progress (1): 770/974 kB[0m
2026.04.10 14:59:48 INFO  Progress (1): 786/974 kB[0m
2026.04.10 14:59:48 INFO  Progress (1): 803/974 kB[0m
2026.04.10 14:59:48 INFO  Progress (1): 819/974 kB[0m
2026.04.10 14:59:48 INFO  Progress (1): 836/974 kB[0m
2026.04.10 14:59:48 INFO  Progress (1): 852/974 kB[0m
2026.04.10 14:59:48 INFO  Progress (1): 868/974 kB[0m
2026.04.10 14:59:48 INFO  Progress (1): 885/974 kB[0m
2026.04.10 14:59:48 INFO  Progress (1): 901/974 kB[0m
2026.04.10 14:59:48 INFO  Progress (1): 918/974 kB[0m
2026.04.10 14:59:48 INFO  Progress (1): 934/974 kB[0m
2026.04.10 14:59:48 INFO  Progress (1): 950/974 kB[0m
2026.04.10 14:59:48 INFO  Progress (1): 967/974 kB[0m
2026.04.10 14:59:48 INFO  Progress (1): 974 kB    [0m
2026.04.10 14:59:48 INFO                      [0m
2026.04.10 14:59:48 INFO  Downloaded from central: https://repo.maven.apache.org/maven2/org/springframework/data/spring-data-commons/3.4.2/spring-data-commons-3.4.2-sources.jar (974 kB at 13 MB/s)[0m
2026.04.10 14:59:48 INFO  [INFO] SUCCESS: org.springframework.data:spring-data-commons:jar:3.4.2:compile (sources = true)[0m
2026.04.10 14:59:48 INFO  [INFO] Resolving artifact: com.github.docker-java:docker-java-api:jar:3.4.0:test (sources = false)[0m
2026.04.10 14:59:48 INFO  Downloading from central: https://repo.maven.apache.org/maven2/com/github/docker-java/docker-java-api/3.4.0/docker-java-api-3.4.0.jar[0m
2026.04.10 14:59:48 INFO  Progress (1): 7.7/485 kB[0m
2026.04.10 14:59:48 INFO  Progress (1): 16/485 kB [0m
2026.04.10 14:59:48 INFO  Progress (1): 29/485 kB[0m
2026.04.10 14:59:48 INFO  Progress (1): 45/485 kB[0m
2026.04.10 14:59:48 INFO  Progress (1): 61/485 kB[0m
2026.04.10 14:59:48 INFO  Progress (1): 78/485 kB[0m
2026.04.10 14:59:48 INFO  Progress (1): 94/485 kB[0m
2026.04.10 14:59:48 INFO  Progress (1): 111/485 kB[0m
2026.04.10 14:59:48 INFO  Progress (1): 127/485 kB[0m
2026.04.10 14:59:48 INFO  Progress (1): 143/485 kB[0m
2026.04.10 14:59:48 INFO  Progress (1): 160/485 kB[0m
2026.04.10 14:59:48 INFO  Progress (1): 176/485 kB[0m
2026.04.10 14:59:48 INFO  Progress (1): 193/485 kB[0m
2026.04.10 14:59:48 INFO  Progress (1): 209/485 kB[0m
2026.04.10 14:59:48 INFO  Progress (1): 225/485 kB[0m
2026.04.10 14:59:48 INFO  Progress (1): 242/485 kB[0m
2026.04.10 14:59:48 INFO  Progress (1): 258/485 kB[0m
2026.04.10 14:59:48 INFO  Progress (1): 274/485 kB[0m
2026.04.10 14:59:48 INFO  Progress (1): 291/485 kB[0m
2026.04.10 14:59:48 INFO  Progress (1): 307/485 kB[0m
2026.04.10 14:59:48 INFO  Progress (1): 324/485 kB[0m
2026.04.10 14:59:48 INFO  Progress (1): 340/485 kB[0m
2026.04.10 14:59:48 INFO  Progress (1): 356/485 kB[0m
2026.04.10 14:59:48 INFO  Progress (1): 364/485 kB[0m
2026.04.10 14:59:48 INFO  Progress (1): 381/485 kB[0m
2026.04.10 14:59:48 INFO  Progress (1): 397/485 kB[0m
2026.04.10 14:59:48 INFO  Progress (1): 413/485 kB[0m
2026.04.10 14:59:48 INFO  Progress (1): 430/485 kB[0m
2026.04.10 14:59:48 INFO  Progress (1): 446/485 kB[0m
2026.04.10 14:59:48 INFO  Progress (1): 463/485 kB[0m
2026.04.10 14:59:48 INFO  Progress (1): 479/485 kB[0m
2026.04.10 14:59:48 INFO  Progress (1): 485 kB    [0m
2026.04.10 14:59:48 INFO                      [0m
2026.04.10 14:59:48 INFO  Downloaded from central: https://repo.maven.apache.org/maven2/com/github/docker-java/docker-java-api/3.4.0/docker-java-api-3.4.0.jar (485 kB at 10 MB/s)[0m
2026.04.10 14:59:48 INFO  [INFO] SUCCESS: com.github.docker-java:docker-java-api:jar:3.4.0:test (sources = false)[0m
2026.04.10 14:59:48 INFO  [INFO] Resolving artifact: com.github.docker-java:docker-java-api:jar:3.4.0:test (sources = true)[0m
2026.04.10 14:59:48 INFO  Downloading from central: https://repo.maven.apache.org/maven2/com/github/docker-java/docker-java-api/3.4.0/docker-java-api-3.4.0-sources.jar[0m
2026.04.10 14:59:49 INFO  Progress (1): 7.7/219 kB[0m
2026.04.10 14:59:49 INFO  Progress (1): 16/219 kB [0m
2026.04.10 14:59:49 INFO  Progress (1): 24/219 kB[0m
2026.04.10 14:59:49 INFO  Progress (1): 40/219 kB[0m
2026.04.10 14:59:49 INFO  Progress (1): 57/219 kB[0m
2026.04.10 14:59:49 INFO  Progress (1): 73/219 kB[0m
2026.04.10 14:59:49 INFO  Progress (1): 90/219 kB[0m
2026.04.10 14:59:49 INFO  Progress (1): 106/219 kB[0m
2026.04.10 14:59:49 INFO  Progress (1): 122/219 kB[0m
2026.04.10 14:59:49 INFO  Progress (1): 131/219 kB[0m
2026.04.10 14:59:49 INFO  Progress (1): 147/219 kB[0m
2026.04.10 14:59:49 INFO  Progress (1): 164/219 kB[0m
2026.04.10 14:59:49 INFO  Progress (1): 180/219 kB[0m
2026.04.10 14:59:49 INFO  Progress (1): 197/219 kB[0m
2026.04.10 14:59:49 INFO  Progress (1): 213/219 kB[0m
2026.04.10 14:59:49 INFO  Progress (1): 219 kB    [0m
2026.04.10 14:59:49 INFO                      [0m
2026.04.10 14:59:49 INFO  Downloaded from central: https://repo.maven.apache.org/maven2/com/github/docker-java/docker-java-api/3.4.0/docker-java-api-3.4.0-sources.jar (219 kB at 7.6 MB/s)[0m
2026.04.10 14:59:49 INFO  [INFO] SUCCESS: com.github.docker-java:docker-java-api:jar:3.4.0:test (sources = true)[0m
2026.04.10 14:59:49 INFO  [INFO] Resolving artifact: ch.qos.logback:logback-classic:jar:1.5.16:compile (sources = false)[0m
2026.04.10 14:59:49 INFO  [INFO] SUCCESS: ch.qos.logback:logback-classic:jar:1.5.16:compile (sources = false)[0m
2026.04.10 14:59:49 INFO  [INFO] Resolving artifact: ch.qos.logback:logback-classic:jar:1.5.16:compile (sources = true)[0m
2026.04.10 14:59:49 INFO  Downloading from central: https://repo.maven.apache.org/maven2/ch/qos/logback/logback-classic/1.5.16/logback-classic-1.5.16-sources.jar[0m
2026.04.10 14:59:49 INFO  Progress (1): 7.7/248 kB[0m
2026.04.10 14:59:49 INFO  Progress (1): 16/248 kB [0m
2026.04.10 14:59:49 INFO  Progress (1): 25/248 kB[0m
2026.04.10 14:59:49 INFO  Progress (1): 41/248 kB[0m
2026.04.10 14:59:49 INFO  Progress (1): 57/248 kB[0m
2026.04.10 14:59:49 INFO  Progress (1): 74/248 kB[0m
2026.04.10 14:59:49 INFO  Progress (1): 90/248 kB[0m
2026.04.10 14:59:49 INFO  Progress (1): 106/248 kB[0m
2026.04.10 14:59:49 INFO  Progress (1): 123/248 kB[0m
2026.04.10 14:59:49 INFO  Progress (1): 139/248 kB[0m
2026.04.10 14:59:49 INFO  Progress (1): 156/248 kB[0m
2026.04.10 14:59:49 INFO  Progress (1): 172/248 kB[0m
2026.04.10 14:59:49 INFO  Progress (1): 188/248 kB[0m
2026.04.10 14:59:49 INFO  Progress (1): 197/248 kB[0m
2026.04.10 14:59:49 INFO  Progress (1): 213/248 kB[0m
2026.04.10 14:59:49 INFO  Progress (1): 229/248 kB[0m
2026.04.10 14:59:49 INFO  Progress (1): 246/248 kB[0m
2026.04.10 14:59:49 INFO  Progress (1): 248 kB    [0m
2026.04.10 14:59:49 INFO                      [0m
2026.04.10 14:59:49 INFO  Downloaded from central: https://repo.maven.apache.org/maven2/ch/qos/logback/logback-classic/1.5.16/logback-classic-1.5.16-sources.jar (248 kB at 8.3 MB/s)[0m
2026.04.10 14:59:49 INFO  [INFO] SUCCESS: ch.qos.logback:logback-classic:jar:1.5.16:compile (sources = true)[0m
2026.04.10 14:59:49 INFO  [INFO] Resolving artifact: org.xmlunit:xmlunit-core:jar:2.10.0:test (sources = false)[0m
2026.04.10 14:59:49 INFO  Downloading from central: https://repo.maven.apache.org/maven2/org/xmlunit/xmlunit-core/2.10.0/xmlunit-core-2.10.0.jar[0m
2026.04.10 14:59:49 INFO  Progress (1): 7.7/181 kB[0m
2026.04.10 14:59:49 INFO  Progress (1): 16/181 kB [0m
2026.04.10 14:59:49 INFO  Progress (1): 32/181 kB[0m
2026.04.10 14:59:49 INFO  Progress (1): 48/181 kB[0m
2026.04.10 14:59:49 INFO  Progress (1): 65/181 kB[0m
2026.04.10 14:59:49 INFO  Progress (1): 66/181 kB[0m
2026.04.10 14:59:49 INFO  Progress (1): 82/181 kB[0m
2026.04.10 14:59:49 INFO  Progress (1): 98/181 kB[0m
2026.04.10 14:59:49 INFO  Progress (1): 115/181 kB[0m
2026.04.10 14:59:49 INFO  Progress (1): 131/181 kB[0m
2026.04.10 14:59:49 INFO  Progress (1): 147/181 kB[0m
2026.04.10 14:59:49 INFO  Progress (1): 164/181 kB[0m
2026.04.10 14:59:49 INFO  Progress (1): 180/181 kB[0m
2026.04.10 14:59:49 INFO  Progress (1): 181 kB    [0m
2026.04.10 14:59:49 INFO                      [0m
2026.04.10 14:59:49 INFO  Downloaded from central: https://repo.maven.apache.org/maven2/org/xmlunit/xmlunit-core/2.10.0/xmlunit-core-2.10.0.jar (181 kB at 6.5 MB/s)[0m
2026.04.10 14:59:49 INFO  [INFO] SUCCESS: org.xmlunit:xmlunit-core:jar:2.10.0:test (sources = false)[0m
2026.04.10 14:59:49 INFO  [INFO] Resolving artifact: org.xmlunit:xmlunit-core:jar:2.10.0:test (sources = true)[0m
2026.04.10 14:59:49 INFO  Downloading from central: https://repo.maven.apache.org/maven2/org/xmlunit/xmlunit-core/2.10.0/xmlunit-core-2.10.0-sources.jar[0m
2026.04.10 14:59:49 INFO  Progress (1): 7.7/112 kB[0m
2026.04.10 14:59:49 INFO  Progress (1): 16/112 kB [0m
2026.04.10 14:59:49 INFO  Progress (1): 25/112 kB[0m
2026.04.10 14:59:49 INFO  Progress (1): 41/112 kB[0m
2026.04.10 14:59:49 INFO  Progress (1): 57/112 kB[0m
2026.04.10 14:59:49 INFO  Progress (1): 74/112 kB[0m
2026.04.10 14:59:49 INFO  Progress (1): 90/112 kB[0m
2026.04.10 14:59:49 INFO  Progress (1): 106/112 kB[0m
2026.04.10 14:59:49 INFO  Progress (1): 112 kB    [0m
2026.04.10 14:59:49 INFO                      [0m
2026.04.10 14:59:49 INFO  Downloaded from central: https://repo.maven.apache.org/maven2/org/xmlunit/xmlunit-core/2.10.0/xmlunit-core-2.10.0-sources.jar (112 kB at 3.2 MB/s)[0m
2026.04.10 14:59:49 INFO  [INFO] SUCCESS: org.xmlunit:xmlunit-core:jar:2.10.0:test (sources = true)[0m
2026.04.10 14:59:49 INFO  [INFO] Resolving artifact: org.springframework.data:spring-data-jpa:jar:3.4.2:compile (sources = false)[0m
2026.04.10 14:59:49 INFO  [INFO] SUCCESS: org.springframework.data:spring-data-jpa:jar:3.4.2:compile (sources = false)[0m
2026.04.10 14:59:49 INFO  [INFO] Resolving artifact: org.springframework.data:spring-data-jpa:jar:3.4.2:compile (sources = true)[0m
2026.04.10 14:59:49 INFO  Downloading from central: https://repo.maven.apache.org/maven2/org/springframework/data/spring-data-jpa/3.4.2/spring-data-jpa-3.4.2-sources.jar[0m
2026.04.10 14:59:49 INFO  Progress (1): 16/668 kB[0m
2026.04.10 14:59:49 INFO  Progress (1): 33/668 kB[0m
2026.04.10 14:59:49 INFO  Progress (1): 49/668 kB[0m
2026.04.10 14:59:49 INFO  Progress (1): 66/668 kB[0m
2026.04.10 14:59:49 INFO  Progress (1): 82/668 kB[0m
2026.04.10 14:59:49 INFO  Progress (1): 98/668 kB[0m
2026.04.10 14:59:49 INFO  Progress (1): 115/668 kB[0m
2026.04.10 14:59:49 INFO  Progress (1): 131/668 kB[0m
2026.04.10 14:59:49 INFO  Progress (1): 147/668 kB[0m
2026.04.10 14:59:49 INFO  Progress (1): 164/668 kB[0m
2026.04.10 14:59:49 INFO  Progress (1): 180/668 kB[0m
2026.04.10 14:59:49 INFO  Progress (1): 197/668 kB[0m
2026.04.10 14:59:49 INFO  Progress (1): 213/668 kB[0m
2026.04.10 14:59:49 INFO  Progress (1): 229/668 kB[0m
2026.04.10 14:59:49 INFO  Progress (1): 246/668 kB[0m
2026.04.10 14:59:49 INFO  Progress (1): 262/668 kB[0m
2026.04.10 14:59:49 INFO  Progress (1): 279/668 kB[0m
2026.04.10 14:59:49 INFO  Progress (1): 295/668 kB[0m
2026.04.10 14:59:49 INFO  Progress (1): 311/668 kB[0m
2026.04.10 14:59:49 INFO  Progress (1): 328/668 kB[0m
2026.04.10 14:59:49 INFO  Progress (1): 344/668 kB[0m
2026.04.10 14:59:49 INFO  Progress (1): 360/668 kB[0m
2026.04.10 14:59:49 INFO  Progress (1): 377/668 kB[0m
2026.04.10 14:59:49 INFO  Progress (1): 393/668 kB[0m
2026.04.10 14:59:49 INFO  Progress (1): 410/668 kB[0m
2026.04.10 14:59:49 INFO  Progress (1): 426/668 kB[0m
2026.04.10 14:59:49 INFO  Progress (1): 442/668 kB[0m
2026.04.10 14:59:49 INFO  Progress (1): 459/668 kB[0m
2026.04.10 14:59:49 INFO  Progress (1): 475/668 kB[0m
2026.04.10 14:59:49 INFO  Progress (1): 492/668 kB[0m
2026.04.10 14:59:49 INFO  Progress (1): 508/668 kB[0m
2026.04.10 14:59:49 INFO  Progress (1): 524/668 kB[0m
2026.04.10 14:59:49 INFO  Progress (1): 541/668 kB[0m
2026.04.10 14:59:49 INFO  Progress (1): 557/668 kB[0m
2026.04.10 14:59:49 INFO  Progress (1): 573/668 kB[0m
2026.04.10 14:59:49 INFO  Progress (1): 581/668 kB[0m
2026.04.10 14:59:49 INFO  Progress (1): 597/668 kB[0m
2026.04.10 14:59:49 INFO  Progress (1): 614/668 kB[0m
2026.04.10 14:59:49 INFO  Progress (1): 630/668 kB[0m
2026.04.10 14:59:49 INFO  Progress (1): 647/668 kB[0m
2026.04.10 14:59:49 INFO  Progress (1): 663/668 kB[0m
2026.04.10 14:59:49 INFO  Progress (1): 668 kB    [0m
2026.04.10 14:59:49 INFO                      [0m
2026.04.10 14:59:49 INFO  Downloaded from central: https://repo.maven.apache.org/maven2/org/springframework/data/spring-data-jpa/3.4.2/spring-data-jpa-3.4.2-sources.jar (668 kB at 15 MB/s)[0m
2026.04.10 14:59:49 INFO  [INFO] SUCCESS: org.springframework.data:spring-data-jpa:jar:3.4.2:compile (sources = true)[0m
2026.04.10 14:59:49 INFO  [INFO] Resolving artifact: org.hdrhistogram:HdrHistogram:jar:2.2.2:runtime (sources = false)[0m
2026.04.10 14:59:49 INFO  [INFO] SUCCESS: org.hdrhistogram:HdrHistogram:jar:2.2.2:runtime (sources = false)[0m
2026.04.10 14:59:49 INFO  [INFO] Resolving artifact: org.hdrhistogram:HdrHistogram:jar:2.2.2:runtime (sources = true)[0m
2026.04.10 14:59:49 INFO  Downloading from central: https://repo.maven.apache.org/maven2/org/hdrhistogram/HdrHistogram/2.2.2/HdrHistogram-2.2.2-sources.jar[0m
2026.04.10 14:59:49 INFO  Progress (1): 7.5/168 kB[0m
2026.04.10 14:59:49 INFO  Progress (1): 24/168 kB [0m
2026.04.10 14:59:49 INFO  Progress (1): 40/168 kB[0m
2026.04.10 14:59:49 INFO  Progress (1): 57/168 kB[0m
2026.04.10 14:59:49 INFO  Progress (1): 73/168 kB[0m
2026.04.10 14:59:49 INFO  Progress (1): 89/168 kB[0m
2026.04.10 14:59:49 INFO  Progress (1): 106/168 kB[0m
2026.04.10 14:59:49 INFO  Progress (1): 122/168 kB[0m
2026.04.10 14:59:49 INFO  Progress (1): 130/168 kB[0m
2026.04.10 14:59:49 INFO  Progress (1): 147/168 kB[0m
2026.04.10 14:59:49 INFO  Progress (1): 163/168 kB[0m
2026.04.10 14:59:49 INFO  Progress (1): 164/168 kB[0m
2026.04.10 14:59:49 INFO  Progress (1): 168 kB    [0m
2026.04.10 14:59:49 INFO                      [0m
2026.04.10 14:59:49 INFO  Downloaded from central: https://repo.maven.apache.org/maven2/org/hdrhistogram/HdrHistogram/2.2.2/HdrHistogram-2.2.2-sources.jar (168 kB at 5.3 MB/s)[0m
2026.04.10 14:59:49 INFO  [INFO] SUCCESS: org.hdrhistogram:HdrHistogram:jar:2.2.2:runtime (sources = true)[0m
2026.04.10 14:59:49 INFO  [INFO] Resolving artifact: org.hamcrest:hamcrest:jar:2.2:test (sources = false)[0m
2026.04.10 14:59:49 INFO  [INFO] SUCCESS: org.hamcrest:hamcrest:jar:2.2:test (sources = false)[0m
2026.04.10 14:59:49 INFO  [INFO] Resolving artifact: org.hamcrest:hamcrest:jar:2.2:test (sources = true)[0m
2026.04.10 14:59:49 INFO  Downloading from central: https://repo.maven.apache.org/maven2/org/hamcrest/hamcrest/2.2/hamcrest-2.2-sources.jar[0m
2026.04.10 14:59:49 INFO  Progress (1): 7.7/83 kB[0m
2026.04.10 14:59:49 INFO  Progress (1): 7.7/83 kB[0m
2026.04.10 14:59:49 INFO  Progress (1): 24/83 kB [0m
2026.04.10 14:59:49 INFO  Progress (1): 40/83 kB[0m
2026.04.10 14:59:49 INFO  Progress (1): 57/83 kB[0m
2026.04.10 14:59:49 INFO  Progress (1): 73/83 kB[0m
2026.04.10 14:59:49 INFO  Progress (1): 83 kB   [0m
2026.04.10 14:59:49 INFO                     [0m
2026.04.10 14:59:49 INFO  Downloaded from central: https://repo.maven.apache.org/maven2/org/hamcrest/hamcrest/2.2/hamcrest-2.2-sources.jar (83 kB at 3.1 MB/s)[0m
2026.04.10 14:59:49 INFO  [INFO] SUCCESS: org.hamcrest:hamcrest:jar:2.2:test (sources = true)[0m
2026.04.10 14:59:49 INFO  [INFO] Resolving artifact: org.hamcrest:hamcrest-core:jar:2.2:test (sources = false)[0m
2026.04.10 14:59:49 INFO  Downloading from central: https://repo.maven.apache.org/maven2/org/hamcrest/hamcrest-core/2.2/hamcrest-core-2.2.jar[0m
2026.04.10 14:59:49 INFO  Progress (1): 1.5 kB[0m
2026.04.10 14:59:49 INFO                      [0m
2026.04.10 14:59:49 INFO  Downloaded from central: https://repo.maven.apache.org/maven2/org/hamcrest/hamcrest-core/2.2/hamcrest-core-2.2.jar (1.5 kB at 68 kB/s)[0m
2026.04.10 14:59:49 INFO  [INFO] SUCCESS: org.hamcrest:hamcrest-core:jar:2.2:test (sources = false)[0m
2026.04.10 14:59:49 INFO  [INFO] Resolving artifact: org.hamcrest:hamcrest-core:jar:2.2:test (sources = true)[0m
2026.04.10 14:59:49 INFO  Downloading from central: https://repo.maven.apache.org/maven2/org/hamcrest/hamcrest-core/2.2/hamcrest-core-2.2-sources.jar[0m
2026.04.10 14:59:49 INFO  Progress (1): 1.6 kB[0m
2026.04.10 14:59:49 INFO                      [0m
2026.04.10 14:59:49 INFO  Downloaded from central: https://repo.maven.apache.org/maven2/org/hamcrest/hamcrest-core/2.2/hamcrest-core-2.2-sources.jar (1.6 kB at 72 kB/s)[0m
2026.04.10 14:59:49 INFO  [INFO] SUCCESS: org.hamcrest:hamcrest-core:jar:2.2:test (sources = true)[0m
2026.04.10 14:59:49 INFO  [INFO] Resolving artifact: org.springframework.boot:spring-boot-starter-validation:jar:3.4.2:compile (sources = false)[0m
2026.04.10 14:59:49 INFO  [INFO] SUCCESS: org.springframework.boot:spring-boot-starter-validation:jar:3.4.2:compile (sources = false)[0m
2026.04.10 14:59:49 INFO  [INFO] Resolving artifact: org.springframework.boot:spring-boot-starter-validation:jar:3.4.2:compile (sources = true)[0m
2026.04.10 14:59:49 INFO  Downloading from central: https://repo.maven.apache.org/maven2/org/springframework/boot/spring-boot-starter-validation/3.4.2/spring-boot-starter-validation-3.4.2-sources.jar[0m
2026.04.10 14:59:49 INFO  Progress (1): 4.8 kB[0m
2026.04.10 14:59:49 INFO                      [0m
2026.04.10 14:59:49 INFO  Downloaded from central: https://repo.maven.apache.org/maven2/org/springframework/boot/spring-boot-starter-validation/3.4.2/spring-boot-starter-validation-3.4.2-sources.jar (4.8 kB at 170 kB/s)[0m
2026.04.10 14:59:49 INFO  [INFO] SUCCESS: org.springframework.boot:spring-boot-starter-validation:jar:3.4.2:compile (sources = true)[0m
2026.04.10 14:59:49 INFO  [INFO] Resolving artifact: io.micrometer:micrometer-core:jar:1.14.3:compile (sources = false)[0m
2026.04.10 14:59:49 INFO  [INFO] SUCCESS: io.micrometer:micrometer-core:jar:1.14.3:compile (sources = false)[0m
2026.04.10 14:59:49 INFO  [INFO] Resolving artifact: io.micrometer:micrometer-core:jar:1.14.3:compile (sources = true)[0m
2026.04.10 14:59:49 INFO  Downloading from central: https://repo.maven.apache.org/maven2/io/micrometer/micrometer-core/1.14.3/micrometer-core-1.14.3-sources.jar[0m
2026.04.10 14:59:49 INFO  Progress (1): 4.1/536 kB[0m
2026.04.10 14:59:49 INFO  Progress (1): 20/536 kB [0m
2026.04.10 14:59:49 INFO  Progress (1): 37/536 kB[0m
2026.04.10 14:59:49 INFO  Progress (1): 53/536 kB[0m
2026.04.10 14:59:49 INFO  Progress (1): 61/536 kB[0m
2026.04.10 14:59:49 INFO  Progress (1): 78/536 kB[0m
2026.04.10 14:59:49 INFO  Progress (1): 94/536 kB[0m
2026.04.10 14:59:49 INFO  Progress (1): 111/536 kB[0m
2026.04.10 14:59:49 INFO  Progress (1): 127/536 kB[0m
2026.04.10 14:59:49 INFO  Progress (1): 143/536 kB[0m
2026.04.10 14:59:49 INFO  Progress (1): 160/536 kB[0m
2026.04.10 14:59:49 INFO  Progress (1): 176/536 kB[0m
2026.04.10 14:59:49 INFO  Progress (1): 193/536 kB[0m
2026.04.10 14:59:49 INFO  Progress (1): 209/536 kB[0m
2026.04.10 14:59:49 INFO  Progress (1): 213/536 kB[0m
2026.04.10 14:59:49 INFO  Progress (1): 229/536 kB[0m
2026.04.10 14:59:49 INFO  Progress (1): 246/536 kB[0m
2026.04.10 14:59:49 INFO  Progress (1): 262/536 kB[0m
2026.04.10 14:59:49 INFO  Progress (1): 279/536 kB[0m
2026.04.10 14:59:49 INFO  Progress (1): 295/536 kB[0m
2026.04.10 14:59:49 INFO  Progress (1): 311/536 kB[0m
2026.04.10 14:59:49 INFO  Progress (1): 328/536 kB[0m
2026.04.10 14:59:49 INFO  Progress (1): 344/536 kB[0m
2026.04.10 14:59:49 INFO  Progress (1): 360/536 kB[0m
2026.04.10 14:59:49 INFO  Progress (1): 377/536 kB[0m
2026.04.10 14:59:49 INFO  Progress (1): 393/536 kB[0m
2026.04.10 14:59:49 INFO  Progress (1): 410/536 kB[0m
2026.04.10 14:59:49 INFO  Progress (1): 426/536 kB[0m
2026.04.10 14:59:49 INFO  Progress (1): 434/536 kB[0m
2026.04.10 14:59:49 INFO  Progress (1): 451/536 kB[0m
2026.04.10 14:59:49 INFO  Progress (1): 467/536 kB[0m
2026.04.10 14:59:49 INFO  Progress (1): 483/536 kB[0m
2026.04.10 14:59:49 INFO  Progress (1): 492/536 kB[0m
2026.04.10 14:59:49 INFO  Progress (1): 508/536 kB[0m
2026.04.10 14:59:49 INFO  Progress (1): 524/536 kB[0m
2026.04.10 14:59:49 INFO  Progress (1): 536 kB    [0m
2026.04.10 14:59:49 INFO                      [0m
2026.04.10 14:59:49 INFO  Downloaded from central: https://repo.maven.apache.org/maven2/io/micrometer/micrometer-core/1.14.3/micrometer-core-1.14.3-sources.jar (536 kB at 13 MB/s)[0m
2026.04.10 14:59:49 INFO  [INFO] SUCCESS: io.micrometer:micrometer-core:jar:1.14.3:compile (sources = true)[0m
2026.04.10 14:59:49 INFO  [INFO] Resolving artifact: com.fasterxml.jackson.datatype:jackson-datatype-jdk8:jar:2.18.2:compile (sources = false)[0m
2026.04.10 14:59:49 INFO  [INFO] SUCCESS: com.fasterxml.jackson.datatype:jackson-datatype-jdk8:jar:2.18.2:compile (sources = false)[0m
2026.04.10 14:59:49 INFO  [INFO] Resolving artifact: com.fasterxml.jackson.datatype:jackson-datatype-jdk8:jar:2.18.2:compile (sources = true)[0m
2026.04.10 14:59:49 INFO  Downloading from central: https://repo.maven.apache.org/maven2/com/fasterxml/jackson/datatype/jackson-datatype-jdk8/2.18.2/jackson-datatype-jdk8-2.18.2-sources.jar[0m
2026.04.10 14:59:49 INFO  Progress (1): 7.7/24 kB[0m
2026.04.10 14:59:49 INFO  Progress (1): 7.7/24 kB[0m
2026.04.10 14:59:49 INFO  Progress (1): 24 kB    [0m
2026.04.10 14:59:49 INFO                     [0m
2026.04.10 14:59:49 INFO  Downloaded from central: https://repo.maven.apache.org/maven2/com/fasterxml/jackson/datatype/jackson-datatype-jdk8/2.18.2/jackson-datatype-jdk8-2.18.2-sources.jar (24 kB at 817 kB/s)[0m
2026.04.10 14:59:49 INFO  [INFO] SUCCESS: com.fasterxml.jackson.datatype:jackson-datatype-jdk8:jar:2.18.2:compile (sources = true)[0m
2026.04.10 14:59:49 INFO  [INFO] Resolving artifact: org.apache.logging.log4j:log4j-api:jar:2.24.3:compile (sources = false)[0m
2026.04.10 14:59:49 INFO  [INFO] SUCCESS: org.apache.logging.log4j:log4j-api:jar:2.24.3:compile (sources = false)[0m
2026.04.10 14:59:49 INFO  [INFO] Resolving artifact: org.apache.logging.log4j:log4j-api:jar:2.24.3:compile (sources = true)[0m
2026.04.10 14:59:49 INFO  Downloading from central: https://repo.maven.apache.org/maven2/org/apache/logging/log4j/log4j-api/2.24.3/log4j-api-2.24.3-sources.jar[0m
2026.04.10 14:59:49 INFO  Progress (1): 7.7/292 kB[0m
2026.04.10 14:59:49 INFO  Progress (1): 12/292 kB [0m
2026.04.10 14:59:49 INFO  Progress (1): 29/292 kB[0m
2026.04.10 14:59:49 INFO  Progress (1): 45/292 kB[0m
2026.04.10 14:59:49 INFO  Progress (1): 61/292 kB[0m
2026.04.10 14:59:49 INFO  Progress (1): 78/292 kB[0m
2026.04.10 14:59:49 INFO  Progress (1): 94/292 kB[0m
2026.04.10 14:59:49 INFO  Progress (1): 111/292 kB[0m
2026.04.10 14:59:49 INFO  Progress (1): 127/292 kB[0m
2026.04.10 14:59:49 INFO  Progress (1): 143/292 kB[0m
2026.04.10 14:59:49 INFO  Progress (1): 160/292 kB[0m
2026.04.10 14:59:49 INFO  Progress (1): 176/292 kB[0m
2026.04.10 14:59:49 INFO  Progress (1): 193/292 kB[0m
2026.04.10 14:59:49 INFO  Progress (1): 209/292 kB[0m
2026.04.10 14:59:49 INFO  Progress (1): 213/292 kB[0m
2026.04.10 14:59:49 INFO  Progress (1): 229/292 kB[0m
2026.04.10 14:59:49 INFO  Progress (1): 246/292 kB[0m
2026.04.10 14:59:49 INFO  Progress (1): 262/292 kB[0m
2026.04.10 14:59:49 INFO  Progress (1): 278/292 kB[0m
2026.04.10 14:59:49 INFO  Progress (1): 292 kB    [0m
2026.04.10 14:59:49 INFO                      [0m
2026.04.10 14:59:49 INFO  Downloaded from central: https://repo.maven.apache.org/maven2/org/apache/logging/log4j/log4j-api/2.24.3/log4j-api-2.24.3-sources.jar (292 kB at 7.7 MB/s)[0m
2026.04.10 14:59:49 INFO  [INFO] SUCCESS: org.apache.logging.log4j:log4j-api:jar:2.24.3:compile (sources = true)[0m
2026.04.10 14:59:49 INFO  [INFO] Resolving artifact: org.springframework.boot:spring-boot-starter-web:jar:3.4.2:compile (sources = false)[0m
2026.04.10 14:59:49 INFO  [INFO] SUCCESS: org.springframework.boot:spring-boot-starter-web:jar:3.4.2:compile (sources = false)[0m
2026.04.10 14:59:49 INFO  [INFO] Resolving artifact: org.springframework.boot:spring-boot-starter-web:jar:3.4.2:compile (sources = true)[0m
2026.04.10 14:59:49 INFO  Downloading from central: https://repo.maven.apache.org/maven2/org/springframework/boot/spring-boot-starter-web/3.4.2/spring-boot-starter-web-3.4.2-sources.jar[0m
2026.04.10 14:59:49 INFO  Progress (1): 4.8 kB[0m
2026.04.10 14:59:49 INFO                      [0m
2026.04.10 14:59:49 INFO  Downloaded from central: https://repo.maven.apache.org/maven2/org/springframework/boot/spring-boot-starter-web/3.4.2/spring-boot-starter-web-3.4.2-sources.jar (4.8 kB at 172 kB/s)[0m
2026.04.10 14:59:49 INFO  [INFO] SUCCESS: org.springframework.boot:spring-boot-starter-web:jar:3.4.2:compile (sources = true)[0m
2026.04.10 14:59:49 INFO  [INFO] Resolving artifact: org.springframework.boot:spring-boot-starter:jar:3.4.2:compile (sources = false)[0m
2026.04.10 14:59:49 INFO  [INFO] SUCCESS: org.springframework.boot:spring-boot-starter:jar:3.4.2:compile (sources = false)[0m
2026.04.10 14:59:49 INFO  [INFO] Resolving artifact: org.springframework.boot:spring-boot-starter:jar:3.4.2:compile (sources = true)[0m
2026.04.10 14:59:49 INFO  Downloading from central: https://repo.maven.apache.org/maven2/org/springframework/boot/spring-boot-starter/3.4.2/spring-boot-starter-3.4.2-sources.jar[0m
2026.04.10 14:59:49 INFO  Progress (1): 4.8 kB[0m
2026.04.10 14:59:49 INFO                      [0m
2026.04.10 14:59:49 INFO  Downloaded from central: https://repo.maven.apache.org/maven2/org/springframework/boot/spring-boot-starter/3.4.2/spring-boot-starter-3.4.2-sources.jar (4.8 kB at 207 kB/s)[0m
2026.04.10 14:59:49 INFO  [INFO] SUCCESS: org.springframework.boot:spring-boot-starter:jar:3.4.2:compile (sources = true)[0m
2026.04.10 14:59:49 INFO  [INFO] Resolving artifact: com.fasterxml.jackson.core:jackson-annotations:jar:2.18.2:compile (sources = false)[0m
2026.04.10 14:59:49 INFO  [INFO] SUCCESS: com.fasterxml.jackson.core:jackson-annotations:jar:2.18.2:compile (sources = false)[0m
2026.04.10 14:59:49 INFO  [INFO] Resolving artifact: com.fasterxml.jackson.core:jackson-annotations:jar:2.18.2:compile (sources = true)[0m
2026.04.10 14:59:49 INFO  Downloading from central: https://repo.maven.apache.org/maven2/com/fasterxml/jackson/core/jackson-annotations/2.18.2/jackson-annotations-2.18.2-sources.jar[0m
2026.04.10 14:59:49 INFO  Progress (1): 3.4/84 kB[0m
2026.04.10 14:59:49 INFO  Progress (1): 20/84 kB [0m
2026.04.10 14:59:49 INFO  Progress (1): 36/84 kB[0m
2026.04.10 14:59:49 INFO  Progress (1): 53/84 kB[0m
2026.04.10 14:59:49 INFO  Progress (1): 69/84 kB[0m
2026.04.10 14:59:49 INFO  Progress (1): 84 kB   [0m
2026.04.10 14:59:49 INFO                     [0m
2026.04.10 14:59:49 INFO  Downloaded from central: https://repo.maven.apache.org/maven2/com/fasterxml/jackson/core/jackson-annotations/2.18.2/jackson-annotations-2.18.2-sources.jar (84 kB at 3.7 MB/s)[0m
2026.04.10 14:59:49 INFO  [INFO] SUCCESS: com.fasterxml.jackson.core:jackson-annotations:jar:2.18.2:compile (sources = true)[0m
2026.04.10 14:59:49 INFO  [INFO] Resolving artifact: org.springframework:spring-orm:jar:6.2.2:compile (sources = false)[0m
2026.04.10 14:59:49 INFO  [INFO] SUCCESS: org.springframework:spring-orm:jar:6.2.2:compile (sources = false)[0m
2026.04.10 14:59:49 INFO  [INFO] Resolving artifact: org.springframework:spring-orm:jar:6.2.2:compile (sources = true)[0m
2026.04.10 14:59:49 INFO  Downloading from central: https://repo.maven.apache.org/maven2/org/springframework/spring-orm/6.2.2/spring-orm-6.2.2-sources.jar[0m
2026.04.10 14:59:49 INFO  Progress (1): 7.7/192 kB[0m
2026.04.10 14:59:49 INFO  Progress (1): 16/192 kB [0m
2026.04.10 14:59:49 INFO  Progress (1): 16/192 kB[0m
2026.04.10 14:59:49 INFO  Progress (1): 33/192 kB[0m
2026.04.10 14:59:49 INFO  Progress (1): 49/192 kB[0m
2026.04.10 14:59:49 INFO  Progress (1): 66/192 kB[0m
2026.04.10 14:59:49 INFO  Progress (1): 82/192 kB[0m
2026.04.10 14:59:49 INFO  Progress (1): 98/192 kB[0m
2026.04.10 14:59:49 INFO  Progress (1): 115/192 kB[0m
2026.04.10 14:59:49 INFO  Progress (1): 131/192 kB[0m
2026.04.10 14:59:49 INFO  Progress (1): 147/192 kB[0m
2026.04.10 14:59:49 INFO  Progress (1): 164/192 kB[0m
2026.04.10 14:59:49 INFO  Progress (1): 180/192 kB[0m
2026.04.10 14:59:49 INFO  Progress (1): 192 kB    [0m
2026.04.10 14:59:49 INFO                      [0m
2026.04.10 14:59:49 INFO  Downloaded from central: https://repo.maven.apache.org/maven2/org/springframework/spring-orm/6.2.2/spring-orm-6.2.2-sources.jar (192 kB at 6.8 MB/s)[0m
2026.04.10 14:59:49 INFO  [INFO] SUCCESS: org.springframework:spring-orm:jar:6.2.2:compile (sources = true)[0m
2026.04.10 14:59:49 INFO  [INFO] Resolving artifact: org.junit.jupiter:junit-jupiter-api:jar:5.11.4:test (sources = false)[0m
2026.04.10 14:59:49 INFO  Downloading from central: https://repo.maven.apache.org/maven2/org/junit/jupiter/junit-jupiter-api/5.11.4/junit-jupiter-api-5.11.4.jar[0m
2026.04.10 14:59:49 INFO  Progress (1): 7.7/216 kB[0m
2026.04.10 14:59:49 INFO  Progress (1): 12/216 kB [0m
2026.04.10 14:59:49 INFO  Progress (1): 29/216 kB[0m
2026.04.10 14:59:49 INFO  Progress (1): 45/216 kB[0m
2026.04.10 14:59:49 INFO  Progress (1): 61/216 kB[0m
2026.04.10 14:59:49 INFO  Progress (1): 78/216 kB[0m
2026.04.10 14:59:49 INFO  Progress (1): 94/216 kB[0m
2026.04.10 14:59:49 INFO  Progress (1): 111/216 kB[0m
2026.04.10 14:59:49 INFO  Progress (1): 127/216 kB[0m
2026.04.10 14:59:49 INFO  Progress (1): 143/216 kB[0m
2026.04.10 14:59:49 INFO  Progress (1): 160/216 kB[0m
2026.04.10 14:59:49 INFO  Progress (1): 176/216 kB[0m
2026.04.10 14:59:49 INFO  Progress (1): 193/216 kB[0m
2026.04.10 14:59:49 INFO  Progress (1): 209/216 kB[0m
2026.04.10 14:59:49 INFO  Progress (1): 216 kB    [0m
2026.04.10 14:59:49 INFO                      [0m
2026.04.10 14:59:49 INFO  Downloaded from central: https://repo.maven.apache.org/maven2/org/junit/jupiter/junit-jupiter-api/5.11.4/junit-jupiter-api-5.11.4.jar (216 kB at 6.4 MB/s)[0m
2026.04.10 14:59:49 INFO  [INFO] SUCCESS: org.junit.jupiter:junit-jupiter-api:jar:5.11.4:test (sources = false)[0m
2026.04.10 14:59:49 INFO  [INFO] Resolving artifact: org.junit.jupiter:junit-jupiter-api:jar:5.11.4:test (sources = true)[0m
2026.04.10 14:59:49 INFO  Downloading from central: https://repo.maven.apache.org/maven2/org/junit/jupiter/junit-jupiter-api/5.11.4/junit-jupiter-api-5.11.4-sources.jar[0m
2026.04.10 14:59:49 INFO  Progress (1): 7.7/215 kB[0m
2026.04.10 14:59:49 INFO  Progress (1): 16/215 kB [0m
2026.04.10 14:59:49 INFO  Progress (1): 32/215 kB[0m
2026.04.10 14:59:49 INFO  Progress (1): 49/215 kB[0m
2026.04.10 14:59:49 INFO  Progress (1): 65/215 kB[0m
2026.04.10 14:59:49 INFO  Progress (1): 81/215 kB[0m
2026.04.10 14:59:49 INFO  Progress (1): 98/215 kB[0m
2026.04.10 14:59:49 INFO  Progress (1): 114/215 kB[0m
2026.04.10 14:59:49 INFO  Progress (1): 130/215 kB[0m
2026.04.10 14:59:49 INFO  Progress (1): 147/215 kB[0m
2026.04.10 14:59:49 INFO  Progress (1): 163/215 kB[0m
2026.04.10 14:59:49 INFO  Progress (1): 179/215 kB[0m
2026.04.10 14:59:49 INFO  Progress (1): 196/215 kB[0m
2026.04.10 14:59:49 INFO  Progress (1): 212/215 kB[0m
2026.04.10 14:59:49 INFO  Progress (1): 215 kB    [0m
2026.04.10 14:59:49 INFO                      [0m
2026.04.10 14:59:49 INFO  Downloaded from central: https://repo.maven.apache.org/maven2/org/junit/jupiter/junit-jupiter-api/5.11.4/junit-jupiter-api-5.11.4-sources.jar (215 kB at 6.3 MB/s)[0m
2026.04.10 14:59:49 INFO  [INFO] SUCCESS: org.junit.jupiter:junit-jupiter-api:jar:5.11.4:test (sources = true)[0m
2026.04.10 14:59:49 INFO  [INFO] Resolving artifact: com.zaxxer:HikariCP:jar:5.1.0:compile (sources = false)[0m
2026.04.10 14:59:49 INFO  [INFO] SUCCESS: com.zaxxer:HikariCP:jar:5.1.0:compile (sources = false)[0m
2026.04.10 14:59:49 INFO  [INFO] Resolving artifact: com.zaxxer:HikariCP:jar:5.1.0:compile (sources = true)[0m
2026.04.10 14:59:49 INFO  Downloading from central: https://repo.maven.apache.org/maven2/com/zaxxer/HikariCP/5.1.0/HikariCP-5.1.0-sources.jar[0m
2026.04.10 14:59:49 INFO  Progress (1): 7.7/245 kB[0m
2026.04.10 14:59:49 INFO  Progress (1): 16/245 kB [0m
2026.04.10 14:59:49 INFO  Progress (1): 25/245 kB[0m
2026.04.10 14:59:49 INFO  Progress (1): 41/245 kB[0m
2026.04.10 14:59:49 INFO  Progress (1): 57/245 kB[0m
2026.04.10 14:59:49 INFO  Progress (1): 74/245 kB[0m
2026.04.10 14:59:49 INFO  Progress (1): 90/245 kB[0m
2026.04.10 14:59:49 INFO  Progress (1): 106/245 kB[0m
2026.04.10 14:59:49 INFO  Progress (1): 123/245 kB[0m
2026.04.10 14:59:49 INFO  Progress (1): 139/245 kB[0m
2026.04.10 14:59:49 INFO  Progress (1): 156/245 kB[0m
2026.04.10 14:59:49 INFO  Progress (1): 172/245 kB[0m
2026.04.10 14:59:49 INFO  Progress (1): 188/245 kB[0m
2026.04.10 14:59:49 INFO  Progress (1): 205/245 kB[0m
2026.04.10 14:59:49 INFO  Progress (1): 221/245 kB[0m
2026.04.10 14:59:49 INFO  Progress (1): 238/245 kB[0m
2026.04.10 14:59:49 INFO  Progress (1): 245 kB    [0m
2026.04.10 14:59:49 INFO                      [0m
2026.04.10 14:59:49 INFO  Downloaded from central: https://repo.maven.apache.org/maven2/com/zaxxer/HikariCP/5.1.0/HikariCP-5.1.0-sources.jar (245 kB at 5.2 MB/s)[0m
2026.04.10 14:59:49 INFO  [INFO] SUCCESS: com.zaxxer:HikariCP:jar:5.1.0:compile (sources = true)[0m
2026.04.10 14:59:49 INFO  [INFO] Resolving artifact: org.springframework:spring-context:jar:6.2.2:compile (sources = false)[0m
2026.04.10 14:59:49 INFO  [INFO] SUCCESS: org.springframework:spring-context:jar:6.2.2:compile (sources = false)[0m
2026.04.10 14:59:49 INFO  [INFO] Resolving artifact: org.springframework:spring-context:jar:6.2.2:compile (sources = true)[0m
2026.04.10 14:59:49 INFO  Downloading from central: https://repo.maven.apache.org/maven2/org/springframework/spring-context/6.2.2/spring-context-6.2.2-sources.jar[0m
2026.04.10 14:59:49 INFO  Progress (1): 0/1.1 MB[0m
2026.04.10 14:59:49 INFO  Progress (1): 0/1.1 MB[0m
2026.04.10 14:59:49 INFO  Progress (1): 0/1.1 MB[0m
2026.04.10 14:59:49 INFO  Progress (1): 0.1/1.1 MB[0m
2026.04.10 14:59:49 INFO  Progress (1): 0.1/1.1 MB[0m
2026.04.10 14:59:49 INFO  Progress (1): 0.1/1.1 MB[0m
2026.04.10 14:59:49 INFO  Progress (1): 0.1/1.1 MB[0m
2026.04.10 14:59:49 INFO  Progress (1): 0.1/1.1 MB[0m
2026.04.10 14:59:49 INFO  Progress (1): 0.1/1.1 MB[0m
2026.04.10 14:59:49 INFO  Progress (1): 0.2/1.1 MB[0m
2026.04.10 14:59:49 INFO  Progress (1): 0.2/1.1 MB[0m
2026.04.10 14:59:49 INFO  Progress (1): 0.2/1.1 MB[0m
2026.04.10 14:59:49 INFO  Progress (1): 0.2/1.1 MB[0m
2026.04.10 14:59:49 INFO  Progress (1): 0.2/1.1 MB[0m
2026.04.10 14:59:49 INFO  Progress (1): 0.2/1.1 MB[0m
2026.04.10 14:59:49 INFO  Progress (1): 0.2/1.1 MB[0m
2026.04.10 14:59:49 INFO  Progress (1): 0.3/1.1 MB[0m
2026.04.10 14:59:49 INFO  Progress (1): 0.3/1.1 MB[0m
2026.04.10 14:59:49 INFO  Progress (1): 0.3/1.1 MB[0m
2026.04.10 14:59:49 INFO  Progress (1): 0.3/1.1 MB[0m
2026.04.10 14:59:49 INFO  Progress (1): 0.3/1.1 MB[0m
2026.04.10 14:59:49 INFO  Progress (1): 0.3/1.1 MB[0m
2026.04.10 14:59:49 INFO  Progress (1): 0.4/1.1 MB[0m
2026.04.10 14:59:49 INFO  Progress (1): 0.4/1.1 MB[0m
2026.04.10 14:59:49 INFO  Progress (1): 0.4/1.1 MB[0m
2026.04.10 14:59:49 INFO  Progress (1): 0.4/1.1 MB[0m
2026.04.10 14:59:49 INFO  Progress (1): 0.4/1.1 MB[0m
2026.04.10 14:59:49 INFO  Progress (1): 0.4/1.1 MB[0m
2026.04.10 14:59:49 INFO  Progress (1): 0.5/1.1 MB[0m
2026.04.10 14:59:49 INFO  Progress (1): 0.5/1.1 MB[0m
2026.04.10 14:59:49 INFO  Progress (1): 0.5/1.1 MB[0m
2026.04.10 14:59:49 INFO  Progress (1): 0.5/1.1 MB[0m
2026.04.10 14:59:49 INFO  Progress (1): 0.5/1.1 MB[0m
2026.04.10 14:59:49 INFO  Progress (1): 0.5/1.1 MB[0m
2026.04.10 14:59:49 INFO  Progress (1): 0.5/1.1 MB[0m
2026.04.10 14:59:49 INFO  Progress (1): 0.5/1.1 MB[0m
2026.04.10 14:59:49 INFO  Progress (1): 0.6/1.1 MB[0m
2026.04.10 14:59:49 INFO  Progress (1): 0.6/1.1 MB[0m
2026.04.10 14:59:49 INFO  Progress (1): 0.6/1.1 MB[0m
2026.04.10 14:59:49 INFO  Progress (1): 0.6/1.1 MB[0m
2026.04.10 14:59:49 INFO  Progress (1): 0.6/1.1 MB[0m
2026.04.10 14:59:49 INFO  Progress (1): 0.6/1.1 MB[0m
2026.04.10 14:59:49 INFO  Progress (1): 0.7/1.1 MB[0m
2026.04.10 14:59:49 INFO  Progress (1): 0.7/1.1 MB[0m
2026.04.10 14:59:49 INFO  Progress (1): 0.7/1.1 MB[0m
2026.04.10 14:59:49 INFO  Progress (1): 0.7/1.1 MB[0m
2026.04.10 14:59:49 INFO  Progress (1): 0.7/1.1 MB[0m
2026.04.10 14:59:49 INFO  Progress (1): 0.7/1.1 MB[0m
2026.04.10 14:59:49 INFO  Progress (1): 0.8/1.1 MB[0m
2026.04.10 14:59:49 INFO  Progress (1): 0.8/1.1 MB[0m
2026.04.10 14:59:49 INFO  Progress (1): 0.8/1.1 MB[0m
2026.04.10 14:59:49 INFO  Progress (1): 0.8/1.1 MB[0m
2026.04.10 14:59:49 INFO  Progress (1): 0.8/1.1 MB[0m
2026.04.10 14:59:49 INFO  Progress (1): 0.8/1.1 MB[0m
2026.04.10 14:59:49 INFO  Progress (1): 0.9/1.1 MB[0m
2026.04.10 14:59:49 INFO  Progress (1): 0.9/1.1 MB[0m
2026.04.10 14:59:49 INFO  Progress (1): 0.9/1.1 MB[0m
2026.04.10 14:59:49 INFO  Progress (1): 0.9/1.1 MB[0m
2026.04.10 14:59:49 INFO  Progress (1): 0.9/1.1 MB[0m
2026.04.10 14:59:49 INFO  Progress (1): 0.9/1.1 MB[0m
2026.04.10 14:59:49 INFO  Progress (1): 0.9/1.1 MB[0m
2026.04.10 14:59:49 INFO  Progress (1): 1.0/1.1 MB[0m
2026.04.10 14:59:49 INFO  Progress (1): 1.0/1.1 MB[0m
2026.04.10 14:59:49 INFO  Progress (1): 1.0/1.1 MB[0m
2026.04.10 14:59:49 INFO  Progress (1): 1.0/1.1 MB[0m
2026.04.10 14:59:49 INFO  Progress (1): 1.0/1.1 MB[0m
2026.04.10 14:59:49 INFO  Progress (1): 1.0/1.1 MB[0m
2026.04.10 14:59:49 INFO  Progress (1): 1.0/1.1 MB[0m
2026.04.10 14:59:49 INFO  Progress (1): 1.1/1.1 MB[0m
2026.04.10 14:59:49 INFO  Progress (1): 1.1/1.1 MB[0m
2026.04.10 14:59:49 INFO  Progress (1): 1.1/1.1 MB[0m
2026.04.10 14:59:49 INFO  Progress (1): 1.1 MB    [0m
2026.04.10 14:59:49 INFO                      [0m
2026.04.10 14:59:49 INFO  Downloaded from central: https://repo.maven.apache.org/maven2/org/springframework/spring-context/6.2.2/spring-context-6.2.2-sources.jar (1.1 MB at 13 MB/s)[0m
2026.04.10 14:59:49 INFO  [INFO] SUCCESS: org.springframework:spring-context:jar:6.2.2:compile (sources = true)[0m
2026.04.10 14:59:49 INFO  [INFO] Resolving artifact: org.glassfish.jaxb:jaxb-core:jar:4.0.5:runtime (sources = false)[0m
2026.04.10 14:59:49 INFO  [INFO] SUCCESS: org.glassfish.jaxb:jaxb-core:jar:4.0.5:runtime (sources = false)[0m
2026.04.10 14:59:49 INFO  [INFO] Resolving artifact: org.glassfish.jaxb:jaxb-core:jar:4.0.5:runtime (sources = true)[0m
2026.04.10 14:59:49 INFO  Downloading from central: https://repo.maven.apache.org/maven2/org/glassfish/jaxb/jaxb-core/4.0.5/jaxb-core-4.0.5-sources.jar[0m
2026.04.10 14:59:49 INFO  Progress (1): 7.7/132 kB[0m
2026.04.10 14:59:49 INFO  Progress (1): 16/132 kB [0m
2026.04.10 14:59:49 INFO  Progress (1): 25/132 kB[0m
2026.04.10 14:59:49 INFO  Progress (1): 41/132 kB[0m
2026.04.10 14:59:49 INFO  Progress (1): 57/132 kB[0m
2026.04.10 14:59:49 INFO  Progress (1): 74/132 kB[0m
2026.04.10 14:59:49 INFO  Progress (1): 90/132 kB[0m
2026.04.10 14:59:49 INFO  Progress (1): 106/132 kB[0m
2026.04.10 14:59:49 INFO  Progress (1): 123/132 kB[0m
2026.04.10 14:59:49 INFO  Progress (1): 132 kB    [0m
2026.04.10 14:59:49 INFO                      [0m
2026.04.10 14:59:49 INFO  Downloaded from central: https://repo.maven.apache.org/maven2/org/glassfish/jaxb/jaxb-core/4.0.5/jaxb-core-4.0.5-sources.jar (132 kB at 4.4 MB/s)[0m
2026.04.10 14:59:49 INFO  [INFO] SUCCESS: org.glassfish.jaxb:jaxb-core:jar:4.0.5:runtime (sources = true)[0m
2026.04.10 14:59:49 INFO  [INFO] Resolving artifact: org.junit.jupiter:junit-jupiter-engine:jar:5.11.4:test (sources = false)[0m
2026.04.10 14:59:49 INFO  Downloading from central: https://repo.maven.apache.org/maven2/org/junit/jupiter/junit-jupiter-engine/5.11.4/junit-jupiter-engine-5.11.4.jar[0m
2026.04.10 14:59:49 INFO  Progress (1): 7.7/260 kB[0m
2026.04.10 14:59:49 INFO  Progress (1): 8.2/260 kB[0m
2026.04.10 14:59:49 INFO  Progress (1): 25/260 kB [0m
2026.04.10 14:59:49 INFO  Progress (1): 41/260 kB[0m
2026.04.10 14:59:49 INFO  Progress (1): 49/260 kB[0m
2026.04.10 14:59:49 INFO  Progress (1): 66/260 kB[0m
2026.04.10 14:59:49 INFO  Progress (1): 82/260 kB[0m
2026.04.10 14:59:49 INFO  Progress (1): 98/260 kB[0m
2026.04.10 14:59:49 INFO  Progress (1): 115/260 kB[0m
2026.04.10 14:59:49 INFO  Progress (1): 131/260 kB[0m
2026.04.10 14:59:49 INFO  Progress (1): 147/260 kB[0m
2026.04.10 14:59:49 INFO  Progress (1): 164/260 kB[0m
2026.04.10 14:59:49 INFO  Progress (1): 180/260 kB[0m
2026.04.10 14:59:49 INFO  Progress (1): 197/260 kB[0m
2026.04.10 14:59:49 INFO  Progress (1): 213/260 kB[0m
2026.04.10 14:59:49 INFO  Progress (1): 229/260 kB[0m
2026.04.10 14:59:49 INFO  Progress (1): 246/260 kB[0m
2026.04.10 14:59:49 INFO  Progress (1): 260 kB    [0m
2026.04.10 14:59:49 INFO                      [0m
2026.04.10 14:59:49 INFO  Downloaded from central: https://repo.maven.apache.org/maven2/org/junit/jupiter/junit-jupiter-engine/5.11.4/junit-jupiter-engine-5.11.4.jar (260 kB at 8.7 MB/s)[0m
2026.04.10 14:59:49 INFO  [INFO] SUCCESS: org.junit.jupiter:junit-jupiter-engine:jar:5.11.4:test (sources = false)[0m
2026.04.10 14:59:49 INFO  [INFO] Resolving artifact: org.junit.jupiter:junit-jupiter-engine:jar:5.11.4:test (sources = true)[0m
2026.04.10 14:59:49 INFO  Downloading from central: https://repo.maven.apache.org/maven2/org/junit/jupiter/junit-jupiter-engine/5.11.4/junit-jupiter-engine-5.11.4-sources.jar[0m
2026.04.10 14:59:49 INFO  Progress (1): 4.1/134 kB[0m
2026.04.10 14:59:49 INFO  Progress (1): 20/134 kB [0m
2026.04.10 14:59:49 INFO  Progress (1): 37/134 kB[0m
2026.04.10 14:59:49 INFO  Progress (1): 53/134 kB[0m
2026.04.10 14:59:49 INFO  Progress (1): 61/134 kB[0m
2026.04.10 14:59:49 INFO  Progress (1): 78/134 kB[0m
2026.04.10 14:59:49 INFO  Progress (1): 94/134 kB[0m
2026.04.10 14:59:49 INFO  Progress (1): 111/134 kB[0m
2026.04.10 14:59:49 INFO  Progress (1): 127/134 kB[0m
2026.04.10 14:59:49 INFO  Progress (1): 134 kB    [0m
2026.04.10 14:59:49 INFO                      [0m
2026.04.10 14:59:49 INFO  Downloaded from central: https://repo.maven.apache.org/maven2/org/junit/jupiter/junit-jupiter-engine/5.11.4/junit-jupiter-engine-5.11.4-sources.jar (134 kB at 5.6 MB/s)[0m
2026.04.10 14:59:49 INFO  [INFO] SUCCESS: org.junit.jupiter:junit-jupiter-engine:jar:5.11.4:test (sources = true)[0m
2026.04.10 14:59:49 INFO  [INFO] Resolving artifact: org.aspectj:aspectjweaver:jar:1.9.22.1:compile (sources = false)[0m
2026.04.10 14:59:49 INFO  [INFO] SUCCESS: org.aspectj:aspectjweaver:jar:1.9.22.1:compile (sources = false)[0m
2026.04.10 14:59:49 INFO  [INFO] Resolving artifact: org.aspectj:aspectjweaver:jar:1.9.22.1:compile (sources = true)[0m
2026.04.10 14:59:49 INFO  Downloading from central: https://repo.maven.apache.org/maven2/org/aspectj/aspectjweaver/1.9.22.1/aspectjweaver-1.9.22.1-sources.jar[0m
2026.04.10 14:59:49 INFO  Progress (1): 0/1.8 MB[0m
2026.04.10 14:59:49 INFO  Progress (1): 0/1.8 MB[0m
2026.04.10 14:59:49 INFO  Progress (1): 0/1.8 MB[0m
2026.04.10 14:59:49 INFO  Progress (1): 0/1.8 MB[0m
2026.04.10 14:59:49 INFO  Progress (1): 0.1/1.8 MB[0m
2026.04.10 14:59:49 INFO  Progress (1): 0.1/1.8 MB[0m
2026.04.10 14:59:49 INFO  Progress (1): 0.1/1.8 MB[0m
2026.04.10 14:59:49 INFO  Progress (1): 0.1/1.8 MB[0m
2026.04.10 14:59:49 INFO  Progress (1): 0.1/1.8 MB[0m
2026.04.10 14:59:49 INFO  Progress (1): 0.1/1.8 MB[0m
2026.04.10 14:59:49 INFO  Progress (1): 0.1/1.8 MB[0m
2026.04.10 14:59:49 INFO  Progress (1): 0.2/1.8 MB[0m
2026.04.10 14:59:49 INFO  Progress (1): 0.2/1.8 MB[0m
2026.04.10 14:59:49 INFO  Progress (1): 0.2/1.8 MB[0m
2026.04.10 14:59:49 INFO  Progress (1): 0.2/1.8 MB[0m
2026.04.10 14:59:49 INFO  Progress (1): 0.2/1.8 MB[0m
2026.04.10 14:59:49 INFO  Progress (1): 0.2/1.8 MB[0m
2026.04.10 14:59:49 INFO  Progress (1): 0.3/1.8 MB[0m
2026.04.10 14:59:49 INFO  Progress (1): 0.3/1.8 MB[0m
2026.04.10 14:59:49 INFO  Progress (1): 0.3/1.8 MB[0m
2026.04.10 14:59:49 INFO  Progress (1): 0.3/1.8 MB[0m
2026.04.10 14:59:49 INFO  Progress (1): 0.3/1.8 MB[0m
2026.04.10 14:59:49 INFO  Progress (1): 0.3/1.8 MB[0m
2026.04.10 14:59:49 INFO  Progress (1): 0.4/1.8 MB[0m
2026.04.10 14:59:49 INFO  Progress (1): 0.4/1.8 MB[0m
2026.04.10 14:59:49 INFO  Progress (1): 0.4/1.8 MB[0m
2026.04.10 14:59:49 INFO  Progress (1): 0.4/1.8 MB[0m
2026.04.10 14:59:49 INFO  Progress (1): 0.4/1.8 MB[0m
2026.04.10 14:59:49 INFO  Progress (1): 0.4/1.8 MB[0m
2026.04.10 14:59:49 INFO  Progress (1): 0.5/1.8 MB[0m
2026.04.10 14:59:49 INFO  Progress (1): 0.5/1.8 MB[0m
2026.04.10 14:59:49 INFO  Progress (1): 0.5/1.8 MB[0m
2026.04.10 14:59:49 INFO  Progress (1): 0.5/1.8 MB[0m
2026.04.10 14:59:49 INFO  Progress (1): 0.5/1.8 MB[0m
2026.04.10 14:59:49 INFO  Progress (1): 0.5/1.8 MB[0m
2026.04.10 14:59:49 INFO  Progress (1): 0.6/1.8 MB[0m
2026.04.10 14:59:49 INFO  Progress (1): 0.6/1.8 MB[0m
2026.04.10 14:59:49 INFO  Progress (1): 0.6/1.8 MB[0m
2026.04.10 14:59:49 INFO  Progress (1): 0.6/1.8 MB[0m
2026.04.10 14:59:49 INFO  Progress (1): 0.6/1.8 MB[0m
2026.04.10 14:59:49 INFO  Progress (1): 0.6/1.8 MB[0m
2026.04.10 14:59:49 INFO  Progress (1): 0.7/1.8 MB[0m
2026.04.10 14:59:49 INFO  Progress (1): 0.7/1.8 MB[0m
2026.04.10 14:59:49 INFO  Progress (1): 0.7/1.8 MB[0m
2026.04.10 14:59:49 INFO  Progress (1): 0.7/1.8 MB[0m
2026.04.10 14:59:49 INFO  Progress (1): 0.7/1.8 MB[0m
2026.04.10 14:59:49 INFO  Progress (1): 0.7/1.8 MB[0m
2026.04.10 14:59:49 INFO  Progress (1): 0.8/1.8 MB[0m
2026.04.10 14:59:49 INFO  Progress (1): 0.8/1.8 MB[0m
2026.04.10 14:59:49 INFO  Progress (1): 0.8/1.8 MB[0m
2026.04.10 14:59:49 INFO  Progress (1): 0.8/1.8 MB[0m
2026.04.10 14:59:49 INFO  Progress (1): 0.8/1.8 MB[0m
2026.04.10 14:59:49 INFO  Progress (1): 0.8/1.8 MB[0m
2026.04.10 14:59:49 INFO  Progress (1): 0.9/1.8 MB[0m
2026.04.10 14:59:49 INFO  Progress (1): 0.9/1.8 MB[0m
2026.04.10 14:59:49 INFO  Progress (1): 0.9/1.8 MB[0m
2026.04.10 14:59:49 INFO  Progress (1): 0.9/1.8 MB[0m
2026.04.10 14:59:49 INFO  Progress (1): 0.9/1.8 MB[0m
2026.04.10 14:59:49 INFO  Progress (1): 0.9/1.8 MB[0m
2026.04.10 14:59:49 INFO  Progress (1): 0.9/1.8 MB[0m
2026.04.10 14:59:49 INFO  Progress (1): 1.0/1.8 MB[0m
2026.04.10 14:59:49 INFO  Progress (1): 1.0/1.8 MB[0m
2026.04.10 14:59:49 INFO  Progress (1): 1.0/1.8 MB[0m
2026.04.10 14:59:49 INFO  Progress (1): 1.0/1.8 MB[0m
2026.04.10 14:59:49 INFO  Progress (1): 1.0/1.8 MB[0m
2026.04.10 14:59:49 INFO  Progress (1): 1.0/1.8 MB[0m
2026.04.10 14:59:49 INFO  Progress (1): 1.0/1.8 MB[0m
2026.04.10 14:59:49 INFO  Progress (1): 1.0/1.8 MB[0m
2026.04.10 14:59:49 INFO  Progress (1): 1.1/1.8 MB[0m
2026.04.10 14:59:49 INFO  Progress (1): 1.1/1.8 MB[0m
2026.04.10 14:59:49 INFO  Progress (1): 1.1/1.8 MB[0m
2026.04.10 14:59:49 INFO  Progress (1): 1.1/1.8 MB[0m
2026.04.10 14:59:49 INFO  Progress (1): 1.1/1.8 MB[0m
2026.04.10 14:59:49 INFO  Progress (1): 1.1/1.8 MB[0m
2026.04.10 14:59:49 INFO  Progress (1): 1.2/1.8 MB[0m
2026.04.10 14:59:49 INFO  Progress (1): 1.2/1.8 MB[0m
2026.04.10 14:59:49 INFO  Progress (1): 1.2/1.8 MB[0m
2026.04.10 14:59:49 INFO  Progress (1): 1.2/1.8 MB[0m
2026.04.10 14:59:49 INFO  Progress (1): 1.2/1.8 MB[0m
2026.04.10 14:59:49 INFO  Progress (1): 1.2/1.8 MB[0m
2026.04.10 14:59:49 INFO  Progress (1): 1.3/1.8 MB[0m
2026.04.10 14:59:49 INFO  Progress (1): 1.3/1.8 MB[0m
2026.04.10 14:59:49 INFO  Progress (1): 1.3/1.8 MB[0m
2026.04.10 14:59:49 INFO  Progress (1): 1.3/1.8 MB[0m
2026.04.10 14:59:49 INFO  Progress (1): 1.3/1.8 MB[0m
2026.04.10 14:59:49 INFO  Progress (1): 1.3/1.8 MB[0m
2026.04.10 14:59:49 INFO  Progress (1): 1.3/1.8 MB[0m
2026.04.10 14:59:49 INFO  Progress (1): 1.3/1.8 MB[0m
2026.04.10 14:59:49 INFO  Progress (1): 1.4/1.8 MB[0m
2026.04.10 14:59:49 INFO  Progress (1): 1.4/1.8 MB[0m
2026.04.10 14:59:49 INFO  Progress (1): 1.4/1.8 MB[0m
2026.04.10 14:59:49 INFO  Progress (1): 1.4/1.8 MB[0m
2026.04.10 14:59:49 INFO  Progress (1): 1.4/1.8 MB[0m
2026.04.10 14:59:49 INFO  Progress (1): 1.4/1.8 MB[0m
2026.04.10 14:59:49 INFO  Progress (1): 1.5/1.8 MB[0m
2026.04.10 14:59:49 INFO  Progress (1): 1.5/1.8 MB[0m
2026.04.10 14:59:49 INFO  Progress (1): 1.5/1.8 MB[0m
2026.04.10 14:59:49 INFO  Progress (1): 1.5/1.8 MB[0m
2026.04.10 14:59:49 INFO  Progress (1): 1.5/1.8 MB[0m
2026.04.10 14:59:49 INFO  Progress (1): 1.5/1.8 MB[0m
2026.04.10 14:59:49 INFO  Progress (1): 1.5/1.8 MB[0m
2026.04.10 14:59:49 INFO  Progress (1): 1.6/1.8 MB[0m
2026.04.10 14:59:49 INFO  Progress (1): 1.6/1.8 MB[0m
2026.04.10 14:59:49 INFO  Progress (1): 1.6/1.8 MB[0m
2026.04.10 14:59:49 INFO  Progress (1): 1.6/1.8 MB[0m
2026.04.10 14:59:49 INFO  Progress (1): 1.6/1.8 MB[0m
2026.04.10 14:59:49 INFO  Progress (1): 1.6/1.8 MB[0m
2026.04.10 14:59:49 INFO  Progress (1): 1.7/1.8 MB[0m
2026.04.10 14:59:49 INFO  Progress (1): 1.7/1.8 MB[0m
2026.04.10 14:59:49 INFO  Progress (1): 1.7/1.8 MB[0m
2026.04.10 14:59:49 INFO  Progress (1): 1.7/1.8 MB[0m
2026.04.10 14:59:49 INFO  Progress (1): 1.7/1.8 MB[0m
2026.04.10 14:59:49 INFO  Progress (1): 1.7/1.8 MB[0m
2026.04.10 14:59:49 INFO  Progress (1): 1.8 MB    [0m
2026.04.10 14:59:49 INFO                      [0m
2026.04.10 14:59:49 INFO  Downloaded from central: https://repo.maven.apache.org/maven2/org/aspectj/aspectjweaver/1.9.22.1/aspectjweaver-1.9.22.1-sources.jar (1.8 MB at 19 MB/s)[0m
2026.04.10 14:59:49 INFO  [INFO] SUCCESS: org.aspectj:aspectjweaver:jar:1.9.22.1:compile (sources = true)[0m
2026.04.10 14:59:49 INFO  [INFO] Resolving artifact: org.apache.tomcat.embed:tomcat-embed-core:jar:10.1.34:compile (sources = false)[0m
2026.04.10 14:59:49 INFO  [INFO] SUCCESS: org.apache.tomcat.embed:tomcat-embed-core:jar:10.1.34:compile (sources = false)[0m
2026.04.10 14:59:49 INFO  [INFO] Resolving artifact: org.apache.tomcat.embed:tomcat-embed-core:jar:10.1.34:compile (sources = true)[0m
2026.04.10 14:59:49 INFO  Downloading from central: https://repo.maven.apache.org/maven2/org/apache/tomcat/embed/tomcat-embed-core/10.1.34/tomcat-embed-core-10.1.34-sources.jar[0m
2026.04.10 14:59:49 INFO  Progress (1): 0/3.7 MB[0m
2026.04.10 14:59:49 INFO  Progress (1): 0/3.7 MB[0m
2026.04.10 14:59:49 INFO  Progress (1): 0/3.7 MB[0m
2026.04.10 14:59:49 INFO  Progress (1): 0/3.7 MB[0m
2026.04.10 14:59:49 INFO  Progress (1): 0.1/3.7 MB[0m
2026.04.10 14:59:49 INFO  Progress (1): 0.1/3.7 MB[0m
2026.04.10 14:59:49 INFO  Progress (1): 0.1/3.7 MB[0m
2026.04.10 14:59:49 INFO  Progress (1): 0.1/3.7 MB[0m
2026.04.10 14:59:49 INFO  Progress (1): 0.1/3.7 MB[0m
2026.04.10 14:59:49 INFO  Progress (1): 0.1/3.7 MB[0m
2026.04.10 14:59:49 INFO  Progress (1): 0.2/3.7 MB[0m
2026.04.10 14:59:49 INFO  Progress (1): 0.2/3.7 MB[0m
2026.04.10 14:59:49 INFO  Progress (1): 0.2/3.7 MB[0m
2026.04.10 14:59:49 INFO  Progress (1): 0.2/3.7 MB[0m
2026.04.10 14:59:49 INFO  Progress (1): 0.2/3.7 MB[0m
2026.04.10 14:59:49 INFO  Progress (1): 0.2/3.7 MB[0m
2026.04.10 14:59:49 INFO  Progress (1): 0.3/3.7 MB[0m
2026.04.10 14:59:49 INFO  Progress (1): 0.3/3.7 MB[0m
2026.04.10 14:59:49 INFO  Progress (1): 0.3/3.7 MB[0m
2026.04.10 14:59:49 INFO  Progress (1): 0.3/3.7 MB[0m
2026.04.10 14:59:49 INFO  Progress (1): 0.3/3.7 MB[0m
2026.04.10 14:59:49 INFO  Progress (1): 0.3/3.7 MB[0m
2026.04.10 14:59:49 INFO  Progress (1): 0.4/3.7 MB[0m
2026.04.10 14:59:49 INFO  Progress (1): 0.4/3.7 MB[0m
2026.04.10 14:59:49 INFO  Progress (1): 0.4/3.7 MB[0m
2026.04.10 14:59:49 INFO  Progress (1): 0.4/3.7 MB[0m
2026.04.10 14:59:49 INFO  Progress (1): 0.4/3.7 MB[0m
2026.04.10 14:59:49 INFO  Progress (1): 0.4/3.7 MB[0m
2026.04.10 14:59:49 INFO  Progress (1): 0.5/3.7 MB[0m
2026.04.10 14:59:49 INFO  Progress (1): 0.5/3.7 MB[0m
2026.04.10 14:59:49 INFO  Progress (1): 0.5/3.7 MB[0m
2026.04.10 14:59:49 INFO  Progress (1): 0.5/3.7 MB[0m
2026.04.10 14:59:49 INFO  Progress (1): 0.5/3.7 MB[0m
2026.04.10 14:59:49 INFO  Progress (1): 0.5/3.7 MB[0m
2026.04.10 14:59:49 INFO  Progress (1): 0.5/3.7 MB[0m
2026.04.10 14:59:49 INFO  Progress (1): 0.6/3.7 MB[0m
2026.04.10 14:59:49 INFO  Progress (1): 0.6/3.7 MB[0m
2026.04.10 14:59:49 INFO  Progress (1): 0.6/3.7 MB[0m
2026.04.10 14:59:49 INFO  Progress (1): 0.6/3.7 MB[0m
2026.04.10 14:59:49 INFO  Progress (1): 0.6/3.7 MB[0m
2026.04.10 14:59:49 INFO  Progress (1): 0.6/3.7 MB[0m
2026.04.10 14:59:49 INFO  Progress (1): 0.6/3.7 MB[0m
2026.04.10 14:59:49 INFO  Progress (1): 0.6/3.7 MB[0m
2026.04.10 14:59:49 INFO  Progress (1): 0.7/3.7 MB[0m
2026.04.10 14:59:49 INFO  Progress (1): 0.7/3.7 MB[0m
2026.04.10 14:59:49 INFO  Progress (1): 0.7/3.7 MB[0m
2026.04.10 14:59:49 INFO  Progress (1): 0.7/3.7 MB[0m
2026.04.10 14:59:49 INFO  Progress (1): 0.7/3.7 MB[0m
2026.04.10 14:59:49 INFO  Progress (1): 0.7/3.7 MB[0m
2026.04.10 14:59:49 INFO  Progress (1): 0.8/3.7 MB[0m
2026.04.10 14:59:49 INFO  Progress (1): 0.8/3.7 MB[0m
2026.04.10 14:59:49 INFO  Progress (1): 0.8/3.7 MB[0m
2026.04.10 14:59:49 INFO  Progress (1): 0.8/3.7 MB[0m
2026.04.10 14:59:49 INFO  Progress (1): 0.8/3.7 MB[0m
2026.04.10 14:59:49 INFO  Progress (1): 0.8/3.7 MB[0m
2026.04.10 14:59:49 INFO  Progress (1): 0.8/3.7 MB[0m
2026.04.10 14:59:49 INFO  Progress (1): 0.9/3.7 MB[0m
2026.04.10 14:59:49 INFO  Progress (1): 0.9/3.7 MB[0m
2026.04.10 14:59:49 INFO  Progress (1): 0.9/3.7 MB[0m
2026.04.10 14:59:49 INFO  Progress (1): 0.9/3.7 MB[0m
2026.04.10 14:59:49 INFO  Progress (1): 0.9/3.7 MB[0m
2026.04.10 14:59:49 INFO  Progress (1): 0.9/3.7 MB[0m
2026.04.10 14:59:49 INFO  Progress (1): 1.0/3.7 MB[0m
2026.04.10 14:59:49 INFO  Progress (1): 1.0/3.7 MB[0m
2026.04.10 14:59:49 INFO  Progress (1): 1.0/3.7 MB[0m
2026.04.10 14:59:49 INFO  Progress (1): 1.0/3.7 MB[0m
2026.04.10 14:59:49 INFO  Progress (1): 1.0/3.7 MB[0m
2026.04.10 14:59:49 INFO  Progress (1): 1.0/3.7 MB[0m
2026.04.10 14:59:49 INFO  Progress (1): 1.0/3.7 MB[0m
2026.04.10 14:59:49 INFO  Progress (1): 1.1/3.7 MB[0m
2026.04.10 14:59:49 INFO  Progress (1): 1.1/3.7 MB[0m
2026.04.10 14:59:49 INFO  Progress (1): 1.1/3.7 MB[0m
2026.04.10 14:59:49 INFO  Progress (1): 1.1/3.7 MB[0m
2026.04.10 14:59:49 INFO  Progress (1): 1.1/3.7 MB[0m
2026.04.10 14:59:49 INFO  Progress (1): 1.1/3.7 MB[0m
2026.04.10 14:59:49 INFO  Progress (1): 1.1/3.7 MB[0m
2026.04.10 14:59:49 INFO  Progress (1): 1.2/3.7 MB[0m
2026.04.10 14:59:49 INFO  Progress (1): 1.2/3.7 MB[0m
2026.04.10 14:59:49 INFO  Progress (1): 1.2/3.7 MB[0m
2026.04.10 14:59:49 INFO  Progress (1): 1.2/3.7 MB[0m
2026.04.10 14:59:49 INFO  Progress (1): 1.2/3.7 MB[0m
2026.04.10 14:59:49 INFO  Progress (1): 1.2/3.7 MB[0m
2026.04.10 14:59:49 INFO  Progress (1): 1.3/3.7 MB[0m
2026.04.10 14:59:49 INFO  Progress (1): 1.3/3.7 MB[0m
2026.04.10 14:59:49 INFO  Progress (1): 1.3/3.7 MB[0m
2026.04.10 14:59:49 INFO  Progress (1): 1.3/3.7 MB[0m
2026.04.10 14:59:49 INFO  Progress (1): 1.3/3.7 MB[0m
2026.04.10 14:59:49 INFO  Progress (1): 1.3/3.7 MB[0m
2026.04.10 14:59:49 INFO  Progress (1): 1.3/3.7 MB[0m
2026.04.10 14:59:49 INFO  Progress (1): 1.4/3.7 MB[0m
2026.04.10 14:59:49 INFO  Progress (1): 1.4/3.7 MB[0m
2026.04.10 14:59:49 INFO  Progress (1): 1.4/3.7 MB[0m
2026.04.10 14:59:49 INFO  Progress (1): 1.4/3.7 MB[0m
2026.04.10 14:59:49 INFO  Progress (1): 1.4/3.7 MB[0m
2026.04.10 14:59:49 INFO  Progress (1): 1.4/3.7 MB[0m
2026.04.10 14:59:49 INFO  Progress (1): 1.4/3.7 MB[0m
2026.04.10 14:59:49 INFO  Progress (1): 1.4/3.7 MB[0m
2026.04.10 14:59:49 INFO  Progress (1): 1.5/3.7 MB[0m
2026.04.10 14:59:49 INFO  Progress (1): 1.5/3.7 MB[0m
2026.04.10 14:59:49 INFO  Progress (1): 1.5/3.7 MB[0m
2026.04.10 14:59:49 INFO  Progress (1): 1.5/3.7 MB[0m
2026.04.10 14:59:49 INFO  Progress (1): 1.5/3.7 MB[0m
2026.04.10 14:59:49 INFO  Progress (1): 1.5/3.7 MB[0m
2026.04.10 14:59:49 INFO  Progress (1): 1.6/3.7 MB[0m
2026.04.10 14:59:49 INFO  Progress (1): 1.6/3.7 MB[0m
2026.04.10 14:59:49 INFO  Progress (1): 1.6/3.7 MB[0m
2026.04.10 14:59:49 INFO  Progress (1): 1.6/3.7 MB[0m
2026.04.10 14:59:49 INFO  Progress (1): 1.6/3.7 MB[0m
2026.04.10 14:59:49 INFO  Progress (1): 1.6/3.7 MB[0m
2026.04.10 14:59:49 INFO  Progress (1): 1.7/3.7 MB[0m
2026.04.10 14:59:49 INFO  Progress (1): 1.7/3.7 MB[0m
2026.04.10 14:59:49 INFO  Progress (1): 1.7/3.7 MB[0m
2026.04.10 14:59:49 INFO  Progress (1): 1.7/3.7 MB[0m
2026.04.10 14:59:49 INFO  Progress (1): 1.7/3.7 MB[0m
2026.04.10 14:59:49 INFO  Progress (1): 1.7/3.7 MB[0m
2026.04.10 14:59:49 INFO  Progress (1): 1.8/3.7 MB[0m
2026.04.10 14:59:49 INFO  Progress (1): 1.8/3.7 MB[0m
2026.04.10 14:59:49 INFO  Progress (1): 1.8/3.7 MB[0m
2026.04.10 14:59:49 INFO  Progress (1): 1.8/3.7 MB[0m
2026.04.10 14:59:49 INFO  Progress (1): 1.8/3.7 MB[0m
2026.04.10 14:59:49 INFO  Progress (1): 1.8/3.7 MB[0m
2026.04.10 14:59:49 INFO  Progress (1): 1.8/3.7 MB[0m
2026.04.10 14:59:49 INFO  Progress (1): 1.9/3.7 MB[0m
2026.04.10 14:59:49 INFO  Progress (1): 1.9/3.7 MB[0m
2026.04.10 14:59:49 INFO  Progress (1): 1.9/3.7 MB[0m
2026.04.10 14:59:49 INFO  Progress (1): 1.9/3.7 MB[0m
2026.04.10 14:59:49 INFO  Progress (1): 1.9/3.7 MB[0m
2026.04.10 14:59:49 INFO  Progress (1): 1.9/3.7 MB[0m
2026.04.10 14:59:49 INFO  Progress (1): 1.9/3.7 MB[0m
2026.04.10 14:59:49 INFO  Progress (1): 2.0/3.7 MB[0m
2026.04.10 14:59:49 INFO  Progress (1): 2.0/3.7 MB[0m
2026.04.10 14:59:49 INFO  Progress (1): 2.0/3.7 MB[0m
2026.04.10 14:59:49 INFO  Progress (1): 2.0/3.7 MB[0m
2026.04.10 14:59:49 INFO  Progress (1): 2.0/3.7 MB[0m
2026.04.10 14:59:49 INFO  Progress (1): 2.0/3.7 MB[0m
2026.04.10 14:59:49 INFO  Progress (1): 2.0/3.7 MB[0m
2026.04.10 14:59:49 INFO  Progress (1): 2.1/3.7 MB[0m
2026.04.10 14:59:49 INFO  Progress (1): 2.1/3.7 MB[0m
2026.04.10 14:59:49 INFO  Progress (1): 2.1/3.7 MB[0m
2026.04.10 14:59:49 INFO  Progress (1): 2.1/3.7 MB[0m
2026.04.10 14:59:49 INFO  Progress (1): 2.1/3.7 MB[0m
2026.04.10 14:59:49 INFO  Progress (1): 2.1/3.7 MB[0m
2026.04.10 14:59:49 INFO  Progress (1): 2.2/3.7 MB[0m
2026.04.10 14:59:49 INFO  Progress (1): 2.2/3.7 MB[0m
2026.04.10 14:59:49 INFO  Progress (1): 2.2/3.7 MB[0m
2026.04.10 14:59:49 INFO  Progress (1): 2.2/3.7 MB[0m
2026.04.10 14:59:49 INFO  Progress (1): 2.2/3.7 MB[0m
2026.04.10 14:59:49 INFO  Progress (1): 2.2/3.7 MB[0m
2026.04.10 14:59:49 INFO  Progress (1): 2.3/3.7 MB[0m
2026.04.10 14:59:49 INFO  Progress (1): 2.3/3.7 MB[0m
2026.04.10 14:59:49 INFO  Progress (1): 2.3/3.7 MB[0m
2026.04.10 14:59:49 INFO  Progress (1): 2.3/3.7 MB[0m
2026.04.10 14:59:49 INFO  Progress (1): 2.3/3.7 MB[0m
2026.04.10 14:59:49 INFO  Progress (1): 2.3/3.7 MB[0m
2026.04.10 14:59:49 INFO  Progress (1): 2.3/3.7 MB[0m
2026.04.10 14:59:49 INFO  Progress (1): 2.4/3.7 MB[0m
2026.04.10 14:59:49 INFO  Progress (1): 2.4/3.7 MB[0m
2026.04.10 14:59:49 INFO  Progress (1): 2.4/3.7 MB[0m
2026.04.10 14:59:49 INFO  Progress (1): 2.4/3.7 MB[0m
2026.04.10 14:59:49 INFO  Progress (1): 2.4/3.7 MB[0m
2026.04.10 14:59:49 INFO  Progress (1): 2.4/3.7 MB[0m
2026.04.10 14:59:49 INFO  Progress (1): 2.5/3.7 MB[0m
2026.04.10 14:59:49 INFO  Progress (1): 2.5/3.7 MB[0m
2026.04.10 14:59:49 INFO  Progress (1): 2.5/3.7 MB[0m
2026.04.10 14:59:49 INFO  Progress (1): 2.5/3.7 MB[0m
2026.04.10 14:59:49 INFO  Progress (1): 2.5/3.7 MB[0m
2026.04.10 14:59:49 INFO  Progress (1): 2.5/3.7 MB[0m
2026.04.10 14:59:49 INFO  Progress (1): 2.6/3.7 MB[0m
2026.04.10 14:59:49 INFO  Progress (1): 2.6/3.7 MB[0m
2026.04.10 14:59:50 INFO  Progress (1): 2.6/3.7 MB[0m
2026.04.10 14:59:50 INFO  Progress (1): 2.6/3.7 MB[0m
2026.04.10 14:59:50 INFO  Progress (1): 2.6/3.7 MB[0m
2026.04.10 14:59:50 INFO  Progress (1): 2.6/3.7 MB[0m
2026.04.10 14:59:50 INFO  Progress (1): 2.7/3.7 MB[0m
2026.04.10 14:59:50 INFO  Progress (1): 2.7/3.7 MB[0m
2026.04.10 14:59:50 INFO  Progress (1): 2.7/3.7 MB[0m
2026.04.10 14:59:50 INFO  Progress (1): 2.7/3.7 MB[0m
2026.04.10 14:59:50 INFO  Progress (1): 2.7/3.7 MB[0m
2026.04.10 14:59:50 INFO  Progress (1): 2.7/3.7 MB[0m
2026.04.10 14:59:50 INFO  Progress (1): 2.8/3.7 MB[0m
2026.04.10 14:59:50 INFO  Progress (1): 2.8/3.7 MB[0m
2026.04.10 14:59:50 INFO  Progress (1): 2.8/3.7 MB[0m
2026.04.10 14:59:50 INFO  Progress (1): 2.8/3.7 MB[0m
2026.04.10 14:59:50 INFO  Progress (1): 2.8/3.7 MB[0m
2026.04.10 14:59:50 INFO  Progress (1): 2.8/3.7 MB[0m
2026.04.10 14:59:50 INFO  Progress (1): 2.9/3.7 MB[0m
2026.04.10 14:59:50 INFO  Progress (1): 2.9/3.7 MB[0m
2026.04.10 14:59:50 INFO  Progress (1): 2.9/3.7 MB[0m
2026.04.10 14:59:50 INFO  Progress (1): 2.9/3.7 MB[0m
2026.04.10 14:59:50 INFO  Progress (1): 2.9/3.7 MB[0m
2026.04.10 14:59:50 INFO  Progress (1): 2.9/3.7 MB[0m
2026.04.10 14:59:50 INFO  Progress (1): 2.9/3.7 MB[0m
2026.04.10 14:59:50 INFO  Progress (1): 3.0/3.7 MB[0m
2026.04.10 14:59:50 INFO  Progress (1): 3.0/3.7 MB[0m
2026.04.10 14:59:50 INFO  Progress (1): 3.0/3.7 MB[0m
2026.04.10 14:59:50 INFO  Progress (1): 3.0/3.7 MB[0m
2026.04.10 14:59:50 INFO  Progress (1): 3.0/3.7 MB[0m
2026.04.10 14:59:50 INFO  Progress (1): 3.0/3.7 MB[0m
2026.04.10 14:59:50 INFO  Progress (1): 3.1/3.7 MB[0m
2026.04.10 14:59:50 INFO  Progress (1): 3.1/3.7 MB[0m
2026.04.10 14:59:50 INFO  Progress (1): 3.1/3.7 MB[0m
2026.04.10 14:59:50 INFO  Progress (1): 3.1/3.7 MB[0m
2026.04.10 14:59:50 INFO  Progress (1): 3.1/3.7 MB[0m
2026.04.10 14:59:50 INFO  Progress (1): 3.1/3.7 MB[0m
2026.04.10 14:59:50 INFO  Progress (1): 3.2/3.7 MB[0m
2026.04.10 14:59:50 INFO  Progress (1): 3.2/3.7 MB[0m
2026.04.10 14:59:50 INFO  Progress (1): 3.2/3.7 MB[0m
2026.04.10 14:59:50 INFO  Progress (1): 3.2/3.7 MB[0m
2026.04.10 14:59:50 INFO  Progress (1): 3.2/3.7 MB[0m
2026.04.10 14:59:50 INFO  Progress (1): 3.2/3.7 MB[0m
2026.04.10 14:59:50 INFO  Progress (1): 3.3/3.7 MB[0m
2026.04.10 14:59:50 INFO  Progress (1): 3.3/3.7 MB[0m
2026.04.10 14:59:50 INFO  Progress (1): 3.3/3.7 MB[0m
2026.04.10 14:59:50 INFO  Progress (1): 3.3/3.7 MB[0m
2026.04.10 14:59:50 INFO  Progress (1): 3.3/3.7 MB[0m
2026.04.10 14:59:50 INFO  Progress (1): 3.3/3.7 MB[0m
2026.04.10 14:59:50 INFO  Progress (1): 3.3/3.7 MB[0m
2026.04.10 14:59:50 INFO  Progress (1): 3.4/3.7 MB[0m
2026.04.10 14:59:50 INFO  Progress (1): 3.4/3.7 MB[0m
2026.04.10 14:59:50 INFO  Progress (1): 3.4/3.7 MB[0m
2026.04.10 14:59:50 INFO  Progress (1): 3.4/3.7 MB[0m
2026.04.10 14:59:50 INFO  Progress (1): 3.4/3.7 MB[0m
2026.04.10 14:59:50 INFO  Progress (1): 3.4/3.7 MB[0m
2026.04.10 14:59:50 INFO  Progress (1): 3.5/3.7 MB[0m
2026.04.10 14:59:50 INFO  Progress (1): 3.5/3.7 MB[0m
2026.04.10 14:59:50 INFO  Progress (1): 3.5/3.7 MB[0m
2026.04.10 14:59:50 INFO  Progress (1): 3.5/3.7 MB[0m
2026.04.10 14:59:50 INFO  Progress (1): 3.5/3.7 MB[0m
2026.04.10 14:59:50 INFO  Progress (1): 3.5/3.7 MB[0m
2026.04.10 14:59:50 INFO  Progress (1): 3.6/3.7 MB[0m
2026.04.10 14:59:50 INFO  Progress (1): 3.6/3.7 MB[0m
2026.04.10 14:59:50 INFO  Progress (1): 3.6/3.7 MB[0m
2026.04.10 14:59:50 INFO  Progress (1): 3.6/3.7 MB[0m
2026.04.10 14:59:50 INFO  Progress (1): 3.6/3.7 MB[0m
2026.04.10 14:59:50 INFO  Progress (1): 3.6/3.7 MB[0m
2026.04.10 14:59:50 INFO  Progress (1): 3.7/3.7 MB[0m
2026.04.10 14:59:50 INFO  Progress (1): 3.7/3.7 MB[0m
2026.04.10 14:59:50 INFO  Progress (1): 3.7/3.7 MB[0m
2026.04.10 14:59:50 INFO  Progress (1): 3.7 MB    [0m
2026.04.10 14:59:50 INFO                      [0m
2026.04.10 14:59:50 INFO  Downloaded from central: https://repo.maven.apache.org/maven2/org/apache/tomcat/embed/tomcat-embed-core/10.1.34/tomcat-embed-core-10.1.34-sources.jar (3.7 MB at 22 MB/s)[0m
2026.04.10 14:59:50 INFO  [INFO] SUCCESS: org.apache.tomcat.embed:tomcat-embed-core:jar:10.1.34:compile (sources = true)[0m
2026.04.10 14:59:50 INFO  [INFO] Resolving artifact: org.objenesis:objenesis:jar:3.3:test (sources = false)[0m
2026.04.10 14:59:50 INFO  [INFO] SUCCESS: org.objenesis:objenesis:jar:3.3:test (sources = false)[0m
2026.04.10 14:59:50 INFO  [INFO] Resolving artifact: org.objenesis:objenesis:jar:3.3:test (sources = true)[0m
2026.04.10 14:59:50 INFO  Downloading from central: https://repo.maven.apache.org/maven2/org/objenesis/objenesis/3.3/objenesis-3.3-sources.jar[0m
2026.04.10 14:59:50 INFO  Progress (1): 7.7/53 kB[0m
2026.04.10 14:59:50 INFO  Progress (1): 16/53 kB [0m
2026.04.10 14:59:50 INFO  Progress (1): 32/53 kB[0m
2026.04.10 14:59:50 INFO  Progress (1): 48/53 kB[0m
2026.04.10 14:59:50 INFO  Progress (1): 53 kB   [0m
2026.04.10 14:59:50 INFO                     [0m
2026.04.10 14:59:50 INFO  Downloaded from central: https://repo.maven.apache.org/maven2/org/objenesis/objenesis/3.3/objenesis-3.3-sources.jar (53 kB at 2.0 MB/s)[0m
2026.04.10 14:59:50 INFO  [INFO] SUCCESS: org.objenesis:objenesis:jar:3.3:test (sources = true)[0m
2026.04.10 14:59:50 INFO  [INFO] Resolving artifact: org.springframework:spring-webmvc:jar:6.2.2:compile (sources = false)[0m
2026.04.10 14:59:50 INFO  [INFO] SUCCESS: org.springframework:spring-webmvc:jar:6.2.2:compile (sources = false)[0m
2026.04.10 14:59:50 INFO  [INFO] Resolving artifact: org.springframework:spring-webmvc:jar:6.2.2:compile (sources = true)[0m
2026.04.10 14:59:50 INFO  Downloading from central: https://repo.maven.apache.org/maven2/org/springframework/spring-webmvc/6.2.2/spring-webmvc-6.2.2-sources.jar[0m
2026.04.10 14:59:50 INFO  Progress (1): 7.7/853 kB[0m
2026.04.10 14:59:50 INFO  Progress (1): 16/853 kB [0m
2026.04.10 14:59:50 INFO  Progress (1): 25/853 kB[0m
2026.04.10 14:59:50 INFO  Progress (1): 41/853 kB[0m
2026.04.10 14:59:50 INFO  Progress (1): 57/853 kB[0m
2026.04.10 14:59:50 INFO  Progress (1): 74/853 kB[0m
2026.04.10 14:59:50 INFO  Progress (1): 90/853 kB[0m
2026.04.10 14:59:50 INFO  Progress (1): 106/853 kB[0m
2026.04.10 14:59:50 INFO  Progress (1): 123/853 kB[0m
2026.04.10 14:59:50 INFO  Progress (1): 139/853 kB[0m
2026.04.10 14:59:50 INFO  Progress (1): 156/853 kB[0m
2026.04.10 14:59:50 INFO  Progress (1): 172/853 kB[0m
2026.04.10 14:59:50 INFO  Progress (1): 188/853 kB[0m
2026.04.10 14:59:50 INFO  Progress (1): 205/853 kB[0m
2026.04.10 14:59:50 INFO  Progress (1): 221/853 kB[0m
2026.04.10 14:59:50 INFO  Progress (1): 238/853 kB[0m
2026.04.10 14:59:50 INFO  Progress (1): 254/853 kB[0m
2026.04.10 14:59:50 INFO  Progress (1): 270/853 kB[0m
2026.04.10 14:59:50 INFO  Progress (1): 287/853 kB[0m
2026.04.10 14:59:50 INFO  Progress (1): 303/853 kB[0m
2026.04.10 14:59:50 INFO  Progress (1): 319/853 kB[0m
2026.04.10 14:59:50 INFO  Progress (1): 336/853 kB[0m
2026.04.10 14:59:50 INFO  Progress (1): 352/853 kB[0m
2026.04.10 14:59:50 INFO  Progress (1): 369/853 kB[0m
2026.04.10 14:59:50 INFO  Progress (1): 385/853 kB[0m
2026.04.10 14:59:50 INFO  Progress (1): 401/853 kB[0m
2026.04.10 14:59:50 INFO  Progress (1): 418/853 kB[0m
2026.04.10 14:59:50 INFO  Progress (1): 434/853 kB[0m
2026.04.10 14:59:50 INFO  Progress (1): 451/853 kB[0m
2026.04.10 14:59:50 INFO  Progress (1): 467/853 kB[0m
2026.04.10 14:59:50 INFO  Progress (1): 475/853 kB[0m
2026.04.10 14:59:50 INFO  Progress (1): 492/853 kB[0m
2026.04.10 14:59:50 INFO  Progress (1): 508/853 kB[0m
2026.04.10 14:59:50 INFO  Progress (1): 524/853 kB[0m
2026.04.10 14:59:50 INFO  Progress (1): 541/853 kB[0m
2026.04.10 14:59:50 INFO  Progress (1): 557/853 kB[0m
2026.04.10 14:59:50 INFO  Progress (1): 573/853 kB[0m
2026.04.10 14:59:50 INFO  Progress (1): 590/853 kB[0m
2026.04.10 14:59:50 INFO  Progress (1): 606/853 kB[0m
2026.04.10 14:59:50 INFO  Progress (1): 623/853 kB[0m
2026.04.10 14:59:50 INFO  Progress (1): 639/853 kB[0m
2026.04.10 14:59:50 INFO  Progress (1): 655/853 kB[0m
2026.04.10 14:59:50 INFO  Progress (1): 672/853 kB[0m
2026.04.10 14:59:50 INFO  Progress (1): 688/853 kB[0m
2026.04.10 14:59:50 INFO  Progress (1): 705/853 kB[0m
2026.04.10 14:59:50 INFO  Progress (1): 721/853 kB[0m
2026.04.10 14:59:50 INFO  Progress (1): 737/853 kB[0m
2026.04.10 14:59:50 INFO  Progress (1): 754/853 kB[0m
2026.04.10 14:59:50 INFO  Progress (1): 770/853 kB[0m
2026.04.10 14:59:50 INFO  Progress (1): 786/853 kB[0m
2026.04.10 14:59:50 INFO  Progress (1): 803/853 kB[0m
2026.04.10 14:59:50 INFO  Progress (1): 819/853 kB[0m
2026.04.10 14:59:50 INFO  Progress (1): 836/853 kB[0m
2026.04.10 14:59:50 INFO  Progress (1): 852/853 kB[0m
2026.04.10 14:59:50 INFO  Progress (1): 853 kB    [0m
2026.04.10 14:59:50 INFO                      [0m
2026.04.10 14:59:50 INFO  Downloaded from central: https://repo.maven.apache.org/maven2/org/springframework/spring-webmvc/6.2.2/spring-webmvc-6.2.2-sources.jar (853 kB at 14 MB/s)[0m
2026.04.10 14:59:50 INFO  [INFO] SUCCESS: org.springframework:spring-webmvc:jar:6.2.2:compile (sources = true)[0m
2026.04.10 14:59:50 INFO  [INFO] Resolving artifact: org.antlr:antlr4-runtime:jar:4.13.0:compile (sources = false)[0m
2026.04.10 14:59:50 INFO  [INFO] SUCCESS: org.antlr:antlr4-runtime:jar:4.13.0:compile (sources = false)[0m
2026.04.10 14:59:50 INFO  [INFO] Resolving artifact: org.antlr:antlr4-runtime:jar:4.13.0:compile (sources = true)[0m
2026.04.10 14:59:50 INFO  Downloading from central: https://repo.maven.apache.org/maven2/org/antlr/antlr4-runtime/4.13.0/antlr4-runtime-4.13.0-sources.jar[0m
2026.04.10 14:59:50 INFO  Progress (1): 7.5/314 kB[0m
2026.04.10 14:59:50 INFO  Progress (1): 24/314 kB [0m
2026.04.10 14:59:50 INFO  Progress (1): 40/314 kB[0m
2026.04.10 14:59:50 INFO  Progress (1): 57/314 kB[0m
2026.04.10 14:59:50 INFO  Progress (1): 73/314 kB[0m
2026.04.10 14:59:50 INFO  Progress (1): 89/314 kB[0m
2026.04.10 14:59:50 INFO  Progress (1): 106/314 kB[0m
2026.04.10 14:59:50 INFO  Progress (1): 122/314 kB[0m
2026.04.10 14:59:50 INFO  Progress (1): 130/314 kB[0m
2026.04.10 14:59:50 INFO  Progress (1): 147/314 kB[0m
2026.04.10 14:59:50 INFO  Progress (1): 163/314 kB[0m
2026.04.10 14:59:50 INFO  Progress (1): 179/314 kB[0m
2026.04.10 14:59:50 INFO  Progress (1): 196/314 kB[0m
2026.04.10 14:59:50 INFO  Progress (1): 212/314 kB[0m
2026.04.10 14:59:50 INFO  Progress (1): 213/314 kB[0m
2026.04.10 14:59:50 INFO  Progress (1): 229/314 kB[0m
2026.04.10 14:59:50 INFO  Progress (1): 246/314 kB[0m
2026.04.10 14:59:50 INFO  Progress (1): 250/314 kB[0m
2026.04.10 14:59:50 INFO  Progress (1): 262/314 kB[0m
2026.04.10 14:59:50 INFO  Progress (1): 279/314 kB[0m
2026.04.10 14:59:50 INFO  Progress (1): 295/314 kB[0m
2026.04.10 14:59:50 INFO  Progress (1): 311/314 kB[0m
2026.04.10 14:59:50 INFO  Progress (1): 314 kB    [0m
2026.04.10 14:59:50 INFO                      [0m
2026.04.10 14:59:50 INFO  Downloaded from central: https://repo.maven.apache.org/maven2/org/antlr/antlr4-runtime/4.13.0/antlr4-runtime-4.13.0-sources.jar (314 kB at 8.3 MB/s)[0m
2026.04.10 14:59:50 INFO  [INFO] SUCCESS: org.antlr:antlr4-runtime:jar:4.13.0:compile (sources = true)[0m
2026.04.10 14:59:50 INFO  [INFO] Resolving artifact: org.postgresql:postgresql:jar:42.7.5:runtime (sources = false)[0m
2026.04.10 14:59:50 INFO  [INFO] SUCCESS: org.postgresql:postgresql:jar:42.7.5:runtime (sources = false)[0m
2026.04.10 14:59:50 INFO  [INFO] Resolving artifact: org.postgresql:postgresql:jar:42.7.5:runtime (sources = true)[0m
2026.04.10 14:59:50 INFO  Downloading from central: https://repo.maven.apache.org/maven2/org/postgresql/postgresql/42.7.5/postgresql-42.7.5-sources.jar[0m
2026.04.10 14:59:50 INFO  Progress (1): 7.7/910 kB[0m
2026.04.10 14:59:50 INFO  Progress (1): 12/910 kB [0m
2026.04.10 14:59:50 INFO  Progress (1): 29/910 kB[0m
2026.04.10 14:59:50 INFO  Progress (1): 45/910 kB[0m
2026.04.10 14:59:50 INFO  Progress (1): 61/910 kB[0m
2026.04.10 14:59:50 INFO  Progress (1): 78/910 kB[0m
2026.04.10 14:59:50 INFO  Progress (1): 94/910 kB[0m
2026.04.10 14:59:50 INFO  Progress (1): 111/910 kB[0m
2026.04.10 14:59:50 INFO  Progress (1): 127/910 kB[0m
2026.04.10 14:59:50 INFO  Progress (1): 143/910 kB[0m
2026.04.10 14:59:50 INFO  Progress (1): 160/910 kB[0m
2026.04.10 14:59:50 INFO  Progress (1): 176/910 kB[0m
2026.04.10 14:59:50 INFO  Progress (1): 193/910 kB[0m
2026.04.10 14:59:50 INFO  Progress (1): 209/910 kB[0m
2026.04.10 14:59:50 INFO  Progress (1): 225/910 kB[0m
2026.04.10 14:59:50 INFO  Progress (1): 233/910 kB[0m
2026.04.10 14:59:50 INFO  Progress (1): 250/910 kB[0m
2026.04.10 14:59:50 INFO  Progress (1): 262/910 kB[0m
2026.04.10 14:59:50 INFO  Progress (1): 279/910 kB[0m
2026.04.10 14:59:50 INFO  Progress (1): 295/910 kB[0m
2026.04.10 14:59:50 INFO  Progress (1): 311/910 kB[0m
2026.04.10 14:59:50 INFO  Progress (1): 328/910 kB[0m
2026.04.10 14:59:50 INFO  Progress (1): 344/910 kB[0m
2026.04.10 14:59:50 INFO  Progress (1): 360/910 kB[0m
2026.04.10 14:59:50 INFO  Progress (1): 377/910 kB[0m
2026.04.10 14:59:50 INFO  Progress (1): 393/910 kB[0m
2026.04.10 14:59:50 INFO  Progress (1): 410/910 kB[0m
2026.04.10 14:59:50 INFO  Progress (1): 426/910 kB[0m
2026.04.10 14:59:50 INFO  Progress (1): 442/910 kB[0m
2026.04.10 14:59:50 INFO  Progress (1): 459/910 kB[0m
2026.04.10 14:59:50 INFO  Progress (1): 475/910 kB[0m
2026.04.10 14:59:50 INFO  Progress (1): 492/910 kB[0m
2026.04.10 14:59:50 INFO  Progress (1): 508/910 kB[0m
2026.04.10 14:59:50 INFO  Progress (1): 524/910 kB[0m
2026.04.10 14:59:50 INFO  Progress (1): 541/910 kB[0m
2026.04.10 14:59:50 INFO  Progress (1): 557/910 kB[0m
2026.04.10 14:59:50 INFO  Progress (1): 573/910 kB[0m
2026.04.10 14:59:50 INFO  Progress (1): 590/910 kB[0m
2026.04.10 14:59:50 INFO  Progress (1): 606/910 kB[0m
2026.04.10 14:59:50 INFO  Progress (1): 623/910 kB[0m
2026.04.10 14:59:50 INFO  Progress (1): 639/910 kB[0m
2026.04.10 14:59:50 INFO  Progress (1): 655/910 kB[0m
2026.04.10 14:59:50 INFO  Progress (1): 672/910 kB[0m
2026.04.10 14:59:50 INFO  Progress (1): 688/910 kB[0m
2026.04.10 14:59:50 INFO  Progress (1): 705/910 kB[0m
2026.04.10 14:59:50 INFO  Progress (1): 721/910 kB[0m
2026.04.10 14:59:50 INFO  Progress (1): 737/910 kB[0m
2026.04.10 14:59:50 INFO  Progress (1): 754/910 kB[0m
2026.04.10 14:59:50 INFO  Progress (1): 770/910 kB[0m
2026.04.10 14:59:50 INFO  Progress (1): 786/910 kB[0m
2026.04.10 14:59:50 INFO  Progress (1): 803/910 kB[0m
2026.04.10 14:59:50 INFO  Progress (1): 819/910 kB[0m
2026.04.10 14:59:50 INFO  Progress (1): 836/910 kB[0m
2026.04.10 14:59:50 INFO  Progress (1): 852/910 kB[0m
2026.04.10 14:59:50 INFO  Progress (1): 868/910 kB[0m
2026.04.10 14:59:50 INFO  Progress (1): 885/910 kB[0m
2026.04.10 14:59:50 INFO  Progress (1): 901/910 kB[0m
2026.04.10 14:59:50 INFO  Progress (1): 910 kB    [0m
2026.04.10 14:59:50 INFO                      [0m
2026.04.10 14:59:50 INFO  Downloaded from central: https://repo.maven.apache.org/maven2/org/postgresql/postgresql/42.7.5/postgresql-42.7.5-sources.jar (910 kB at 15 MB/s)[0m
2026.04.10 14:59:50 INFO  [INFO] SUCCESS: org.postgresql:postgresql:jar:42.7.5:runtime (sources = true)[0m
2026.04.10 14:59:50 INFO  [INFO] Resolving artifact: org.apache.commons:commons-compress:jar:1.24.0:test (sources = false)[0m
2026.04.10 14:59:50 INFO  Downloading from central: https://repo.maven.apache.org/maven2/org/apache/commons/commons-compress/1.24.0/commons-compress-1.24.0.jar[0m
2026.04.10 14:59:50 INFO  Progress (1): 0/1.1 MB[0m
2026.04.10 14:59:50 INFO  Progress (1): 0/1.1 MB[0m
2026.04.10 14:59:50 INFO  Progress (1): 0/1.1 MB[0m
2026.04.10 14:59:50 INFO  Progress (1): 0/1.1 MB[0m
2026.04.10 14:59:50 INFO  Progress (1): 0.1/1.1 MB[0m
2026.04.10 14:59:50 INFO  Progress (1): 0.1/1.1 MB[0m
2026.04.10 14:59:50 INFO  Progress (1): 0.1/1.1 MB[0m
2026.04.10 14:59:50 INFO  Progress (1): 0.1/1.1 MB[0m
2026.04.10 14:59:50 INFO  Progress (1): 0.1/1.1 MB[0m
2026.04.10 14:59:50 INFO  Progress (1): 0.1/1.1 MB[0m
2026.04.10 14:59:50 INFO  Progress (1): 0.2/1.1 MB[0m
2026.04.10 14:59:50 INFO  Progress (1): 0.2/1.1 MB[0m
2026.04.10 14:59:50 INFO  Progress (1): 0.2/1.1 MB[0m
2026.04.10 14:59:50 INFO  Progress (1): 0.2/1.1 MB[0m
2026.04.10 14:59:50 INFO  Progress (1): 0.2/1.1 MB[0m
2026.04.10 14:59:50 INFO  Progress (1): 0.2/1.1 MB[0m
2026.04.10 14:59:50 INFO  Progress (1): 0.3/1.1 MB[0m
2026.04.10 14:59:50 INFO  Progress (1): 0.3/1.1 MB[0m
2026.04.10 14:59:50 INFO  Progress (1): 0.3/1.1 MB[0m
2026.04.10 14:59:50 INFO  Progress (1): 0.3/1.1 MB[0m
2026.04.10 14:59:50 INFO  Progress (1): 0.3/1.1 MB[0m
2026.04.10 14:59:50 INFO  Progress (1): 0.3/1.1 MB[0m
2026.04.10 14:59:50 INFO  Progress (1): 0.4/1.1 MB[0m
2026.04.10 14:59:50 INFO  Progress (1): 0.4/1.1 MB[0m
2026.04.10 14:59:50 INFO  Progress (1): 0.4/1.1 MB[0m
2026.04.10 14:59:50 INFO  Progress (1): 0.4/1.1 MB[0m
2026.04.10 14:59:50 INFO  Progress (1): 0.4/1.1 MB[0m
2026.04.10 14:59:50 INFO  Progress (1): 0.4/1.1 MB[0m
2026.04.10 14:59:50 INFO  Progress (1): 0.4/1.1 MB[0m
2026.04.10 14:59:50 INFO  Progress (1): 0.5/1.1 MB[0m
2026.04.10 14:59:50 INFO  Progress (1): 0.5/1.1 MB[0m
2026.04.10 14:59:50 INFO  Progress (1): 0.5/1.1 MB[0m
2026.04.10 14:59:50 INFO  Progress (1): 0.5/1.1 MB[0m
2026.04.10 14:59:50 INFO  Progress (1): 0.5/1.1 MB[0m
2026.04.10 14:59:50 INFO  Progress (1): 0.5/1.1 MB[0m
2026.04.10 14:59:50 INFO  Progress (1): 0.6/1.1 MB[0m
2026.04.10 14:59:50 INFO  Progress (1): 0.6/1.1 MB[0m
2026.04.10 14:59:50 INFO  Progress (1): 0.6/1.1 MB[0m
2026.04.10 14:59:50 INFO  Progress (1): 0.6/1.1 MB[0m
2026.04.10 14:59:50 INFO  Progress (1): 0.6/1.1 MB[0m
2026.04.10 14:59:50 INFO  Progress (1): 0.6/1.1 MB[0m
2026.04.10 14:59:50 INFO  Progress (1): 0.7/1.1 MB[0m
2026.04.10 14:59:50 INFO  Progress (1): 0.7/1.1 MB[0m
2026.04.10 14:59:50 INFO  Progress (1): 0.7/1.1 MB[0m
2026.04.10 14:59:50 INFO  Progress (1): 0.7/1.1 MB[0m
2026.04.10 14:59:50 INFO  Progress (1): 0.7/1.1 MB[0m
2026.04.10 14:59:50 INFO  Progress (1): 0.7/1.1 MB[0m
2026.04.10 14:59:50 INFO  Progress (1): 0.8/1.1 MB[0m
2026.04.10 14:59:50 INFO  Progress (1): 0.8/1.1 MB[0m
2026.04.10 14:59:50 INFO  Progress (1): 0.8/1.1 MB[0m
2026.04.10 14:59:50 INFO  Progress (1): 0.8/1.1 MB[0m
2026.04.10 14:59:50 INFO  Progress (1): 0.8/1.1 MB[0m
2026.04.10 14:59:50 INFO  Progress (1): 0.8/1.1 MB[0m
2026.04.10 14:59:50 INFO  Progress (1): 0.9/1.1 MB[0m
2026.04.10 14:59:50 INFO  Progress (1): 0.9/1.1 MB[0m
2026.04.10 14:59:50 INFO  Progress (1): 0.9/1.1 MB[0m
2026.04.10 14:59:50 INFO  Progress (1): 0.9/1.1 MB[0m
2026.04.10 14:59:50 INFO  Progress (1): 0.9/1.1 MB[0m
2026.04.10 14:59:50 INFO  Progress (1): 0.9/1.1 MB[0m
2026.04.10 14:59:50 INFO  Progress (1): 1.0/1.1 MB[0m
2026.04.10 14:59:50 INFO  Progress (1): 1.0/1.1 MB[0m
2026.04.10 14:59:50 INFO  Progress (1): 1.0/1.1 MB[0m
2026.04.10 14:59:50 INFO  Progress (1): 1.0/1.1 MB[0m
2026.04.10 14:59:50 INFO  Progress (1): 1.0/1.1 MB[0m
2026.04.10 14:59:50 INFO  Progress (1): 1.0/1.1 MB[0m
2026.04.10 14:59:50 INFO  Progress (1): 1.0/1.1 MB[0m
2026.04.10 14:59:50 INFO  Progress (1): 1.1/1.1 MB[0m
2026.04.10 14:59:50 INFO  Progress (1): 1.1 MB    [0m
2026.04.10 14:59:50 INFO                      [0m
2026.04.10 14:59:50 INFO  Downloaded from central: https://repo.maven.apache.org/maven2/org/apache/commons/commons-compress/1.24.0/commons-compress-1.24.0.jar (1.1 MB at 17 MB/s)[0m
2026.04.10 14:59:50 INFO  [INFO] SUCCESS: org.apache.commons:commons-compress:jar:1.24.0:test (sources = false)[0m
2026.04.10 14:59:50 INFO  [INFO] Resolving artifact: org.apache.commons:commons-compress:jar:1.24.0:test (sources = true)[0m
2026.04.10 14:59:50 INFO  Downloading from central: https://repo.maven.apache.org/maven2/org/apache/commons/commons-compress/1.24.0/commons-compress-1.24.0-sources.jar[0m
2026.04.10 14:59:50 INFO  Progress (1): 7.7/905 kB[0m
2026.04.10 14:59:50 INFO  Progress (1): 16/905 kB [0m
2026.04.10 14:59:50 INFO  Progress (1): 32/905 kB[0m
2026.04.10 14:59:50 INFO  Progress (1): 48/905 kB[0m
2026.04.10 14:59:50 INFO  Progress (1): 65/905 kB[0m
2026.04.10 14:59:50 INFO  Progress (1): 81/905 kB[0m
2026.04.10 14:59:50 INFO  Progress (1): 98/905 kB[0m
2026.04.10 14:59:50 INFO  Progress (1): 114/905 kB[0m
2026.04.10 14:59:50 INFO  Progress (1): 130/905 kB[0m
2026.04.10 14:59:50 INFO  Progress (1): 147/905 kB[0m
2026.04.10 14:59:50 INFO  Progress (1): 163/905 kB[0m
2026.04.10 14:59:50 INFO  Progress (1): 179/905 kB[0m
2026.04.10 14:59:50 INFO  Progress (1): 196/905 kB[0m
2026.04.10 14:59:50 INFO  Progress (1): 212/905 kB[0m
2026.04.10 14:59:50 INFO  Progress (1): 229/905 kB[0m
2026.04.10 14:59:50 INFO  Progress (1): 245/905 kB[0m
2026.04.10 14:59:50 INFO  Progress (1): 250/905 kB[0m
2026.04.10 14:59:50 INFO  Progress (1): 266/905 kB[0m
2026.04.10 14:59:50 INFO  Progress (1): 282/905 kB[0m
2026.04.10 14:59:50 INFO  Progress (1): 299/905 kB[0m
2026.04.10 14:59:50 INFO  Progress (1): 315/905 kB[0m
2026.04.10 14:59:50 INFO  Progress (1): 331/905 kB[0m
2026.04.10 14:59:50 INFO  Progress (1): 336/905 kB[0m
2026.04.10 14:59:50 INFO  Progress (1): 352/905 kB[0m
2026.04.10 14:59:50 INFO  Progress (1): 369/905 kB[0m
2026.04.10 14:59:50 INFO  Progress (1): 385/905 kB[0m
2026.04.10 14:59:50 INFO  Progress (1): 401/905 kB[0m
2026.04.10 14:59:50 INFO  Progress (1): 418/905 kB[0m
2026.04.10 14:59:50 INFO  Progress (1): 434/905 kB[0m
2026.04.10 14:59:50 INFO  Progress (1): 451/905 kB[0m
2026.04.10 14:59:50 INFO  Progress (1): 467/905 kB[0m
2026.04.10 14:59:50 INFO  Progress (1): 483/905 kB[0m
2026.04.10 14:59:50 INFO  Progress (1): 500/905 kB[0m
2026.04.10 14:59:50 INFO  Progress (1): 516/905 kB[0m
2026.04.10 14:59:50 INFO  Progress (1): 532/905 kB[0m
2026.04.10 14:59:50 INFO  Progress (1): 540/905 kB[0m
2026.04.10 14:59:50 INFO  Progress (1): 556/905 kB[0m
2026.04.10 14:59:50 INFO  Progress (1): 573/905 kB[0m
2026.04.10 14:59:50 INFO  Progress (1): 589/905 kB[0m
2026.04.10 14:59:50 INFO  Progress (1): 606/905 kB[0m
2026.04.10 14:59:50 INFO  Progress (1): 622/905 kB[0m
2026.04.10 14:59:50 INFO  Progress (1): 626/905 kB[0m
2026.04.10 14:59:50 INFO  Progress (1): 643/905 kB[0m
2026.04.10 14:59:50 INFO  Progress (1): 659/905 kB[0m
2026.04.10 14:59:50 INFO  Progress (1): 676/905 kB[0m
2026.04.10 14:59:50 INFO  Progress (1): 692/905 kB[0m
2026.04.10 14:59:50 INFO  Progress (1): 705/905 kB[0m
2026.04.10 14:59:50 INFO  Progress (1): 721/905 kB[0m
2026.04.10 14:59:50 INFO  Progress (1): 737/905 kB[0m
2026.04.10 14:59:50 INFO  Progress (1): 754/905 kB[0m
2026.04.10 14:59:50 INFO  Progress (1): 770/905 kB[0m
2026.04.10 14:59:50 INFO  Progress (1): 786/905 kB[0m
2026.04.10 14:59:50 INFO  Progress (1): 795/905 kB[0m
2026.04.10 14:59:50 INFO  Progress (1): 803/905 kB[0m
2026.04.10 14:59:50 INFO  Progress (1): 819/905 kB[0m
2026.04.10 14:59:50 INFO  Progress (1): 836/905 kB[0m
2026.04.10 14:59:50 INFO  Progress (1): 852/905 kB[0m
2026.04.10 14:59:50 INFO  Progress (1): 868/905 kB[0m
2026.04.10 14:59:50 INFO  Progress (1): 885/905 kB[0m
2026.04.10 14:59:50 INFO  Progress (1): 901/905 kB[0m
2026.04.10 14:59:50 INFO  Progress (1): 905 kB    [0m
2026.04.10 14:59:50 INFO                      [0m
2026.04.10 14:59:50 INFO  Downloaded from central: https://repo.maven.apache.org/maven2/org/apache/commons/commons-compress/1.24.0/commons-compress-1.24.0-sources.jar (905 kB at 16 MB/s)[0m
2026.04.10 14:59:50 INFO  [INFO] SUCCESS: org.apache.commons:commons-compress:jar:1.24.0:test (sources = true)[0m
2026.04.10 14:59:50 INFO  [INFO] Resolving artifact: org.springframework:spring-test:jar:6.2.2:test (sources = false)[0m
2026.04.10 14:59:50 INFO  Downloading from central: https://repo.maven.apache.org/maven2/org/springframework/spring-test/6.2.2/spring-test-6.2.2.jar[0m
2026.04.10 14:59:50 INFO  Progress (1): 0/1.0 MB[0m
2026.04.10 14:59:50 INFO  Progress (1): 0/1.0 MB[0m
2026.04.10 14:59:50 INFO  Progress (1): 0/1.0 MB[0m
2026.04.10 14:59:50 INFO  Progress (1): 0/1.0 MB[0m
2026.04.10 14:59:50 INFO  Progress (1): 0.1/1.0 MB[0m
2026.04.10 14:59:50 INFO  Progress (1): 0.1/1.0 MB[0m
2026.04.10 14:59:50 INFO  Progress (1): 0.1/1.0 MB[0m
2026.04.10 14:59:50 INFO  Progress (1): 0.1/1.0 MB[0m
2026.04.10 14:59:50 INFO  Progress (1): 0.1/1.0 MB[0m
2026.04.10 14:59:50 INFO  Progress (1): 0.1/1.0 MB[0m
2026.04.10 14:59:50 INFO  Progress (1): 0.1/1.0 MB[0m
2026.04.10 14:59:50 INFO  Progress (1): 0.2/1.0 MB[0m
2026.04.10 14:59:50 INFO  Progress (1): 0.2/1.0 MB[0m
2026.04.10 14:59:50 INFO  Progress (1): 0.2/1.0 MB[0m
2026.04.10 14:59:50 INFO  Progress (1): 0.2/1.0 MB[0m
2026.04.10 14:59:50 INFO  Progress (1): 0.2/1.0 MB[0m
2026.04.10 14:59:50 INFO  Progress (1): 0.2/1.0 MB[0m
2026.04.10 14:59:50 INFO  Progress (1): 0.3/1.0 MB[0m
2026.04.10 14:59:50 INFO  Progress (1): 0.3/1.0 MB[0m
2026.04.10 14:59:50 INFO  Progress (1): 0.3/1.0 MB[0m
2026.04.10 14:59:50 INFO  Progress (1): 0.3/1.0 MB[0m
2026.04.10 14:59:50 INFO  Progress (1): 0.3/1.0 MB[0m
2026.04.10 14:59:50 INFO  Progress (1): 0.3/1.0 MB[0m
2026.04.10 14:59:50 INFO  Progress (1): 0.4/1.0 MB[0m
2026.04.10 14:59:50 INFO  Progress (1): 0.4/1.0 MB[0m
2026.04.10 14:59:50 INFO  Progress (1): 0.4/1.0 MB[0m
2026.04.10 14:59:50 INFO  Progress (1): 0.4/1.0 MB[0m
2026.04.10 14:59:50 INFO  Progress (1): 0.4/1.0 MB[0m
2026.04.10 14:59:50 INFO  Progress (1): 0.4/1.0 MB[0m
2026.04.10 14:59:50 INFO  Progress (1): 0.5/1.0 MB[0m
2026.04.10 14:59:50 INFO  Progress (1): 0.5/1.0 MB[0m
2026.04.10 14:59:50 INFO  Progress (1): 0.5/1.0 MB[0m
2026.04.10 14:59:50 INFO  Progress (1): 0.5/1.0 MB[0m
2026.04.10 14:59:50 INFO  Progress (1): 0.5/1.0 MB[0m
2026.04.10 14:59:50 INFO  Progress (1): 0.5/1.0 MB[0m
2026.04.10 14:59:50 INFO  Progress (1): 0.6/1.0 MB[0m
2026.04.10 14:59:50 INFO  Progress (1): 0.6/1.0 MB[0m
2026.04.10 14:59:50 INFO  Progress (1): 0.6/1.0 MB[0m
2026.04.10 14:59:50 INFO  Progress (1): 0.6/1.0 MB[0m
2026.04.10 14:59:50 INFO  Progress (1): 0.6/1.0 MB[0m
2026.04.10 14:59:50 INFO  Progress (1): 0.6/1.0 MB[0m
2026.04.10 14:59:50 INFO  Progress (1): 0.7/1.0 MB[0m
2026.04.10 14:59:50 INFO  Progress (1): 0.7/1.0 MB[0m
2026.04.10 14:59:50 INFO  Progress (1): 0.7/1.0 MB[0m
2026.04.10 14:59:50 INFO  Progress (1): 0.7/1.0 MB[0m
2026.04.10 14:59:50 INFO  Progress (1): 0.7/1.0 MB[0m
2026.04.10 14:59:50 INFO  Progress (1): 0.7/1.0 MB[0m
2026.04.10 14:59:50 INFO  Progress (1): 0.8/1.0 MB[0m
2026.04.10 14:59:50 INFO  Progress (1): 0.8/1.0 MB[0m
2026.04.10 14:59:50 INFO  Progress (1): 0.8/1.0 MB[0m
2026.04.10 14:59:50 INFO  Progress (1): 0.8/1.0 MB[0m
2026.04.10 14:59:50 INFO  Progress (1): 0.8/1.0 MB[0m
2026.04.10 14:59:50 INFO  Progress (1): 0.8/1.0 MB[0m
2026.04.10 14:59:50 INFO  Progress (1): 0.9/1.0 MB[0m
2026.04.10 14:59:50 INFO  Progress (1): 0.9/1.0 MB[0m
2026.04.10 14:59:50 INFO  Progress (1): 0.9/1.0 MB[0m
2026.04.10 14:59:50 INFO  Progress (1): 0.9/1.0 MB[0m
2026.04.10 14:59:50 INFO  Progress (1): 0.9/1.0 MB[0m
2026.04.10 14:59:50 INFO  Progress (1): 0.9/1.0 MB[0m
2026.04.10 14:59:50 INFO  Progress (1): 1.0/1.0 MB[0m
2026.04.10 14:59:50 INFO  Progress (1): 1.0/1.0 MB[0m
2026.04.10 14:59:50 INFO  Progress (1): 1.0/1.0 MB[0m
2026.04.10 14:59:50 INFO  Progress (1): 1.0/1.0 MB[0m
2026.04.10 14:59:50 INFO  Progress (1): 1.0/1.0 MB[0m
2026.04.10 14:59:50 INFO  Progress (1): 1.0 MB    [0m
2026.04.10 14:59:50 INFO                      [0m
2026.04.10 14:59:50 INFO  Downloaded from central: https://repo.maven.apache.org/maven2/org/springframework/spring-test/6.2.2/spring-test-6.2.2.jar (1.0 MB at 15 MB/s)[0m
2026.04.10 14:59:50 INFO  [INFO] SUCCESS: org.springframework:spring-test:jar:6.2.2:test (sources = false)[0m
2026.04.10 14:59:50 INFO  [INFO] Resolving artifact: org.springframework:spring-test:jar:6.2.2:test (sources = true)[0m
2026.04.10 14:59:50 INFO  Downloading from central: https://repo.maven.apache.org/maven2/org/springframework/spring-test/6.2.2/spring-test-6.2.2-sources.jar[0m
2026.04.10 14:59:50 INFO  Progress (1): 4.1/805 kB[0m
2026.04.10 14:59:50 INFO  Progress (1): 20/805 kB [0m
2026.04.10 14:59:50 INFO  Progress (1): 37/805 kB[0m
2026.04.10 14:59:50 INFO  Progress (1): 53/805 kB[0m
2026.04.10 14:59:50 INFO  Progress (1): 70/805 kB[0m
2026.04.10 14:59:50 INFO  Progress (1): 82/805 kB[0m
2026.04.10 14:59:50 INFO  Progress (1): 98/805 kB[0m
2026.04.10 14:59:50 INFO  Progress (1): 115/805 kB[0m
2026.04.10 14:59:50 INFO  Progress (1): 131/805 kB[0m
2026.04.10 14:59:50 INFO  Progress (1): 147/805 kB[0m
2026.04.10 14:59:50 INFO  Progress (1): 164/805 kB[0m
2026.04.10 14:59:50 INFO  Progress (1): 180/805 kB[0m
2026.04.10 14:59:50 INFO  Progress (1): 197/805 kB[0m
2026.04.10 14:59:50 INFO  Progress (1): 213/805 kB[0m
2026.04.10 14:59:50 INFO  Progress (1): 229/805 kB[0m
2026.04.10 14:59:50 INFO  Progress (1): 246/805 kB[0m
2026.04.10 14:59:50 INFO  Progress (1): 262/805 kB[0m
2026.04.10 14:59:50 INFO  Progress (1): 279/805 kB[0m
2026.04.10 14:59:50 INFO  Progress (1): 295/805 kB[0m
2026.04.10 14:59:50 INFO  Progress (1): 311/805 kB[0m
2026.04.10 14:59:50 INFO  Progress (1): 328/805 kB[0m
2026.04.10 14:59:50 INFO  Progress (1): 344/805 kB[0m
2026.04.10 14:59:50 INFO  Progress (1): 360/805 kB[0m
2026.04.10 14:59:50 INFO  Progress (1): 377/805 kB[0m
2026.04.10 14:59:50 INFO  Progress (1): 393/805 kB[0m
2026.04.10 14:59:50 INFO  Progress (1): 410/805 kB[0m
2026.04.10 14:59:50 INFO  Progress (1): 426/805 kB[0m
2026.04.10 14:59:50 INFO  Progress (1): 442/805 kB[0m
2026.04.10 14:59:50 INFO  Progress (1): 459/805 kB[0m
2026.04.10 14:59:50 INFO  Progress (1): 475/805 kB[0m
2026.04.10 14:59:50 INFO  Progress (1): 492/805 kB[0m
2026.04.10 14:59:50 INFO  Progress (1): 508/805 kB[0m
2026.04.10 14:59:50 INFO  Progress (1): 524/805 kB[0m
2026.04.10 14:59:50 INFO  Progress (1): 541/805 kB[0m
2026.04.10 14:59:50 INFO  Progress (1): 557/805 kB[0m
2026.04.10 14:59:50 INFO  Progress (1): 573/805 kB[0m
2026.04.10 14:59:50 INFO  Progress (1): 590/805 kB[0m
2026.04.10 14:59:50 INFO  Progress (1): 606/805 kB[0m
2026.04.10 14:59:50 INFO  Progress (1): 623/805 kB[0m
2026.04.10 14:59:50 INFO  Progress (1): 639/805 kB[0m
2026.04.10 14:59:50 INFO  Progress (1): 655/805 kB[0m
2026.04.10 14:59:50 INFO  Progress (1): 672/805 kB[0m
2026.04.10 14:59:50 INFO  Progress (1): 688/805 kB[0m
2026.04.10 14:59:50 INFO  Progress (1): 705/805 kB[0m
2026.04.10 14:59:50 INFO  Progress (1): 721/805 kB[0m
2026.04.10 14:59:50 INFO  Progress (1): 737/805 kB[0m
2026.04.10 14:59:50 INFO  Progress (1): 754/805 kB[0m
2026.04.10 14:59:50 INFO  Progress (1): 770/805 kB[0m
2026.04.10 14:59:50 INFO  Progress (1): 786/805 kB[0m
2026.04.10 14:59:50 INFO  Progress (1): 803/805 kB[0m
2026.04.10 14:59:50 INFO  Progress (1): 805 kB    [0m
2026.04.10 14:59:50 INFO                      [0m
2026.04.10 14:59:50 INFO  Downloaded from central: https://repo.maven.apache.org/maven2/org/springframework/spring-test/6.2.2/spring-test-6.2.2-sources.jar (805 kB at 15 MB/s)[0m
2026.04.10 14:59:50 INFO  [INFO] SUCCESS: org.springframework:spring-test:jar:6.2.2:test (sources = true)[0m
2026.04.10 14:59:50 INFO  [INFO] Resolving artifact: org.eclipse.angus:angus-activation:jar:2.0.2:runtime (sources = false)[0m
2026.04.10 14:59:50 INFO  [INFO] SUCCESS: org.eclipse.angus:angus-activation:jar:2.0.2:runtime (sources = false)[0m
2026.04.10 14:59:50 INFO  [INFO] Resolving artifact: org.eclipse.angus:angus-activation:jar:2.0.2:runtime (sources = true)[0m
2026.04.10 14:59:50 INFO  Downloading from central: https://repo.maven.apache.org/maven2/org/eclipse/angus/angus-activation/2.0.2/angus-activation-2.0.2-sources.jar[0m
2026.04.10 14:59:50 INFO  Progress (1): 7.7/22 kB[0m
2026.04.10 14:59:50 INFO  Progress (1): 16/22 kB [0m
2026.04.10 14:59:50 INFO  Progress (1): 22 kB   [0m
2026.04.10 14:59:50 INFO                     [0m
2026.04.10 14:59:50 INFO  Downloaded from central: https://repo.maven.apache.org/maven2/org/eclipse/angus/angus-activation/2.0.2/angus-activation-2.0.2-sources.jar (22 kB at 875 kB/s)[0m
2026.04.10 14:59:50 INFO  [INFO] SUCCESS: org.eclipse.angus:angus-activation:jar:2.0.2:runtime (sources = true)[0m
2026.04.10 14:59:50 INFO  [INFO] Resolving artifact: org.springframework.boot:spring-boot-starter-data-jpa:jar:3.4.2:compile (sources = false)[0m
2026.04.10 14:59:50 INFO  [INFO] SUCCESS: org.springframework.boot:spring-boot-starter-data-jpa:jar:3.4.2:compile (sources = false)[0m
2026.04.10 14:59:50 INFO  [INFO] Resolving artifact: org.springframework.boot:spring-boot-starter-data-jpa:jar:3.4.2:compile (sources = true)[0m
2026.04.10 14:59:50 INFO  Downloading from central: https://repo.maven.apache.org/maven2/org/springframework/boot/spring-boot-starter-data-jpa/3.4.2/spring-boot-starter-data-jpa-3.4.2-sources.jar[0m
2026.04.10 14:59:50 INFO  Progress (1): 4.8 kB[0m
2026.04.10 14:59:50 INFO                      [0m
2026.04.10 14:59:50 INFO  Downloaded from central: https://repo.maven.apache.org/maven2/org/springframework/boot/spring-boot-starter-data-jpa/3.4.2/spring-boot-starter-data-jpa-3.4.2-sources.jar (4.8 kB at 207 kB/s)[0m
2026.04.10 14:59:50 INFO  [INFO] SUCCESS: org.springframework.boot:spring-boot-starter-data-jpa:jar:3.4.2:compile (sources = true)[0m
2026.04.10 14:59:50 INFO  [INFO] Resolving artifact: org.yaml:snakeyaml:jar:2.3:compile (sources = false)[0m
2026.04.10 14:59:50 INFO  [INFO] SUCCESS: org.yaml:snakeyaml:jar:2.3:compile (sources = false)[0m
2026.04.10 14:59:50 INFO  [INFO] Resolving artifact: org.yaml:snakeyaml:jar:2.3:compile (sources = true)[0m
2026.04.10 14:59:50 INFO  Downloading from central: https://repo.maven.apache.org/maven2/org/yaml/snakeyaml/2.3/snakeyaml-2.3-sources.jar[0m
2026.04.10 14:59:50 INFO  Progress (1): 7.7/212 kB[0m
2026.04.10 14:59:50 INFO  Progress (1): 16/212 kB [0m
2026.04.10 14:59:50 INFO  Progress (1): 25/212 kB[0m
2026.04.10 14:59:50 INFO  Progress (1): 41/212 kB[0m
2026.04.10 14:59:50 INFO  Progress (1): 57/212 kB[0m
2026.04.10 14:59:50 INFO  Progress (1): 74/212 kB[0m
2026.04.10 14:59:50 INFO  Progress (1): 90/212 kB[0m
2026.04.10 14:59:50 INFO  Progress (1): 106/212 kB[0m
2026.04.10 14:59:50 INFO  Progress (1): 123/212 kB[0m
2026.04.10 14:59:50 INFO  Progress (1): 139/212 kB[0m
2026.04.10 14:59:50 INFO  Progress (1): 156/212 kB[0m
2026.04.10 14:59:50 INFO  Progress (1): 172/212 kB[0m
2026.04.10 14:59:50 INFO  Progress (1): 188/212 kB[0m
2026.04.10 14:59:50 INFO  Progress (1): 205/212 kB[0m
2026.04.10 14:59:50 INFO  Progress (1): 212 kB    [0m
2026.04.10 14:59:50 INFO                      [0m
2026.04.10 14:59:50 INFO  Downloaded from central: https://repo.maven.apache.org/maven2/org/yaml/snakeyaml/2.3/snakeyaml-2.3-sources.jar (212 kB at 7.6 MB/s)[0m
2026.04.10 14:59:50 INFO  [INFO] SUCCESS: org.yaml:snakeyaml:jar:2.3:compile (sources = true)[0m
2026.04.10 14:59:50 INFO  [INFO] Resolving artifact: junit:junit:jar:4.13.2:test (sources = false)[0m
2026.04.10 14:59:50 INFO  Downloading from central: https://repo.maven.apache.org/maven2/junit/junit/4.13.2/junit-4.13.2.jar[0m
2026.04.10 14:59:50 INFO  Progress (1): 7.7/385 kB[0m
2026.04.10 14:59:50 INFO  Progress (1): 16/385 kB [0m
2026.04.10 14:59:50 INFO  Progress (1): 32/385 kB[0m
2026.04.10 14:59:50 INFO  Progress (1): 49/385 kB[0m
2026.04.10 14:59:50 INFO  Progress (1): 65/385 kB[0m
2026.04.10 14:59:50 INFO  Progress (1): 81/385 kB[0m
2026.04.10 14:59:50 INFO  Progress (1): 98/385 kB[0m
2026.04.10 14:59:50 INFO  Progress (1): 114/385 kB[0m
2026.04.10 14:59:50 INFO  Progress (1): 131/385 kB[0m
2026.04.10 14:59:50 INFO  Progress (1): 147/385 kB[0m
2026.04.10 14:59:50 INFO  Progress (1): 163/385 kB[0m
2026.04.10 14:59:50 INFO  Progress (1): 180/385 kB[0m
2026.04.10 14:59:50 INFO  Progress (1): 196/385 kB[0m
2026.04.10 14:59:50 INFO  Progress (1): 213/385 kB[0m
2026.04.10 14:59:50 INFO  Progress (1): 229/385 kB[0m
2026.04.10 14:59:50 INFO  Progress (1): 245/385 kB[0m
2026.04.10 14:59:50 INFO  Progress (1): 262/385 kB[0m
2026.04.10 14:59:50 INFO  Progress (1): 278/385 kB[0m
2026.04.10 14:59:50 INFO  Progress (1): 294/385 kB[0m
2026.04.10 14:59:50 INFO  Progress (1): 311/385 kB[0m
2026.04.10 14:59:50 INFO  Progress (1): 327/385 kB[0m
2026.04.10 14:59:50 INFO  Progress (1): 344/385 kB[0m
2026.04.10 14:59:50 INFO  Progress (1): 360/385 kB[0m
2026.04.10 14:59:50 INFO  Progress (1): 376/385 kB[0m
2026.04.10 14:59:50 INFO  Progress (1): 385 kB    [0m
2026.04.10 14:59:50 INFO                      [0m
2026.04.10 14:59:50 INFO  Downloaded from central: https://repo.maven.apache.org/maven2/junit/junit/4.13.2/junit-4.13.2.jar (385 kB at 12 MB/s)[0m
2026.04.10 14:59:50 INFO  [INFO] SUCCESS: junit:junit:jar:4.13.2:test (sources = false)[0m
2026.04.10 14:59:50 INFO  [INFO] Resolving artifact: junit:junit:jar:4.13.2:test (sources = true)[0m
2026.04.10 14:59:50 INFO  Downloading from central: https://repo.maven.apache.org/maven2/junit/junit/4.13.2/junit-4.13.2-sources.jar[0m
2026.04.10 14:59:50 INFO  Progress (1): 7.7/235 kB[0m
2026.04.10 14:59:50 INFO  Progress (1): 16/235 kB [0m
2026.04.10 14:59:50 INFO  Progress (1): 24/235 kB[0m
2026.04.10 14:59:50 INFO  Progress (1): 40/235 kB[0m
2026.04.10 14:59:50 INFO  Progress (1): 57/235 kB[0m
2026.04.10 14:59:50 INFO  Progress (1): 73/235 kB[0m
2026.04.10 14:59:50 INFO  Progress (1): 90/235 kB[0m
2026.04.10 14:59:50 INFO  Progress (1): 106/235 kB[0m
2026.04.10 14:59:50 INFO  Progress (1): 122/235 kB[0m
2026.04.10 14:59:50 INFO  Progress (1): 139/235 kB[0m
2026.04.10 14:59:50 INFO  Progress (1): 155/235 kB[0m
2026.04.10 14:59:50 INFO  Progress (1): 172/235 kB[0m
2026.04.10 14:59:50 INFO  Progress (1): 188/235 kB[0m
2026.04.10 14:59:50 INFO  Progress (1): 204/235 kB[0m
2026.04.10 14:59:50 INFO  Progress (1): 221/235 kB[0m
2026.04.10 14:59:50 INFO  Progress (1): 235 kB    [0m
2026.04.10 14:59:50 INFO                      [0m
2026.04.10 14:59:50 INFO  Downloaded from central: https://repo.maven.apache.org/maven2/junit/junit/4.13.2/junit-4.13.2-sources.jar (235 kB at 7.1 MB/s)[0m
2026.04.10 14:59:50 INFO  [INFO] SUCCESS: junit:junit:jar:4.13.2:test (sources = true)[0m
2026.04.10 14:59:50 INFO  [INFO] Resolving artifact: org.assertj:assertj-core:jar:3.26.3:test (sources = false)[0m
2026.04.10 14:59:50 INFO  Downloading from central: https://repo.maven.apache.org/maven2/org/assertj/assertj-core/3.26.3/assertj-core-3.26.3.jar[0m
2026.04.10 14:59:50 INFO  Progress (1): 0/1.4 MB[0m
2026.04.10 14:59:50 INFO  Progress (1): 0/1.4 MB[0m
2026.04.10 14:59:50 INFO  Progress (1): 0/1.4 MB[0m
2026.04.10 14:59:50 INFO  Progress (1): 0/1.4 MB[0m
2026.04.10 14:59:50 INFO  Progress (1): 0.1/1.4 MB[0m
2026.04.10 14:59:50 INFO  Progress (1): 0.1/1.4 MB[0m
2026.04.10 14:59:50 INFO  Progress (1): 0.1/1.4 MB[0m
2026.04.10 14:59:50 INFO  Progress (1): 0.1/1.4 MB[0m
2026.04.10 14:59:50 INFO  Progress (1): 0.1/1.4 MB[0m
2026.04.10 14:59:50 INFO  Progress (1): 0.1/1.4 MB[0m
2026.04.10 14:59:50 INFO  Progress (1): 0.2/1.4 MB[0m
2026.04.10 14:59:50 INFO  Progress (1): 0.2/1.4 MB[0m
2026.04.10 14:59:50 INFO  Progress (1): 0.2/1.4 MB[0m
2026.04.10 14:59:50 INFO  Progress (1): 0.2/1.4 MB[0m
2026.04.10 14:59:50 INFO  Progress (1): 0.2/1.4 MB[0m
2026.04.10 14:59:50 INFO  Progress (1): 0.2/1.4 MB[0m
2026.04.10 14:59:50 INFO  Progress (1): 0.3/1.4 MB[0m
2026.04.10 14:59:50 INFO  Progress (1): 0.3/1.4 MB[0m
2026.04.10 14:59:50 INFO  Progress (1): 0.3/1.4 MB[0m
2026.04.10 14:59:50 INFO  Progress (1): 0.3/1.4 MB[0m
2026.04.10 14:59:50 INFO  Progress (1): 0.3/1.4 MB[0m
2026.04.10 14:59:50 INFO  Progress (1): 0.3/1.4 MB[0m
2026.04.10 14:59:50 INFO  Progress (1): 0.4/1.4 MB[0m
2026.04.10 14:59:50 INFO  Progress (1): 0.4/1.4 MB[0m
2026.04.10 14:59:50 INFO  Progress (1): 0.4/1.4 MB[0m
2026.04.10 14:59:50 INFO  Progress (1): 0.4/1.4 MB[0m
2026.04.10 14:59:50 INFO  Progress (1): 0.4/1.4 MB[0m
2026.04.10 14:59:50 INFO  Progress (1): 0.4/1.4 MB[0m
2026.04.10 14:59:50 INFO  Progress (1): 0.5/1.4 MB[0m
2026.04.10 14:59:50 INFO  Progress (1): 0.5/1.4 MB[0m
2026.04.10 14:59:50 INFO  Progress (1): 0.5/1.4 MB[0m
2026.04.10 14:59:50 INFO  Progress (1): 0.5/1.4 MB[0m
2026.04.10 14:59:50 INFO  Progress (1): 0.5/1.4 MB[0m
2026.04.10 14:59:50 INFO  Progress (1): 0.5/1.4 MB[0m
2026.04.10 14:59:50 INFO  Progress (1): 0.6/1.4 MB[0m
2026.04.10 14:59:50 INFO  Progress (1): 0.6/1.4 MB[0m
2026.04.10 14:59:50 INFO  Progress (1): 0.6/1.4 MB[0m
2026.04.10 14:59:50 INFO  Progress (1): 0.6/1.4 MB[0m
2026.04.10 14:59:50 INFO  Progress (1): 0.6/1.4 MB[0m
2026.04.10 14:59:50 INFO  Progress (1): 0.6/1.4 MB[0m
2026.04.10 14:59:50 INFO  Progress (1): 0.7/1.4 MB[0m
2026.04.10 14:59:50 INFO  Progress (1): 0.7/1.4 MB[0m
2026.04.10 14:59:50 INFO  Progress (1): 0.7/1.4 MB[0m
2026.04.10 14:59:50 INFO  Progress (1): 0.7/1.4 MB[0m
2026.04.10 14:59:50 INFO  Progress (1): 0.7/1.4 MB[0m
2026.04.10 14:59:50 INFO  Progress (1): 0.7/1.4 MB[0m
2026.04.10 14:59:50 INFO  Progress (1): 0.8/1.4 MB[0m
2026.04.10 14:59:50 INFO  Progress (1): 0.8/1.4 MB[0m
2026.04.10 14:59:50 INFO  Progress (1): 0.8/1.4 MB[0m
2026.04.10 14:59:50 INFO  Progress (1): 0.8/1.4 MB[0m
2026.04.10 14:59:50 INFO  Progress (1): 0.8/1.4 MB[0m
2026.04.10 14:59:50 INFO  Progress (1): 0.8/1.4 MB[0m
2026.04.10 14:59:50 INFO  Progress (1): 0.9/1.4 MB[0m
2026.04.10 14:59:50 INFO  Progress (1): 0.9/1.4 MB[0m
2026.04.10 14:59:50 INFO  Progress (1): 0.9/1.4 MB[0m
2026.04.10 14:59:50 INFO  Progress (1): 0.9/1.4 MB[0m
2026.04.10 14:59:50 INFO  Progress (1): 0.9/1.4 MB[0m
2026.04.10 14:59:50 INFO  Progress (1): 0.9/1.4 MB[0m
2026.04.10 14:59:50 INFO  Progress (1): 0.9/1.4 MB[0m
2026.04.10 14:59:50 INFO  Progress (1): 1.0/1.4 MB[0m
2026.04.10 14:59:50 INFO  Progress (1): 1.0/1.4 MB[0m
2026.04.10 14:59:50 INFO  Progress (1): 1.0/1.4 MB[0m
2026.04.10 14:59:50 INFO  Progress (1): 1.0/1.4 MB[0m
2026.04.10 14:59:50 INFO  Progress (1): 1.0/1.4 MB[0m
2026.04.10 14:59:50 INFO  Progress (1): 1.0/1.4 MB[0m
2026.04.10 14:59:50 INFO  Progress (1): 1.1/1.4 MB[0m
2026.04.10 14:59:50 INFO  Progress (1): 1.1/1.4 MB[0m
2026.04.10 14:59:50 INFO  Progress (1): 1.1/1.4 MB[0m
2026.04.10 14:59:50 INFO  Progress (1): 1.1/1.4 MB[0m
2026.04.10 14:59:50 INFO  Progress (1): 1.1/1.4 MB[0m
2026.04.10 14:59:50 INFO  Progress (1): 1.1/1.4 MB[0m
2026.04.10 14:59:50 INFO  Progress (1): 1.2/1.4 MB[0m
2026.04.10 14:59:50 INFO  Progress (1): 1.2/1.4 MB[0m
2026.04.10 14:59:50 INFO  Progress (1): 1.2/1.4 MB[0m
2026.04.10 14:59:50 INFO  Progress (1): 1.2/1.4 MB[0m
2026.04.10 14:59:50 INFO  Progress (1): 1.2/1.4 MB[0m
2026.04.10 14:59:50 INFO  Progress (1): 1.2/1.4 MB[0m
2026.04.10 14:59:50 INFO  Progress (1): 1.3/1.4 MB[0m
2026.04.10 14:59:50 INFO  Progress (1): 1.3/1.4 MB[0m
2026.04.10 14:59:50 INFO  Progress (1): 1.3/1.4 MB[0m
2026.04.10 14:59:50 INFO  Progress (1): 1.3/1.4 MB[0m
2026.04.10 14:59:50 INFO  Progress (1): 1.3/1.4 MB[0m
2026.04.10 14:59:50 INFO  Progress (1): 1.3/1.4 MB[0m
2026.04.10 14:59:50 INFO  Progress (1): 1.4/1.4 MB[0m
2026.04.10 14:59:50 INFO  Progress (1): 1.4/1.4 MB[0m
2026.04.10 14:59:50 INFO  Progress (1): 1.4 MB    [0m
2026.04.10 14:59:50 INFO                      [0m
2026.04.10 14:59:50 INFO  Downloaded from central: https://repo.maven.apache.org/maven2/org/assertj/assertj-core/3.26.3/assertj-core-3.26.3.jar (1.4 MB at 15 MB/s)[0m
2026.04.10 14:59:50 INFO  [INFO] SUCCESS: org.assertj:assertj-core:jar:3.26.3:test (sources = false)[0m
2026.04.10 14:59:50 INFO  [INFO] Resolving artifact: org.assertj:assertj-core:jar:3.26.3:test (sources = true)[0m
2026.04.10 14:59:50 INFO  Downloading from central: https://repo.maven.apache.org/maven2/org/assertj/assertj-core/3.26.3/assertj-core-3.26.3-sources.jar[0m
2026.04.10 14:59:50 INFO  Progress (1): 0/1.4 MB[0m
2026.04.10 14:59:50 INFO  Progress (1): 0/1.4 MB[0m
2026.04.10 14:59:50 INFO  Progress (1): 0/1.4 MB[0m
2026.04.10 14:59:50 INFO  Progress (1): 0/1.4 MB[0m
2026.04.10 14:59:50 INFO  Progress (1): 0.1/1.4 MB[0m
2026.04.10 14:59:50 INFO  Progress (1): 0.1/1.4 MB[0m
2026.04.10 14:59:50 INFO  Progress (1): 0.1/1.4 MB[0m
2026.04.10 14:59:50 INFO  Progress (1): 0.1/1.4 MB[0m
2026.04.10 14:59:50 INFO  Progress (1): 0.1/1.4 MB[0m
2026.04.10 14:59:50 INFO  Progress (1): 0.1/1.4 MB[0m
2026.04.10 14:59:50 INFO  Progress (1): 0.1/1.4 MB[0m
2026.04.10 14:59:50 INFO  Progress (1): 0.2/1.4 MB[0m
2026.04.10 14:59:50 INFO  Progress (1): 0.2/1.4 MB[0m
2026.04.10 14:59:50 INFO  Progress (1): 0.2/1.4 MB[0m
2026.04.10 14:59:50 INFO  Progress (1): 0.2/1.4 MB[0m
2026.04.10 14:59:50 INFO  Progress (1): 0.2/1.4 MB[0m
2026.04.10 14:59:50 INFO  Progress (1): 0.2/1.4 MB[0m
2026.04.10 14:59:50 INFO  Progress (1): 0.3/1.4 MB[0m
2026.04.10 14:59:50 INFO  Progress (1): 0.3/1.4 MB[0m
2026.04.10 14:59:50 INFO  Progress (1): 0.3/1.4 MB[0m
2026.04.10 14:59:50 INFO  Progress (1): 0.3/1.4 MB[0m
2026.04.10 14:59:50 INFO  Progress (1): 0.3/1.4 MB[0m
2026.04.10 14:59:50 INFO  Progress (1): 0.3/1.4 MB[0m
2026.04.10 14:59:50 INFO  Progress (1): 0.4/1.4 MB[0m
2026.04.10 14:59:50 INFO  Progress (1): 0.4/1.4 MB[0m
2026.04.10 14:59:50 INFO  Progress (1): 0.4/1.4 MB[0m
2026.04.10 14:59:50 INFO  Progress (1): 0.4/1.4 MB[0m
2026.04.10 14:59:50 INFO  Progress (1): 0.4/1.4 MB[0m
2026.04.10 14:59:50 INFO  Progress (1): 0.4/1.4 MB[0m
2026.04.10 14:59:50 INFO  Progress (1): 0.5/1.4 MB[0m
2026.04.10 14:59:50 INFO  Progress (1): 0.5/1.4 MB[0m
2026.04.10 14:59:50 INFO  Progress (1): 0.5/1.4 MB[0m
2026.04.10 14:59:50 INFO  Progress (1): 0.5/1.4 MB[0m
2026.04.10 14:59:50 INFO  Progress (1): 0.5/1.4 MB[0m
2026.04.10 14:59:50 INFO  Progress (1): 0.5/1.4 MB[0m
2026.04.10 14:59:50 INFO  Progress (1): 0.6/1.4 MB[0m
2026.04.10 14:59:50 INFO  Progress (1): 0.6/1.4 MB[0m
2026.04.10 14:59:50 INFO  Progress (1): 0.6/1.4 MB[0m
2026.04.10 14:59:50 INFO  Progress (1): 0.6/1.4 MB[0m
2026.04.10 14:59:50 INFO  Progress (1): 0.6/1.4 MB[0m
2026.04.10 14:59:50 INFO  Progress (1): 0.6/1.4 MB[0m
2026.04.10 14:59:50 INFO  Progress (1): 0.7/1.4 MB[0m
2026.04.10 14:59:50 INFO  Progress (1): 0.7/1.4 MB[0m
2026.04.10 14:59:50 INFO  Progress (1): 0.7/1.4 MB[0m
2026.04.10 14:59:50 INFO  Progress (1): 0.7/1.4 MB[0m
2026.04.10 14:59:50 INFO  Progress (1): 0.7/1.4 MB[0m
2026.04.10 14:59:50 INFO  Progress (1): 0.7/1.4 MB[0m
2026.04.10 14:59:50 INFO  Progress (1): 0.8/1.4 MB[0m
2026.04.10 14:59:50 INFO  Progress (1): 0.8/1.4 MB[0m
2026.04.10 14:59:50 INFO  Progress (1): 0.8/1.4 MB[0m
2026.04.10 14:59:50 INFO  Progress (1): 0.8/1.4 MB[0m
2026.04.10 14:59:50 INFO  Progress (1): 0.8/1.4 MB[0m
2026.04.10 14:59:50 INFO  Progress (1): 0.8/1.4 MB[0m
2026.04.10 14:59:50 INFO  Progress (1): 0.8/1.4 MB[0m
2026.04.10 14:59:50 INFO  Progress (1): 0.9/1.4 MB[0m
2026.04.10 14:59:50 INFO  Progress (1): 0.9/1.4 MB[0m
2026.04.10 14:59:50 INFO  Progress (1): 0.9/1.4 MB[0m
2026.04.10 14:59:50 INFO  Progress (1): 0.9/1.4 MB[0m
2026.04.10 14:59:50 INFO  Progress (1): 0.9/1.4 MB[0m
2026.04.10 14:59:50 INFO  Progress (1): 0.9/1.4 MB[0m
2026.04.10 14:59:50 INFO  Progress (1): 1.0/1.4 MB[0m
2026.04.10 14:59:50 INFO  Progress (1): 1.0/1.4 MB[0m
2026.04.10 14:59:50 INFO  Progress (1): 1.0/1.4 MB[0m
2026.04.10 14:59:50 INFO  Progress (1): 1.0/1.4 MB[0m
2026.04.10 14:59:50 INFO  Progress (1): 1.0/1.4 MB[0m
2026.04.10 14:59:50 INFO  Progress (1): 1.0/1.4 MB[0m
2026.04.10 14:59:50 INFO  Progress (1): 1.0/1.4 MB[0m
2026.04.10 14:59:50 INFO  Progress (1): 1.1/1.4 MB[0m
2026.04.10 14:59:50 INFO  Progress (1): 1.1/1.4 MB[0m
2026.04.10 14:59:50 INFO  Progress (1): 1.1/1.4 MB[0m
2026.04.10 14:59:50 INFO  Progress (1): 1.1/1.4 MB[0m
2026.04.10 14:59:50 INFO  Progress (1): 1.1/1.4 MB[0m
2026.04.10 14:59:50 INFO  Progress (1): 1.1/1.4 MB[0m
2026.04.10 14:59:50 INFO  Progress (1): 1.1/1.4 MB[0m
2026.04.10 14:59:50 INFO  Progress (1): 1.2/1.4 MB[0m
2026.04.10 14:59:50 INFO  Progress (1): 1.2/1.4 MB[0m
2026.04.10 14:59:50 INFO  Progress (1): 1.2/1.4 MB[0m
2026.04.10 14:59:50 INFO  Progress (1): 1.2/1.4 MB[0m
2026.04.10 14:59:50 INFO  Progress (1): 1.2/1.4 MB[0m
2026.04.10 14:59:50 INFO  Progress (1): 1.2/1.4 MB[0m
2026.04.10 14:59:50 INFO  Progress (1): 1.3/1.4 MB[0m
2026.04.10 14:59:50 INFO  Progress (1): 1.3/1.4 MB[0m
2026.04.10 14:59:50 INFO  Progress (1): 1.3/1.4 MB[0m
2026.04.10 14:59:50 INFO  Progress (1): 1.3/1.4 MB[0m
2026.04.10 14:59:50 INFO  Progress (1): 1.3/1.4 MB[0m
2026.04.10 14:59:50 INFO  Progress (1): 1.3/1.4 MB[0m
2026.04.10 14:59:50 INFO  Progress (1): 1.4/1.4 MB[0m
2026.04.10 14:59:50 INFO  Progress (1): 1.4/1.4 MB[0m
2026.04.10 14:59:50 INFO  Progress (1): 1.4/1.4 MB[0m
2026.04.10 14:59:50 INFO  Progress (1): 1.4/1.4 MB[0m
2026.04.10 14:59:50 INFO  Progress (1): 1.4/1.4 MB[0m
2026.04.10 14:59:50 INFO  Progress (1): 1.4/1.4 MB[0m
2026.04.10 14:59:50 INFO  Progress (1): 1.4 MB    [0m
2026.04.10 14:59:50 INFO                      [0m
2026.04.10 14:59:50 INFO  Downloaded from central: https://repo.maven.apache.org/maven2/org/assertj/assertj-core/3.26.3/assertj-core-3.26.3-sources.jar (1.4 MB at 16 MB/s)[0m
2026.04.10 14:59:50 INFO  [INFO] SUCCESS: org.assertj:assertj-core:jar:3.26.3:test (sources = true)[0m
2026.04.10 14:59:50 INFO  [INFO] Resolving artifact: org.springframework.boot:spring-boot-starter-test:jar:3.4.2:test (sources = false)[0m
2026.04.10 14:59:50 INFO  Downloading from central: https://repo.maven.apache.org/maven2/org/springframework/boot/spring-boot-starter-test/3.4.2/spring-boot-starter-test-3.4.2.jar[0m
2026.04.10 14:59:50 INFO  Progress (1): 4.8 kB[0m
2026.04.10 14:59:50 INFO                      [0m
2026.04.10 14:59:50 INFO  Downloaded from central: https://repo.maven.apache.org/maven2/org/springframework/boot/spring-boot-starter-test/3.4.2/spring-boot-starter-test-3.4.2.jar (4.8 kB at 200 kB/s)[0m
2026.04.10 14:59:50 INFO  [INFO] SUCCESS: org.springframework.boot:spring-boot-starter-test:jar:3.4.2:test (sources = false)[0m
2026.04.10 14:59:50 INFO  [INFO] Resolving artifact: org.springframework.boot:spring-boot-starter-test:jar:3.4.2:test (sources = true)[0m
2026.04.10 14:59:50 INFO  Downloading from central: https://repo.maven.apache.org/maven2/org/springframework/boot/spring-boot-starter-test/3.4.2/spring-boot-starter-test-3.4.2-sources.jar[0m
2026.04.10 14:59:50 INFO  Progress (1): 4.8 kB[0m
2026.04.10 14:59:50 INFO                      [0m
2026.04.10 14:59:50 INFO  Downloaded from central: https://repo.maven.apache.org/maven2/org/springframework/boot/spring-boot-starter-test/3.4.2/spring-boot-starter-test-3.4.2-sources.jar (4.8 kB at 208 kB/s)[0m
2026.04.10 14:59:50 INFO  [INFO] SUCCESS: org.springframework.boot:spring-boot-starter-test:jar:3.4.2:test (sources = true)[0m
2026.04.10 14:59:50 INFO  [INFO] Resolving artifact: jakarta.persistence:jakarta.persistence-api:jar:3.1.0:compile (sources = false)[0m
2026.04.10 14:59:50 INFO  [INFO] SUCCESS: jakarta.persistence:jakarta.persistence-api:jar:3.1.0:compile (sources = false)[0m
2026.04.10 14:59:50 INFO  [INFO] Resolving artifact: jakarta.persistence:jakarta.persistence-api:jar:3.1.0:compile (sources = true)[0m
2026.04.10 14:59:50 INFO  Downloading from central: https://repo.maven.apache.org/maven2/jakarta/persistence/jakarta.persistence-api/3.1.0/jakarta.persistence-api-3.1.0-sources.jar[0m
2026.04.10 14:59:50 INFO  Progress (1): 7.7/262 kB[0m
2026.04.10 14:59:50 INFO  Progress (1): 16/262 kB [0m
2026.04.10 14:59:50 INFO  Progress (1): 25/262 kB[0m
2026.04.10 14:59:50 INFO  Progress (1): 41/262 kB[0m
2026.04.10 14:59:50 INFO  Progress (1): 57/262 kB[0m
2026.04.10 14:59:50 INFO  Progress (1): 74/262 kB[0m
2026.04.10 14:59:50 INFO  Progress (1): 90/262 kB[0m
2026.04.10 14:59:50 INFO  Progress (1): 106/262 kB[0m
2026.04.10 14:59:50 INFO  Progress (1): 115/262 kB[0m
2026.04.10 14:59:50 INFO  Progress (1): 131/262 kB[0m
2026.04.10 14:59:50 INFO  Progress (1): 147/262 kB[0m
2026.04.10 14:59:50 INFO  Progress (1): 164/262 kB[0m
2026.04.10 14:59:50 INFO  Progress (1): 180/262 kB[0m
2026.04.10 14:59:50 INFO  Progress (1): 197/262 kB[0m
2026.04.10 14:59:50 INFO  Progress (1): 213/262 kB[0m
2026.04.10 14:59:50 INFO  Progress (1): 229/262 kB[0m
2026.04.10 14:59:50 INFO  Progress (1): 246/262 kB[0m
2026.04.10 14:59:50 INFO  Progress (1): 262/262 kB[0m
2026.04.10 14:59:50 INFO  Progress (1): 262 kB    [0m
2026.04.10 14:59:50 INFO                      [0m
2026.04.10 14:59:50 INFO  Downloaded from central: https://repo.maven.apache.org/maven2/jakarta/persistence/jakarta.persistence-api/3.1.0/jakarta.persistence-api-3.1.0-sources.jar (262 kB at 7.9 MB/s)[0m
2026.04.10 14:59:50 INFO  [INFO] SUCCESS: jakarta.persistence:jakarta.persistence-api:jar:3.1.0:compile (sources = true)[0m
2026.04.10 14:59:50 INFO  [INFO] Resolving artifact: jakarta.activation:jakarta.activation-api:jar:2.1.3:runtime (sources = false)[0m
2026.04.10 14:59:50 INFO  [INFO] SUCCESS: jakarta.activation:jakarta.activation-api:jar:2.1.3:runtime (sources = false)[0m
2026.04.10 14:59:50 INFO  [INFO] Resolving artifact: jakarta.activation:jakarta.activation-api:jar:2.1.3:runtime (sources = true)[0m
2026.04.10 14:59:50 INFO  Downloading from central: https://repo.maven.apache.org/maven2/jakarta/activation/jakarta.activation-api/2.1.3/jakarta.activation-api-2.1.3-sources.jar[0m
2026.04.10 14:59:50 INFO  Progress (1): 7.7/59 kB[0m
2026.04.10 14:59:50 INFO  Progress (1): 12/59 kB [0m
2026.04.10 14:59:50 INFO  Progress (1): 28/59 kB[0m
2026.04.10 14:59:50 INFO  Progress (1): 44/59 kB[0m
2026.04.10 14:59:50 INFO  Progress (1): 59 kB   [0m
2026.04.10 14:59:50 INFO                     [0m
2026.04.10 14:59:50 INFO  Downloaded from central: https://repo.maven.apache.org/maven2/jakarta/activation/jakarta.activation-api/2.1.3/jakarta.activation-api-2.1.3-sources.jar (59 kB at 2.3 MB/s)[0m
2026.04.10 14:59:50 INFO  [INFO] SUCCESS: jakarta.activation:jakarta.activation-api:jar:2.1.3:runtime (sources = true)[0m
2026.04.10 14:59:50 INFO  [INFO] Resolving artifact: org.skyscreamer:jsonassert:jar:1.5.3:test (sources = false)[0m
2026.04.10 14:59:50 INFO  [INFO] SUCCESS: org.skyscreamer:jsonassert:jar:1.5.3:test (sources = false)[0m
2026.04.10 14:59:50 INFO  [INFO] Resolving artifact: org.skyscreamer:jsonassert:jar:1.5.3:test (sources = true)[0m
2026.04.10 14:59:50 INFO  Downloading from central: https://repo.maven.apache.org/maven2/org/skyscreamer/jsonassert/1.5.3/jsonassert-1.5.3-sources.jar[0m
2026.04.10 14:59:50 INFO  Progress (1): 7.7/30 kB[0m
2026.04.10 14:59:50 INFO  Progress (1): 16/30 kB [0m
2026.04.10 14:59:50 INFO  Progress (1): 25/30 kB[0m
2026.04.10 14:59:50 INFO  Progress (1): 30 kB   [0m
2026.04.10 14:59:50 INFO                     [0m
2026.04.10 14:59:50 INFO  Downloaded from central: https://repo.maven.apache.org/maven2/org/skyscreamer/jsonassert/1.5.3/jsonassert-1.5.3-sources.jar (30 kB at 671 kB/s)[0m
2026.04.10 14:59:50 INFO  [INFO] SUCCESS: org.skyscreamer:jsonassert:jar:1.5.3:test (sources = true)[0m
2026.04.10 14:59:50 INFO  [INFO] Resolving artifact: com.fasterxml.jackson.datatype:jackson-datatype-jsr310:jar:2.18.2:compile (sources = false)[0m
2026.04.10 14:59:50 INFO  [INFO] SUCCESS: com.fasterxml.jackson.datatype:jackson-datatype-jsr310:jar:2.18.2:compile (sources = false)[0m
2026.04.10 14:59:50 INFO  [INFO] Resolving artifact: com.fasterxml.jackson.datatype:jackson-datatype-jsr310:jar:2.18.2:compile (sources = true)[0m
2026.04.10 14:59:50 INFO  Downloading from central: https://repo.maven.apache.org/maven2/com/fasterxml/jackson/datatype/jackson-datatype-jsr310/2.18.2/jackson-datatype-jsr310-2.18.2-sources.jar[0m
2026.04.10 14:59:51 INFO  Progress (1): 7.7/90 kB[0m
2026.04.10 14:59:51 INFO  Progress (1): 7.7/90 kB[0m
2026.04.10 14:59:51 INFO  Progress (1): 24/90 kB [0m
2026.04.10 14:59:51 INFO  Progress (1): 40/90 kB[0m
2026.04.10 14:59:51 INFO  Progress (1): 57/90 kB[0m
2026.04.10 14:59:51 INFO  Progress (1): 73/90 kB[0m
2026.04.10 14:59:51 INFO  Progress (1): 90/90 kB[0m
2026.04.10 14:59:51 INFO  Progress (1): 90 kB   [0m
2026.04.10 14:59:51 INFO                     [0m
2026.04.10 14:59:51 INFO  Downloaded from central: https://repo.maven.apache.org/maven2/com/fasterxml/jackson/datatype/jackson-datatype-jsr310/2.18.2/jackson-datatype-jsr310-2.18.2-sources.jar (90 kB at 3.1 MB/s)[0m
2026.04.10 14:59:51 INFO  [INFO] SUCCESS: com.fasterxml.jackson.datatype:jackson-datatype-jsr310:jar:2.18.2:compile (sources = true)[0m
2026.04.10 14:59:51 INFO  [INFO] Resolving artifact: org.junit.jupiter:junit-jupiter-params:jar:5.11.4:test (sources = false)[0m
2026.04.10 14:59:51 INFO  Downloading from central: https://repo.maven.apache.org/maven2/org/junit/jupiter/junit-jupiter-params/5.11.4/junit-jupiter-params-5.11.4.jar[0m
2026.04.10 14:59:51 INFO  Progress (1): 7.7/592 kB[0m
2026.04.10 14:59:51 INFO  Progress (1): 16/592 kB [0m
2026.04.10 14:59:51 INFO  Progress (1): 32/592 kB[0m
2026.04.10 14:59:51 INFO  Progress (1): 48/592 kB[0m
2026.04.10 14:59:51 INFO  Progress (1): 65/592 kB[0m
2026.04.10 14:59:51 INFO  Progress (1): 81/592 kB[0m
2026.04.10 14:59:51 INFO  Progress (1): 98/592 kB[0m
2026.04.10 14:59:51 INFO  Progress (1): 114/592 kB[0m
2026.04.10 14:59:51 INFO  Progress (1): 130/592 kB[0m
2026.04.10 14:59:51 INFO  Progress (1): 147/592 kB[0m
2026.04.10 14:59:51 INFO  Progress (1): 163/592 kB[0m
2026.04.10 14:59:51 INFO  Progress (1): 179/592 kB[0m
2026.04.10 14:59:51 INFO  Progress (1): 196/592 kB[0m
2026.04.10 14:59:51 INFO  Progress (1): 212/592 kB[0m
2026.04.10 14:59:51 INFO  Progress (1): 229/592 kB[0m
2026.04.10 14:59:51 INFO  Progress (1): 245/592 kB[0m
2026.04.10 14:59:51 INFO  Progress (1): 261/592 kB[0m
2026.04.10 14:59:51 INFO  Progress (1): 278/592 kB[0m
2026.04.10 14:59:51 INFO  Progress (1): 294/592 kB[0m
2026.04.10 14:59:51 INFO  Progress (1): 311/592 kB[0m
2026.04.10 14:59:51 INFO  Progress (1): 327/592 kB[0m
2026.04.10 14:59:51 INFO  Progress (1): 343/592 kB[0m
2026.04.10 14:59:51 INFO  Progress (1): 360/592 kB[0m
2026.04.10 14:59:51 INFO  Progress (1): 376/592 kB[0m
2026.04.10 14:59:51 INFO  Progress (1): 392/592 kB[0m
2026.04.10 14:59:51 INFO  Progress (1): 393/592 kB[0m
2026.04.10 14:59:51 INFO  Progress (1): 410/592 kB[0m
2026.04.10 14:59:51 INFO  Progress (1): 426/592 kB[0m
2026.04.10 14:59:51 INFO  Progress (1): 442/592 kB[0m
2026.04.10 14:59:51 INFO  Progress (1): 459/592 kB[0m
2026.04.10 14:59:51 INFO  Progress (1): 475/592 kB[0m
2026.04.10 14:59:51 INFO  Progress (1): 492/592 kB[0m
2026.04.10 14:59:51 INFO  Progress (1): 508/592 kB[0m
2026.04.10 14:59:51 INFO  Progress (1): 524/592 kB[0m
2026.04.10 14:59:51 INFO  Progress (1): 541/592 kB[0m
2026.04.10 14:59:51 INFO  Progress (1): 557/592 kB[0m
2026.04.10 14:59:51 INFO  Progress (1): 573/592 kB[0m
2026.04.10 14:59:51 INFO  Progress (1): 590/592 kB[0m
2026.04.10 14:59:51 INFO  Progress (1): 592 kB    [0m
2026.04.10 14:59:51 INFO                      [0m
2026.04.10 14:59:51 INFO  Downloaded from central: https://repo.maven.apache.org/maven2/org/junit/jupiter/junit-jupiter-params/5.11.4/junit-jupiter-params-5.11.4.jar (592 kB at 2.2 MB/s)[0m
2026.04.10 14:59:51 INFO  [INFO] SUCCESS: org.junit.jupiter:junit-jupiter-params:jar:5.11.4:test (sources = false)[0m
2026.04.10 14:59:51 INFO  [INFO] Resolving artifact: org.junit.jupiter:junit-jupiter-params:jar:5.11.4:test (sources = true)[0m
2026.04.10 14:59:51 INFO  Downloading from central: https://repo.maven.apache.org/maven2/org/junit/jupiter/junit-jupiter-params/5.11.4/junit-jupiter-params-5.11.4-sources.jar[0m
2026.04.10 14:59:51 INFO  Progress (1): 7.7/87 kB[0m
2026.04.10 14:59:51 INFO  Progress (1): 16/87 kB [0m
2026.04.10 14:59:51 INFO  Progress (1): 24/87 kB[0m
2026.04.10 14:59:51 INFO  Progress (1): 33/87 kB[0m
2026.04.10 14:59:51 INFO  Progress (1): 49/87 kB[0m
2026.04.10 14:59:51 INFO  Progress (1): 66/87 kB[0m
2026.04.10 14:59:51 INFO  Progress (1): 82/87 kB[0m
2026.04.10 14:59:51 INFO  Progress (1): 87 kB   [0m
2026.04.10 14:59:51 INFO                     [0m
2026.04.10 14:59:51 INFO  Downloaded from central: https://repo.maven.apache.org/maven2/org/junit/jupiter/junit-jupiter-params/5.11.4/junit-jupiter-params-5.11.4-sources.jar (87 kB at 3.2 MB/s)[0m
2026.04.10 14:59:51 INFO  [INFO] SUCCESS: org.junit.jupiter:junit-jupiter-params:jar:5.11.4:test (sources = true)[0m
2026.04.10 14:59:51 INFO  [INFO] Resolving artifact: org.springframework.boot:spring-boot-test:jar:3.4.2:test (sources = false)[0m
2026.04.10 14:59:51 INFO  Downloading from central: https://repo.maven.apache.org/maven2/org/springframework/boot/spring-boot-test/3.4.2/spring-boot-test-3.4.2.jar[0m
2026.04.10 14:59:51 INFO  Progress (1): 7.7/253 kB[0m
2026.04.10 14:59:51 INFO  Progress (1): 12/253 kB [0m
2026.04.10 14:59:51 INFO  Progress (1): 29/253 kB[0m
2026.04.10 14:59:51 INFO  Progress (1): 45/253 kB[0m
2026.04.10 14:59:51 INFO  Progress (1): 61/253 kB[0m
2026.04.10 14:59:51 INFO  Progress (1): 78/253 kB[0m
2026.04.10 14:59:51 INFO  Progress (1): 94/253 kB[0m
2026.04.10 14:59:51 INFO  Progress (1): 111/253 kB[0m
2026.04.10 14:59:51 INFO  Progress (1): 127/253 kB[0m
2026.04.10 14:59:51 INFO  Progress (1): 143/253 kB[0m
2026.04.10 14:59:51 INFO  Progress (1): 160/253 kB[0m
2026.04.10 14:59:51 INFO  Progress (1): 176/253 kB[0m
2026.04.10 14:59:51 INFO  Progress (1): 193/253 kB[0m
2026.04.10 14:59:51 INFO  Progress (1): 209/253 kB[0m
2026.04.10 14:59:51 INFO  Progress (1): 225/253 kB[0m
2026.04.10 14:59:51 INFO  Progress (1): 242/253 kB[0m
2026.04.10 14:59:51 INFO  Progress (1): 253 kB    [0m
2026.04.10 14:59:51 INFO                      [0m
2026.04.10 14:59:51 INFO  Downloaded from central: https://repo.maven.apache.org/maven2/org/springframework/boot/spring-boot-test/3.4.2/spring-boot-test-3.4.2.jar (253 kB at 6.7 MB/s)[0m
2026.04.10 14:59:51 INFO  [INFO] SUCCESS: org.springframework.boot:spring-boot-test:jar:3.4.2:test (sources = false)[0m
2026.04.10 14:59:51 INFO  [INFO] Resolving artifact: org.springframework.boot:spring-boot-test:jar:3.4.2:test (sources = true)[0m
2026.04.10 14:59:51 INFO  Downloading from central: https://repo.maven.apache.org/maven2/org/springframework/boot/spring-boot-test/3.4.2/spring-boot-test-3.4.2-sources.jar[0m
2026.04.10 14:59:51 INFO  Progress (1): 7.7/175 kB[0m
2026.04.10 14:59:51 INFO  Progress (1): 8.2/175 kB[0m
2026.04.10 14:59:51 INFO  Progress (1): 25/175 kB [0m
2026.04.10 14:59:51 INFO  Progress (1): 41/175 kB[0m
2026.04.10 14:59:51 INFO  Progress (1): 57/175 kB[0m
2026.04.10 14:59:51 INFO  Progress (1): 66/175 kB[0m
2026.04.10 14:59:51 INFO  Progress (1): 82/175 kB[0m
2026.04.10 14:59:51 INFO  Progress (1): 98/175 kB[0m
2026.04.10 14:59:51 INFO  Progress (1): 115/175 kB[0m
2026.04.10 14:59:51 INFO  Progress (1): 131/175 kB[0m
2026.04.10 14:59:51 INFO  Progress (1): 147/175 kB[0m
2026.04.10 14:59:51 INFO  Progress (1): 164/175 kB[0m
2026.04.10 14:59:51 INFO  Progress (1): 175 kB    [0m
2026.04.10 14:59:51 INFO                      [0m
2026.04.10 14:59:51 INFO  Downloaded from central: https://repo.maven.apache.org/maven2/org/springframework/boot/spring-boot-test/3.4.2/spring-boot-test-3.4.2-sources.jar (175 kB at 5.6 MB/s)[0m
2026.04.10 14:59:51 INFO  [INFO] SUCCESS: org.springframework.boot:spring-boot-test:jar:3.4.2:test (sources = true)[0m
2026.04.10 14:59:51 INFO  [INFO] Resolving artifact: org.springframework.boot:spring-boot-starter-tomcat:jar:3.4.2:compile (sources = false)[0m
2026.04.10 14:59:51 INFO  [INFO] SUCCESS: org.springframework.boot:spring-boot-starter-tomcat:jar:3.4.2:compile (sources = false)[0m
2026.04.10 14:59:51 INFO  [INFO] Resolving artifact: org.springframework.boot:spring-boot-starter-tomcat:jar:3.4.2:compile (sources = true)[0m
2026.04.10 14:59:51 INFO  Downloading from central: https://repo.maven.apache.org/maven2/org/springframework/boot/spring-boot-starter-tomcat/3.4.2/spring-boot-starter-tomcat-3.4.2-sources.jar[0m
2026.04.10 14:59:51 INFO  Progress (1): 4.8 kB[0m
2026.04.10 14:59:51 INFO                      [0m
2026.04.10 14:59:51 INFO  Downloaded from central: https://repo.maven.apache.org/maven2/org/springframework/boot/spring-boot-starter-tomcat/3.4.2/spring-boot-starter-tomcat-3.4.2-sources.jar (4.8 kB at 165 kB/s)[0m
2026.04.10 14:59:51 INFO  [INFO] SUCCESS: org.springframework.boot:spring-boot-starter-tomcat:jar:3.4.2:compile (sources = true)[0m
2026.04.10 14:59:51 INFO  [INFO] Resolving artifact: jakarta.validation:jakarta.validation-api:jar:3.0.2:compile (sources = false)[0m
2026.04.10 14:59:51 INFO  [INFO] SUCCESS: jakarta.validation:jakarta.validation-api:jar:3.0.2:compile (sources = false)[0m
2026.04.10 14:59:51 INFO  [INFO] Resolving artifact: jakarta.validation:jakarta.validation-api:jar:3.0.2:compile (sources = true)[0m
2026.04.10 14:59:51 INFO  Downloading from central: https://repo.maven.apache.org/maven2/jakarta/validation/jakarta.validation-api/3.0.2/jakarta.validation-api-3.0.2-sources.jar[0m
2026.04.10 14:59:51 INFO  Progress (1): 7.7/98 kB[0m
2026.04.10 14:59:51 INFO  Progress (1): 12/98 kB [0m
2026.04.10 14:59:51 INFO  Progress (1): 28/98 kB[0m
2026.04.10 14:59:51 INFO  Progress (1): 44/98 kB[0m
2026.04.10 14:59:51 INFO  Progress (1): 61/98 kB[0m
2026.04.10 14:59:51 INFO  Progress (1): 77/98 kB[0m
2026.04.10 14:59:51 INFO  Progress (1): 93/98 kB[0m
2026.04.10 14:59:51 INFO  Progress (1): 98 kB   [0m
2026.04.10 14:59:51 INFO                     [0m
2026.04.10 14:59:51 INFO  Downloaded from central: https://repo.maven.apache.org/maven2/jakarta/validation/jakarta.validation-api/3.0.2/jakarta.validation-api-3.0.2-sources.jar (98 kB at 3.4 MB/s)[0m
2026.04.10 14:59:51 INFO  [INFO] SUCCESS: jakarta.validation:jakarta.validation-api:jar:3.0.2:compile (sources = true)[0m
2026.04.10 14:59:51 INFO  [INFO] Resolving artifact: org.mockito:mockito-core:jar:5.14.2:test (sources = false)[0m
2026.04.10 14:59:51 INFO  Downloading from central: https://repo.maven.apache.org/maven2/org/mockito/mockito-core/5.14.2/mockito-core-5.14.2.jar[0m
2026.04.10 14:59:51 INFO  Progress (1): 7.7/708 kB[0m
2026.04.10 14:59:51 INFO  Progress (1): 7.7/708 kB[0m
2026.04.10 14:59:51 INFO  Progress (1): 24/708 kB [0m
2026.04.10 14:59:51 INFO  Progress (1): 33/708 kB[0m
2026.04.10 14:59:51 INFO  Progress (1): 49/708 kB[0m
2026.04.10 14:59:51 INFO  Progress (1): 66/708 kB[0m
2026.04.10 14:59:51 INFO  Progress (1): 82/708 kB[0m
2026.04.10 14:59:51 INFO  Progress (1): 98/708 kB[0m
2026.04.10 14:59:51 INFO  Progress (1): 115/708 kB[0m
2026.04.10 14:59:51 INFO  Progress (1): 123/708 kB[0m
2026.04.10 14:59:51 INFO  Progress (1): 139/708 kB[0m
2026.04.10 14:59:51 INFO  Progress (1): 147/708 kB[0m
2026.04.10 14:59:51 INFO  Progress (1): 164/708 kB[0m
2026.04.10 14:59:51 INFO  Progress (1): 180/708 kB[0m
2026.04.10 14:59:51 INFO  Progress (1): 197/708 kB[0m
2026.04.10 14:59:51 INFO  Progress (1): 213/708 kB[0m
2026.04.10 14:59:51 INFO  Progress (1): 229/708 kB[0m
2026.04.10 14:59:51 INFO  Progress (1): 246/708 kB[0m
2026.04.10 14:59:51 INFO  Progress (1): 262/708 kB[0m
2026.04.10 14:59:51 INFO  Progress (1): 279/708 kB[0m
2026.04.10 14:59:51 INFO  Progress (1): 295/708 kB[0m
2026.04.10 14:59:51 INFO  Progress (1): 311/708 kB[0m
2026.04.10 14:59:51 INFO  Progress (1): 328/708 kB[0m
2026.04.10 14:59:51 INFO  Progress (1): 344/708 kB[0m
2026.04.10 14:59:51 INFO  Progress (1): 360/708 kB[0m
2026.04.10 14:59:51 INFO  Progress (1): 377/708 kB[0m
2026.04.10 14:59:51 INFO  Progress (1): 393/708 kB[0m
2026.04.10 14:59:51 INFO  Progress (1): 410/708 kB[0m
2026.04.10 14:59:51 INFO  Progress (1): 426/708 kB[0m
2026.04.10 14:59:51 INFO  Progress (1): 442/708 kB[0m
2026.04.10 14:59:51 INFO  Progress (1): 459/708 kB[0m
2026.04.10 14:59:51 INFO  Progress (1): 475/708 kB[0m
2026.04.10 14:59:51 INFO  Progress (1): 492/708 kB[0m
2026.04.10 14:59:51 INFO  Progress (1): 504/708 kB[0m
2026.04.10 14:59:51 INFO  Progress (1): 508/708 kB[0m
2026.04.10 14:59:51 INFO  Progress (1): 524/708 kB[0m
2026.04.10 14:59:51 INFO  Progress (1): 541/708 kB[0m
2026.04.10 14:59:51 INFO  Progress (1): 557/708 kB[0m
2026.04.10 14:59:51 INFO  Progress (1): 573/708 kB[0m
2026.04.10 14:59:51 INFO  Progress (1): 590/708 kB[0m
2026.04.10 14:59:51 INFO  Progress (1): 598/708 kB[0m
2026.04.10 14:59:51 INFO  Progress (1): 614/708 kB[0m
2026.04.10 14:59:51 INFO  Progress (1): 631/708 kB[0m
2026.04.10 14:59:51 INFO  Progress (1): 639/708 kB[0m
2026.04.10 14:59:51 INFO  Progress (1): 655/708 kB[0m
2026.04.10 14:59:51 INFO  Progress (1): 672/708 kB[0m
2026.04.10 14:59:51 INFO  Progress (1): 687/708 kB[0m
2026.04.10 14:59:51 INFO  Progress (1): 704/708 kB[0m
2026.04.10 14:59:51 INFO  Progress (1): 708 kB    [0m
2026.04.10 14:59:51 INFO                      [0m
2026.04.10 14:59:51 INFO  Downloaded from central: https://repo.maven.apache.org/maven2/org/mockito/mockito-core/5.14.2/mockito-core-5.14.2.jar (708 kB at 12 MB/s)[0m
2026.04.10 14:59:51 INFO  [INFO] SUCCESS: org.mockito:mockito-core:jar:5.14.2:test (sources = false)[0m
2026.04.10 14:59:51 INFO  [INFO] Resolving artifact: org.mockito:mockito-core:jar:5.14.2:test (sources = true)[0m
2026.04.10 14:59:51 INFO  Downloading from central: https://repo.maven.apache.org/maven2/org/mockito/mockito-core/5.14.2/mockito-core-5.14.2-sources.jar[0m
2026.04.10 14:59:51 INFO  Progress (1): 7.7/542 kB[0m
2026.04.10 14:59:51 INFO  Progress (1): 12/542 kB [0m
2026.04.10 14:59:51 INFO  Progress (1): 29/542 kB[0m
2026.04.10 14:59:51 INFO  Progress (1): 45/542 kB[0m
2026.04.10 14:59:51 INFO  Progress (1): 61/542 kB[0m
2026.04.10 14:59:51 INFO  Progress (1): 78/542 kB[0m
2026.04.10 14:59:51 INFO  Progress (1): 94/542 kB[0m
2026.04.10 14:59:51 INFO  Progress (1): 111/542 kB[0m
2026.04.10 14:59:51 INFO  Progress (1): 127/542 kB[0m
2026.04.10 14:59:51 INFO  Progress (1): 143/542 kB[0m
2026.04.10 14:59:51 INFO  Progress (1): 147/542 kB[0m
2026.04.10 14:59:51 INFO  Progress (1): 164/542 kB[0m
2026.04.10 14:59:51 INFO  Progress (1): 180/542 kB[0m
2026.04.10 14:59:51 INFO  Progress (1): 197/542 kB[0m
2026.04.10 14:59:51 INFO  Progress (1): 213/542 kB[0m
2026.04.10 14:59:51 INFO  Progress (1): 229/542 kB[0m
2026.04.10 14:59:51 INFO  Progress (1): 246/542 kB[0m
2026.04.10 14:59:51 INFO  Progress (1): 262/542 kB[0m
2026.04.10 14:59:51 INFO  Progress (1): 279/542 kB[0m
2026.04.10 14:59:51 INFO  Progress (1): 295/542 kB[0m
2026.04.10 14:59:51 INFO  Progress (1): 311/542 kB[0m
2026.04.10 14:59:51 INFO  Progress (1): 328/542 kB[0m
2026.04.10 14:59:51 INFO  Progress (1): 344/542 kB[0m
2026.04.10 14:59:51 INFO  Progress (1): 360/542 kB[0m
2026.04.10 14:59:51 INFO  Progress (1): 377/542 kB[0m
2026.04.10 14:59:51 INFO  Progress (1): 393/542 kB[0m
2026.04.10 14:59:51 INFO  Progress (1): 410/542 kB[0m
2026.04.10 14:59:51 INFO  Progress (1): 426/542 kB[0m
2026.04.10 14:59:51 INFO  Progress (1): 442/542 kB[0m
2026.04.10 14:59:51 INFO  Progress (1): 459/542 kB[0m
2026.04.10 14:59:51 INFO  Progress (1): 475/542 kB[0m
2026.04.10 14:59:51 INFO  Progress (1): 492/542 kB[0m
2026.04.10 14:59:51 INFO  Progress (1): 508/542 kB[0m
2026.04.10 14:59:51 INFO  Progress (1): 524/542 kB[0m
2026.04.10 14:59:51 INFO  Progress (1): 541/542 kB[0m
2026.04.10 14:59:51 INFO  Progress (1): 542 kB    [0m
2026.04.10 14:59:51 INFO                      [0m
2026.04.10 14:59:51 INFO  Downloaded from central: https://repo.maven.apache.org/maven2/org/mockito/mockito-core/5.14.2/mockito-core-5.14.2-sources.jar (542 kB at 14 MB/s)[0m
2026.04.10 14:59:51 INFO  [INFO] SUCCESS: org.mockito:mockito-core:jar:5.14.2:test (sources = true)[0m
2026.04.10 14:59:51 INFO  [INFO] Resolving artifact: org.junit.platform:junit-platform-commons:jar:1.11.4:test (sources = false)[0m
2026.04.10 14:59:51 INFO  Downloading from central: https://repo.maven.apache.org/maven2/org/junit/platform/junit-platform-commons/1.11.4/junit-platform-commons-1.11.4.jar[0m
2026.04.10 14:59:51 INFO  Progress (1): 7.7/142 kB[0m
2026.04.10 14:59:51 INFO  Progress (1): 8.2/142 kB[0m
2026.04.10 14:59:51 INFO  Progress (1): 25/142 kB [0m
2026.04.10 14:59:51 INFO  Progress (1): 41/142 kB[0m
2026.04.10 14:59:51 INFO  Progress (1): 57/142 kB[0m
2026.04.10 14:59:51 INFO  Progress (1): 74/142 kB[0m
2026.04.10 14:59:51 INFO  Progress (1): 90/142 kB[0m
2026.04.10 14:59:51 INFO  Progress (1): 94/142 kB[0m
2026.04.10 14:59:51 INFO  Progress (1): 110/142 kB[0m
2026.04.10 14:59:51 INFO  Progress (1): 127/142 kB[0m
2026.04.10 14:59:51 INFO  Progress (1): 142 kB    [0m
2026.04.10 14:59:51 INFO                      [0m
2026.04.10 14:59:51 INFO  Downloaded from central: https://repo.maven.apache.org/maven2/org/junit/platform/junit-platform-commons/1.11.4/junit-platform-commons-1.11.4.jar (142 kB at 5.1 MB/s)[0m
2026.04.10 14:59:51 INFO  [INFO] SUCCESS: org.junit.platform:junit-platform-commons:jar:1.11.4:test (sources = false)[0m
2026.04.10 14:59:51 INFO  [INFO] Resolving artifact: org.junit.platform:junit-platform-commons:jar:1.11.4:test (sources = true)[0m
2026.04.10 14:59:51 INFO  Downloading from central: https://repo.maven.apache.org/maven2/org/junit/platform/junit-platform-commons/1.11.4/junit-platform-commons-1.11.4-sources.jar[0m
2026.04.10 14:59:51 INFO  Progress (1): 4.1/97 kB[0m
2026.04.10 14:59:51 INFO  Progress (1): 20/97 kB [0m
2026.04.10 14:59:51 INFO  Progress (1): 37/97 kB[0m
2026.04.10 14:59:51 INFO  Progress (1): 53/97 kB[0m
2026.04.10 14:59:51 INFO  Progress (1): 70/97 kB[0m
2026.04.10 14:59:51 INFO  Progress (1): 86/97 kB[0m
2026.04.10 14:59:51 INFO  Progress (1): 97 kB   [0m
2026.04.10 14:59:51 INFO                     [0m
2026.04.10 14:59:51 INFO  Downloaded from central: https://repo.maven.apache.org/maven2/org/junit/platform/junit-platform-commons/1.11.4/junit-platform-commons-1.11.4-sources.jar (97 kB at 3.6 MB/s)[0m
2026.04.10 14:59:51 INFO  [INFO] SUCCESS: org.junit.platform:junit-platform-commons:jar:1.11.4:test (sources = true)[0m
2026.04.10 14:59:51 INFO  [INFO] Resolving artifact: jakarta.xml.bind:jakarta.xml.bind-api:jar:4.0.2:runtime (sources = false)[0m
2026.04.10 14:59:51 INFO  [INFO] SUCCESS: jakarta.xml.bind:jakarta.xml.bind-api:jar:4.0.2:runtime (sources = false)[0m
2026.04.10 14:59:51 INFO  [INFO] Resolving artifact: jakarta.xml.bind:jakarta.xml.bind-api:jar:4.0.2:runtime (sources = true)[0m
2026.04.10 14:59:51 INFO  Downloading from central: https://repo.maven.apache.org/maven2/jakarta/xml/bind/jakarta.xml.bind-api/4.0.2/jakarta.xml.bind-api-4.0.2-sources.jar[0m
2026.04.10 14:59:51 INFO  Progress (1): 7.7/198 kB[0m
2026.04.10 14:59:51 INFO  Progress (1): 16/198 kB [0m
2026.04.10 14:59:51 INFO  Progress (1): 25/198 kB[0m
2026.04.10 14:59:51 INFO  Progress (1): 41/198 kB[0m
2026.04.10 14:59:51 INFO  Progress (1): 57/198 kB[0m
2026.04.10 14:59:51 INFO  Progress (1): 74/198 kB[0m
2026.04.10 14:59:51 INFO  Progress (1): 90/198 kB[0m
2026.04.10 14:59:51 INFO  Progress (1): 106/198 kB[0m
2026.04.10 14:59:51 INFO  Progress (1): 123/198 kB[0m
2026.04.10 14:59:51 INFO  Progress (1): 139/198 kB[0m
2026.04.10 14:59:51 INFO  Progress (1): 156/198 kB[0m
2026.04.10 14:59:51 INFO  Progress (1): 172/198 kB[0m
2026.04.10 14:59:51 INFO  Progress (1): 188/198 kB[0m
2026.04.10 14:59:51 INFO  Progress (1): 198 kB    [0m
2026.04.10 14:59:51 INFO                      [0m
2026.04.10 14:59:51 INFO  Downloaded from central: https://repo.maven.apache.org/maven2/jakarta/xml/bind/jakarta.xml.bind-api/4.0.2/jakarta.xml.bind-api-4.0.2-sources.jar (198 kB at 5.8 MB/s)[0m
2026.04.10 14:59:51 INFO  [INFO] SUCCESS: jakarta.xml.bind:jakarta.xml.bind-api:jar:4.0.2:runtime (sources = true)[0m
2026.04.10 14:59:51 INFO  [INFO] Resolving artifact: io.micrometer:micrometer-jakarta9:jar:1.14.3:compile (sources = false)[0m
2026.04.10 14:59:51 INFO  [INFO] SUCCESS: io.micrometer:micrometer-jakarta9:jar:1.14.3:compile (sources = false)[0m
2026.04.10 14:59:51 INFO  [INFO] Resolving artifact: io.micrometer:micrometer-jakarta9:jar:1.14.3:compile (sources = true)[0m
2026.04.10 14:59:51 INFO  Downloading from central: https://repo.maven.apache.org/maven2/io/micrometer/micrometer-jakarta9/1.14.3/micrometer-jakarta9-1.14.3-sources.jar[0m
2026.04.10 14:59:51 INFO  Progress (1): 7.7/17 kB[0m
2026.04.10 14:59:51 INFO  Progress (1): 16/17 kB [0m
2026.04.10 14:59:51 INFO  Progress (1): 17 kB   [0m
2026.04.10 14:59:51 INFO                     [0m
2026.04.10 14:59:51 INFO  Downloaded from central: https://repo.maven.apache.org/maven2/io/micrometer/micrometer-jakarta9/1.14.3/micrometer-jakarta9-1.14.3-sources.jar (17 kB at 666 kB/s)[0m
2026.04.10 14:59:51 INFO  [INFO] SUCCESS: io.micrometer:micrometer-jakarta9:jar:1.14.3:compile (sources = true)[0m
2026.04.10 14:59:51 INFO  [INFO] Resolving artifact: org.springframework:spring-jdbc:jar:6.2.2:compile (sources = false)[0m
2026.04.10 14:59:51 INFO  [INFO] SUCCESS: org.springframework:spring-jdbc:jar:6.2.2:compile (sources = false)[0m
2026.04.10 14:59:51 INFO  [INFO] Resolving artifact: org.springframework:spring-jdbc:jar:6.2.2:compile (sources = true)[0m
2026.04.10 14:59:51 INFO  Downloading from central: https://repo.maven.apache.org/maven2/org/springframework/spring-jdbc/6.2.2/spring-jdbc-6.2.2-sources.jar[0m
2026.04.10 14:59:51 INFO  Progress (1): 16/456 kB[0m
2026.04.10 14:59:51 INFO  Progress (1): 25/456 kB[0m
2026.04.10 14:59:51 INFO  Progress (1): 41/456 kB[0m
2026.04.10 14:59:51 INFO  Progress (1): 57/456 kB[0m
2026.04.10 14:59:51 INFO  Progress (1): 74/456 kB[0m
2026.04.10 14:59:51 INFO  Progress (1): 90/456 kB[0m
2026.04.10 14:59:51 INFO  Progress (1): 94/456 kB[0m
2026.04.10 14:59:51 INFO  Progress (1): 110/456 kB[0m
2026.04.10 14:59:51 INFO  Progress (1): 127/456 kB[0m
2026.04.10 14:59:51 INFO  Progress (1): 143/456 kB[0m
2026.04.10 14:59:51 INFO  Progress (1): 147/456 kB[0m
2026.04.10 14:59:51 INFO  Progress (1): 164/456 kB[0m
2026.04.10 14:59:51 INFO  Progress (1): 180/456 kB[0m
2026.04.10 14:59:51 INFO  Progress (1): 184/456 kB[0m
2026.04.10 14:59:51 INFO  Progress (1): 201/456 kB[0m
2026.04.10 14:59:51 INFO  Progress (1): 217/456 kB[0m
2026.04.10 14:59:51 INFO  Progress (1): 233/456 kB[0m
2026.04.10 14:59:51 INFO  Progress (1): 250/456 kB[0m
2026.04.10 14:59:51 INFO  Progress (1): 262/456 kB[0m
2026.04.10 14:59:51 INFO  Progress (1): 279/456 kB[0m
2026.04.10 14:59:51 INFO  Progress (1): 295/456 kB[0m
2026.04.10 14:59:51 INFO  Progress (1): 299/456 kB[0m
2026.04.10 14:59:51 INFO  Progress (1): 315/456 kB[0m
2026.04.10 14:59:51 INFO  Progress (1): 328/456 kB[0m
2026.04.10 14:59:51 INFO  Progress (1): 344/456 kB[0m
2026.04.10 14:59:51 INFO  Progress (1): 360/456 kB[0m
2026.04.10 14:59:51 INFO  Progress (1): 377/456 kB[0m
2026.04.10 14:59:51 INFO  Progress (1): 393/456 kB[0m
2026.04.10 14:59:51 INFO  Progress (1): 410/456 kB[0m
2026.04.10 14:59:51 INFO  Progress (1): 426/456 kB[0m
2026.04.10 14:59:51 INFO  Progress (1): 442/456 kB[0m
2026.04.10 14:59:51 INFO  Progress (1): 456 kB    [0m
2026.04.10 14:59:51 INFO                      [0m
2026.04.10 14:59:51 INFO  Downloaded from central: https://repo.maven.apache.org/maven2/org/springframework/spring-jdbc/6.2.2/spring-jdbc-6.2.2-sources.jar (456 kB at 8.6 MB/s)[0m
2026.04.10 14:59:51 INFO  [INFO] SUCCESS: org.springframework:spring-jdbc:jar:6.2.2:compile (sources = true)[0m
2026.04.10 14:59:51 INFO  [INFO] Resolving artifact: org.junit.platform:junit-platform-engine:jar:1.11.4:test (sources = false)[0m
2026.04.10 14:59:51 INFO  Downloading from central: https://repo.maven.apache.org/maven2/org/junit/platform/junit-platform-engine/1.11.4/junit-platform-engine-1.11.4.jar[0m
2026.04.10 14:59:51 INFO  Progress (1): 7.7/247 kB[0m
2026.04.10 14:59:51 INFO  Progress (1): 8.2/247 kB[0m
2026.04.10 14:59:51 INFO  Progress (1): 25/247 kB [0m
2026.04.10 14:59:51 INFO  Progress (1): 41/247 kB[0m
2026.04.10 14:59:51 INFO  Progress (1): 57/247 kB[0m
2026.04.10 14:59:51 INFO  Progress (1): 74/247 kB[0m
2026.04.10 14:59:51 INFO  Progress (1): 90/247 kB[0m
2026.04.10 14:59:51 INFO  Progress (1): 106/247 kB[0m
2026.04.10 14:59:51 INFO  Progress (1): 123/247 kB[0m
2026.04.10 14:59:51 INFO  Progress (1): 139/247 kB[0m
2026.04.10 14:59:51 INFO  Progress (1): 156/247 kB[0m
2026.04.10 14:59:51 INFO  Progress (1): 172/247 kB[0m
2026.04.10 14:59:51 INFO  Progress (1): 188/247 kB[0m
2026.04.10 14:59:51 INFO  Progress (1): 205/247 kB[0m
2026.04.10 14:59:51 INFO  Progress (1): 221/247 kB[0m
2026.04.10 14:59:51 INFO  Progress (1): 238/247 kB[0m
2026.04.10 14:59:51 INFO  Progress (1): 247 kB    [0m
2026.04.10 14:59:51 INFO                      [0m
2026.04.10 14:59:51 INFO  Downloaded from central: https://repo.maven.apache.org/maven2/org/junit/platform/junit-platform-engine/1.11.4/junit-platform-engine-1.11.4.jar (247 kB at 7.7 MB/s)[0m
2026.04.10 14:59:51 INFO  [INFO] SUCCESS: org.junit.platform:junit-platform-engine:jar:1.11.4:test (sources = false)[0m
2026.04.10 14:59:51 INFO  [INFO] Resolving artifact: org.junit.platform:junit-platform-engine:jar:1.11.4:test (sources = true)[0m
2026.04.10 14:59:51 INFO  Downloading from central: https://repo.maven.apache.org/maven2/org/junit/platform/junit-platform-engine/1.11.4/junit-platform-engine-1.11.4-sources.jar[0m
2026.04.10 14:59:51 INFO  Progress (1): 4.1/154 kB[0m
2026.04.10 14:59:51 INFO  Progress (1): 20/154 kB [0m
2026.04.10 14:59:51 INFO  Progress (1): 37/154 kB[0m
2026.04.10 14:59:51 INFO  Progress (1): 53/154 kB[0m
2026.04.10 14:59:51 INFO  Progress (1): 61/154 kB[0m
2026.04.10 14:59:51 INFO  Progress (1): 78/154 kB[0m
2026.04.10 14:59:51 INFO  Progress (1): 94/154 kB[0m
2026.04.10 14:59:51 INFO  Progress (1): 98/154 kB[0m
2026.04.10 14:59:51 INFO  Progress (1): 114/154 kB[0m
2026.04.10 14:59:51 INFO  Progress (1): 131/154 kB[0m
2026.04.10 14:59:51 INFO  Progress (1): 147/154 kB[0m
2026.04.10 14:59:51 INFO  Progress (1): 154 kB    [0m
2026.04.10 14:59:51 INFO                      [0m
2026.04.10 14:59:51 INFO  Downloaded from central: https://repo.maven.apache.org/maven2/org/junit/platform/junit-platform-engine/1.11.4/junit-platform-engine-1.11.4-sources.jar (154 kB at 6.2 MB/s)[0m
2026.04.10 14:59:51 INFO  [INFO] SUCCESS: org.junit.platform:junit-platform-engine:jar:1.11.4:test (sources = true)[0m
2026.04.10 14:59:51 INFO  [INFO] Resolving artifact: org.mockito:mockito-junit-jupiter:jar:5.14.2:test (sources = false)[0m
2026.04.10 14:59:51 INFO  Downloading from central: https://repo.maven.apache.org/maven2/org/mockito/mockito-junit-jupiter/5.14.2/mockito-junit-jupiter-5.14.2.jar[0m
2026.04.10 14:59:51 INFO  Progress (1): 7.7/8.9 kB[0m
2026.04.10 14:59:51 INFO  Progress (1): 8.9 kB    [0m
2026.04.10 14:59:51 INFO                      [0m
2026.04.10 14:59:51 INFO  Downloaded from central: https://repo.maven.apache.org/maven2/org/mockito/mockito-junit-jupiter/5.14.2/mockito-junit-jupiter-5.14.2.jar (8.9 kB at 385 kB/s)[0m
2026.04.10 14:59:51 INFO  [INFO] SUCCESS: org.mockito:mockito-junit-jupiter:jar:5.14.2:test (sources = false)[0m
2026.04.10 14:59:51 INFO  [INFO] Resolving artifact: org.mockito:mockito-junit-jupiter:jar:5.14.2:test (sources = true)[0m
2026.04.10 14:59:51 INFO  Downloading from central: https://repo.maven.apache.org/maven2/org/mockito/mockito-junit-jupiter/5.14.2/mockito-junit-jupiter-5.14.2-sources.jar[0m
2026.04.10 14:59:51 INFO  Progress (1): 6.3 kB[0m
2026.04.10 14:59:51 INFO                      [0m
2026.04.10 14:59:51 INFO  Downloaded from central: https://repo.maven.apache.org/maven2/org/mockito/mockito-junit-jupiter/5.14.2/mockito-junit-jupiter-5.14.2-sources.jar (6.3 kB at 302 kB/s)[0m
2026.04.10 14:59:51 INFO  [INFO] SUCCESS: org.mockito:mockito-junit-jupiter:jar:5.14.2:test (sources = true)[0m
2026.04.10 14:59:51 INFO  [INFO] Resolving artifact: jakarta.annotation:jakarta.annotation-api:jar:2.1.1:compile (sources = false)[0m
2026.04.10 14:59:51 INFO  [INFO] SUCCESS: jakarta.annotation:jakarta.annotation-api:jar:2.1.1:compile (sources = false)[0m
2026.04.10 14:59:51 INFO  [INFO] Resolving artifact: jakarta.annotation:jakarta.annotation-api:jar:2.1.1:compile (sources = true)[0m
2026.04.10 14:59:51 INFO  Downloading from central: https://repo.maven.apache.org/maven2/jakarta/annotation/jakarta.annotation-api/2.1.1/jakarta.annotation-api-2.1.1-sources.jar[0m
2026.04.10 14:59:51 INFO  Progress (1): 7.7/37 kB[0m
2026.04.10 14:59:51 INFO  Progress (1): 12/37 kB [0m
2026.04.10 14:59:51 INFO  Progress (1): 29/37 kB[0m
2026.04.10 14:59:51 INFO  Progress (1): 37 kB   [0m
2026.04.10 14:59:51 INFO                     [0m
2026.04.10 14:59:51 INFO  Downloaded from central: https://repo.maven.apache.org/maven2/jakarta/annotation/jakarta.annotation-api/2.1.1/jakarta.annotation-api-2.1.1-sources.jar (37 kB at 1.0 MB/s)[0m
2026.04.10 14:59:51 INFO  [INFO] SUCCESS: jakarta.annotation:jakarta.annotation-api:jar:2.1.1:compile (sources = true)[0m
2026.04.10 14:59:51 INFO  [INFO] Resolving artifact: org.slf4j:slf4j-api:jar:2.0.16:compile (sources = false)[0m
2026.04.10 14:59:51 INFO  [INFO] SUCCESS: org.slf4j:slf4j-api:jar:2.0.16:compile (sources = false)[0m
2026.04.10 14:59:51 INFO  [INFO] Resolving artifact: org.slf4j:slf4j-api:jar:2.0.16:compile (sources = true)[0m
2026.04.10 14:59:51 INFO  Downloading from central: https://repo.maven.apache.org/maven2/org/slf4j/slf4j-api/2.0.16/slf4j-api-2.0.16-sources.jar[0m
2026.04.10 14:59:51 INFO  Progress (1): 7.7/76 kB[0m
2026.04.10 14:59:51 INFO  Progress (1): 8.2/76 kB[0m
2026.04.10 14:59:51 INFO  Progress (1): 25/76 kB [0m
2026.04.10 14:59:51 INFO  Progress (1): 41/76 kB[0m
2026.04.10 14:59:51 INFO  Progress (1): 57/76 kB[0m
2026.04.10 14:59:51 INFO  Progress (1): 74/76 kB[0m
2026.04.10 14:59:51 INFO  Progress (1): 76 kB   [0m
2026.04.10 14:59:51 INFO                     [0m
2026.04.10 14:59:51 INFO  Downloaded from central: https://repo.maven.apache.org/maven2/org/slf4j/slf4j-api/2.0.16/slf4j-api-2.0.16-sources.jar (76 kB at 2.7 MB/s)[0m
2026.04.10 14:59:51 INFO  [INFO] SUCCESS: org.slf4j:slf4j-api:jar:2.0.16:compile (sources = true)[0m
2026.04.10 14:59:51 INFO  [INFO] Resolving artifact: org.awaitility:awaitility:jar:4.2.2:test (sources = false)[0m
2026.04.10 14:59:51 INFO  [INFO] SUCCESS: org.awaitility:awaitility:jar:4.2.2:test (sources = false)[0m
2026.04.10 14:59:51 INFO  [INFO] Resolving artifact: org.awaitility:awaitility:jar:4.2.2:test (sources = true)[0m
2026.04.10 14:59:51 INFO  Downloading from central: https://repo.maven.apache.org/maven2/org/awaitility/awaitility/4.2.2/awaitility-4.2.2-sources.jar[0m
2026.04.10 14:59:51 INFO  Progress (1): 7.7/79 kB[0m
2026.04.10 14:59:51 INFO  Progress (1): 16/79 kB [0m
2026.04.10 14:59:51 INFO  Progress (1): 25/79 kB[0m
2026.04.10 14:59:51 INFO  Progress (1): 41/79 kB[0m
2026.04.10 14:59:51 INFO  Progress (1): 57/79 kB[0m
2026.04.10 14:59:51 INFO  Progress (1): 74/79 kB[0m
2026.04.10 14:59:51 INFO  Progress (1): 79 kB   [0m
2026.04.10 14:59:51 INFO                     [0m
2026.04.10 14:59:51 INFO  Downloaded from central: https://repo.maven.apache.org/maven2/org/awaitility/awaitility/4.2.2/awaitility-4.2.2-sources.jar (79 kB at 2.6 MB/s)[0m
2026.04.10 14:59:51 INFO  [INFO] SUCCESS: org.awaitility:awaitility:jar:4.2.2:test (sources = true)[0m
2026.04.10 14:59:51 INFO  [INFO] Resolving artifact: org.checkerframework:checker-qual:jar:3.48.3:runtime (sources = false)[0m
2026.04.10 14:59:51 INFO  [INFO] SUCCESS: org.checkerframework:checker-qual:jar:3.48.3:runtime (sources = false)[0m
2026.04.10 14:59:51 INFO  [INFO] Resolving artifact: org.checkerframework:checker-qual:jar:3.48.3:runtime (sources = true)[0m
2026.04.10 14:59:51 INFO  Downloading from central: https://repo.maven.apache.org/maven2/org/checkerframework/checker-qual/3.48.3/checker-qual-3.48.3-sources.jar[0m
2026.04.10 14:59:51 INFO  Progress (1): 7.7/273 kB[0m
2026.04.10 14:59:51 INFO  Progress (1): 16/273 kB [0m
2026.04.10 14:59:51 INFO  Progress (1): 16/273 kB[0m
2026.04.10 14:59:51 INFO  Progress (1): 33/273 kB[0m
2026.04.10 14:59:51 INFO  Progress (1): 49/273 kB[0m
2026.04.10 14:59:51 INFO  Progress (1): 66/273 kB[0m
2026.04.10 14:59:51 INFO  Progress (1): 82/273 kB[0m
2026.04.10 14:59:51 INFO  Progress (1): 98/273 kB[0m
2026.04.10 14:59:51 INFO  Progress (1): 115/273 kB[0m
2026.04.10 14:59:51 INFO  Progress (1): 131/273 kB[0m
2026.04.10 14:59:51 INFO  Progress (1): 147/273 kB[0m
2026.04.10 14:59:51 INFO  Progress (1): 164/273 kB[0m
2026.04.10 14:59:51 INFO  Progress (1): 180/273 kB[0m
2026.04.10 14:59:51 INFO  Progress (1): 197/273 kB[0m
2026.04.10 14:59:51 INFO  Progress (1): 205/273 kB[0m
2026.04.10 14:59:51 INFO  Progress (1): 221/273 kB[0m
2026.04.10 14:59:51 INFO  Progress (1): 238/273 kB[0m
2026.04.10 14:59:51 INFO  Progress (1): 246/273 kB[0m
2026.04.10 14:59:51 INFO  Progress (1): 262/273 kB[0m
2026.04.10 14:59:51 INFO  Progress (1): 270/273 kB[0m
2026.04.10 14:59:51 INFO  Progress (1): 273 kB    [0m
2026.04.10 14:59:51 INFO                      [0m
2026.04.10 14:59:51 INFO  Downloaded from central: https://repo.maven.apache.org/maven2/org/checkerframework/checker-qual/3.48.3/checker-qual-3.48.3-sources.jar (273 kB at 8.0 MB/s)[0m
2026.04.10 14:59:51 INFO  [INFO] SUCCESS: org.checkerframework:checker-qual:jar:3.48.3:runtime (sources = true)[0m
2026.04.10 14:59:51 INFO  [INFO] Resolving artifact: org.springframework:spring-beans:jar:6.2.2:compile (sources = false)[0m
2026.04.10 14:59:51 INFO  [INFO] SUCCESS: org.springframework:spring-beans:jar:6.2.2:compile (sources = false)[0m
2026.04.10 14:59:51 INFO  [INFO] Resolving artifact: org.springframework:spring-beans:jar:6.2.2:compile (sources = true)[0m
2026.04.10 14:59:51 INFO  Downloading from central: https://repo.maven.apache.org/maven2/org/springframework/spring-beans/6.2.2/spring-beans-6.2.2-sources.jar[0m
2026.04.10 14:59:51 INFO  Progress (1): 7.7/734 kB[0m
2026.04.10 14:59:51 INFO  Progress (1): 16/734 kB [0m
2026.04.10 14:59:51 INFO  Progress (1): 32/734 kB[0m
2026.04.10 14:59:51 INFO  Progress (1): 48/734 kB[0m
2026.04.10 14:59:51 INFO  Progress (1): 65/734 kB[0m
2026.04.10 14:59:51 INFO  Progress (1): 81/734 kB[0m
2026.04.10 14:59:51 INFO  Progress (1): 98/734 kB[0m
2026.04.10 14:59:51 INFO  Progress (1): 114/734 kB[0m
2026.04.10 14:59:51 INFO  Progress (1): 130/734 kB[0m
2026.04.10 14:59:51 INFO  Progress (1): 131/734 kB[0m
2026.04.10 14:59:51 INFO  Progress (1): 147/734 kB[0m
2026.04.10 14:59:51 INFO  Progress (1): 164/734 kB[0m
2026.04.10 14:59:51 INFO  Progress (1): 180/734 kB[0m
2026.04.10 14:59:51 INFO  Progress (1): 197/734 kB[0m
2026.04.10 14:59:51 INFO  Progress (1): 213/734 kB[0m
2026.04.10 14:59:51 INFO  Progress (1): 229/734 kB[0m
2026.04.10 14:59:51 INFO  Progress (1): 246/734 kB[0m
2026.04.10 14:59:51 INFO  Progress (1): 262/734 kB[0m
2026.04.10 14:59:51 INFO  Progress (1): 279/734 kB[0m
2026.04.10 14:59:51 INFO  Progress (1): 295/734 kB[0m
2026.04.10 14:59:51 INFO  Progress (1): 311/734 kB[0m
2026.04.10 14:59:51 INFO  Progress (1): 328/734 kB[0m
2026.04.10 14:59:51 INFO  Progress (1): 344/734 kB[0m
2026.04.10 14:59:51 INFO  Progress (1): 360/734 kB[0m
2026.04.10 14:59:51 INFO  Progress (1): 377/734 kB[0m
2026.04.10 14:59:51 INFO  Progress (1): 393/734 kB[0m
2026.04.10 14:59:51 INFO  Progress (1): 406/734 kB[0m
2026.04.10 14:59:51 INFO  Progress (1): 422/734 kB[0m
2026.04.10 14:59:51 INFO  Progress (1): 426/734 kB[0m
2026.04.10 14:59:51 INFO  Progress (1): 442/734 kB[0m
2026.04.10 14:59:51 INFO  Progress (1): 459/734 kB[0m
2026.04.10 14:59:51 INFO  Progress (1): 475/734 kB[0m
2026.04.10 14:59:51 INFO  Progress (1): 492/734 kB[0m
2026.04.10 14:59:51 INFO  Progress (1): 508/734 kB[0m
2026.04.10 14:59:51 INFO  Progress (1): 516/734 kB[0m
2026.04.10 14:59:51 INFO  Progress (1): 532/734 kB[0m
2026.04.10 14:59:51 INFO  Progress (1): 549/734 kB[0m
2026.04.10 14:59:51 INFO  Progress (1): 557/734 kB[0m
2026.04.10 14:59:51 INFO  Progress (1): 573/734 kB[0m
2026.04.10 14:59:51 INFO  Progress (1): 590/734 kB[0m
2026.04.10 14:59:51 INFO  Progress (1): 606/734 kB[0m
2026.04.10 14:59:51 INFO  Progress (1): 623/734 kB[0m
2026.04.10 14:59:51 INFO  Progress (1): 639/734 kB[0m
2026.04.10 14:59:51 INFO  Progress (1): 655/734 kB[0m
2026.04.10 14:59:51 INFO  Progress (1): 672/734 kB[0m
2026.04.10 14:59:51 INFO  Progress (1): 688/734 kB[0m
2026.04.10 14:59:51 INFO  Progress (1): 705/734 kB[0m
2026.04.10 14:59:51 INFO  Progress (1): 721/734 kB[0m
2026.04.10 14:59:51 INFO  Progress (1): 734 kB    [0m
2026.04.10 14:59:51 INFO                      [0m
2026.04.10 14:59:51 INFO  Downloaded from central: https://repo.maven.apache.org/maven2/org/springframework/spring-beans/6.2.2/spring-beans-6.2.2-sources.jar (734 kB at 16 MB/s)[0m
2026.04.10 14:59:51 INFO  [INFO] SUCCESS: org.springframework:spring-beans:jar:6.2.2:compile (sources = true)[0m
2026.04.10 14:59:51 INFO  [INFO] Resolving artifact: org.testcontainers:database-commons:jar:1.20.4:test (sources = false)[0m
2026.04.10 14:59:51 INFO  Downloading from central: https://repo.maven.apache.org/maven2/org/testcontainers/database-commons/1.20.4/database-commons-1.20.4.jar[0m
2026.04.10 14:59:52 INFO  Progress (1): 7.7/15 kB[0m
2026.04.10 14:59:52 INFO  Progress (1): 15 kB    [0m
2026.04.10 14:59:52 INFO                     [0m
2026.04.10 14:59:52 INFO  Downloaded from central: https://repo.maven.apache.org/maven2/org/testcontainers/database-commons/1.20.4/database-commons-1.20.4.jar (15 kB at 615 kB/s)[0m
2026.04.10 14:59:52 INFO  [INFO] SUCCESS: org.testcontainers:database-commons:jar:1.20.4:test (sources = false)[0m
2026.04.10 14:59:52 INFO  [INFO] Resolving artifact: org.testcontainers:database-commons:jar:1.20.4:test (sources = true)[0m
2026.04.10 14:59:52 INFO  Downloading from central: https://repo.maven.apache.org/maven2/org/testcontainers/database-commons/1.20.4/database-commons-1.20.4-sources.jar[0m
2026.04.10 14:59:52 INFO  Progress (1): 7.7/8.6 kB[0m
2026.04.10 14:59:52 INFO  Progress (1): 8.6 kB    [0m
2026.04.10 14:59:52 INFO                      [0m
2026.04.10 14:59:52 INFO  Downloaded from central: https://repo.maven.apache.org/maven2/org/testcontainers/database-commons/1.20.4/database-commons-1.20.4-sources.jar (8.6 kB at 344 kB/s)[0m
2026.04.10 14:59:52 INFO  [INFO] SUCCESS: org.testcontainers:database-commons:jar:1.20.4:test (sources = true)[0m
2026.04.10 14:59:52 INFO  [INFO] Resolving artifact: org.springframework.boot:spring-boot-actuator-autoconfigure:jar:3.4.2:compile (sources = false)[0m
2026.04.10 14:59:52 INFO  [INFO] SUCCESS: org.springframework.boot:spring-boot-actuator-autoconfigure:jar:3.4.2:compile (sources = false)[0m
2026.04.10 14:59:52 INFO  [INFO] Resolving artifact: org.springframework.boot:spring-boot-actuator-autoconfigure:jar:3.4.2:compile (sources = true)[0m
2026.04.10 14:59:52 INFO  Downloading from central: https://repo.maven.apache.org/maven2/org/springframework/boot/spring-boot-actuator-autoconfigure/3.4.2/spring-boot-actuator-autoconfigure-3.4.2-sources.jar[0m
2026.04.10 14:59:52 INFO  Progress (1): 7.7/572 kB[0m
2026.04.10 14:59:52 INFO  Progress (1): 8.2/572 kB[0m
2026.04.10 14:59:52 INFO  Progress (1): 25/572 kB [0m
2026.04.10 14:59:52 INFO  Progress (1): 41/572 kB[0m
2026.04.10 14:59:52 INFO  Progress (1): 57/572 kB[0m
2026.04.10 14:59:52 INFO  Progress (1): 74/572 kB[0m
2026.04.10 14:59:52 INFO  Progress (1): 90/572 kB[0m
2026.04.10 14:59:52 INFO  Progress (1): 106/572 kB[0m
2026.04.10 14:59:52 INFO  Progress (1): 123/572 kB[0m
2026.04.10 14:59:52 INFO  Progress (1): 131/572 kB[0m
2026.04.10 14:59:52 INFO  Progress (1): 147/572 kB[0m
2026.04.10 14:59:52 INFO  Progress (1): 164/572 kB[0m
2026.04.10 14:59:52 INFO  Progress (1): 180/572 kB[0m
2026.04.10 14:59:52 INFO  Progress (1): 197/572 kB[0m
2026.04.10 14:59:52 INFO  Progress (1): 213/572 kB[0m
2026.04.10 14:59:52 INFO  Progress (1): 221/572 kB[0m
2026.04.10 14:59:52 INFO  Progress (1): 238/572 kB[0m
2026.04.10 14:59:52 INFO  Progress (1): 253/572 kB[0m
2026.04.10 14:59:52 INFO  Progress (1): 270/572 kB[0m
2026.04.10 14:59:52 INFO  Progress (1): 286/572 kB[0m
2026.04.10 14:59:52 INFO  Progress (1): 302/572 kB[0m
2026.04.10 14:59:52 INFO  Progress (1): 319/572 kB[0m
2026.04.10 14:59:52 INFO  Progress (1): 335/572 kB[0m
2026.04.10 14:59:52 INFO  Progress (1): 352/572 kB[0m
2026.04.10 14:59:52 INFO  Progress (1): 368/572 kB[0m
2026.04.10 14:59:52 INFO  Progress (1): 384/572 kB[0m
2026.04.10 14:59:52 INFO  Progress (1): 389/572 kB[0m
2026.04.10 14:59:52 INFO  Progress (1): 405/572 kB[0m
2026.04.10 14:59:52 INFO  Progress (1): 422/572 kB[0m
2026.04.10 14:59:52 INFO  Progress (1): 438/572 kB[0m
2026.04.10 14:59:52 INFO  Progress (1): 454/572 kB[0m
2026.04.10 14:59:52 INFO  Progress (1): 471/572 kB[0m
2026.04.10 14:59:52 INFO  Progress (1): 479/572 kB[0m
2026.04.10 14:59:52 INFO  Progress (1): 495/572 kB[0m
2026.04.10 14:59:52 INFO  Progress (1): 508/572 kB[0m
2026.04.10 14:59:52 INFO  Progress (1): 524/572 kB[0m
2026.04.10 14:59:52 INFO  Progress (1): 541/572 kB[0m
2026.04.10 14:59:52 INFO  Progress (1): 557/572 kB[0m
2026.04.10 14:59:52 INFO  Progress (1): 565/572 kB[0m
2026.04.10 14:59:52 INFO  Progress (1): 572 kB    [0m
2026.04.10 14:59:52 INFO                      [0m
2026.04.10 14:59:52 INFO  Downloaded from central: https://repo.maven.apache.org/maven2/org/springframework/boot/spring-boot-actuator-autoconfigure/3.4.2/spring-boot-actuator-autoconfigure-3.4.2-sources.jar (572 kB at 12 MB/s)[0m
2026.04.10 14:59:52 INFO  [INFO] SUCCESS: org.springframework.boot:spring-boot-actuator-autoconfigure:jar:3.4.2:compile (sources = true)[0m
2026.04.10 14:59:52 INFO  [INFO] Resolving artifact: jakarta.inject:jakarta.inject-api:jar:2.0.1:runtime (sources = false)[0m
2026.04.10 14:59:52 INFO  [INFO] SUCCESS: jakarta.inject:jakarta.inject-api:jar:2.0.1:runtime (sources = false)[0m
2026.04.10 14:59:52 INFO  [INFO] Resolving artifact: jakarta.inject:jakarta.inject-api:jar:2.0.1:runtime (sources = true)[0m
2026.04.10 14:59:52 INFO  Downloading from central: https://repo.maven.apache.org/maven2/jakarta/inject/jakarta.inject-api/2.0.1/jakarta.inject-api-2.0.1-sources.jar[0m
2026.04.10 14:59:52 INFO  Progress (1): 7.7/18 kB[0m
2026.04.10 14:59:52 INFO  Progress (1): 12/18 kB [0m
2026.04.10 14:59:52 INFO  Progress (1): 18 kB   [0m
2026.04.10 14:59:52 INFO                     [0m
2026.04.10 14:59:52 INFO  Downloaded from central: https://repo.maven.apache.org/maven2/jakarta/inject/jakarta.inject-api/2.0.1/jakarta.inject-api-2.0.1-sources.jar (18 kB at 802 kB/s)[0m
2026.04.10 14:59:52 INFO  [INFO] SUCCESS: jakarta.inject:jakarta.inject-api:jar:2.0.1:runtime (sources = true)[0m
2026.04.10 14:59:52 INFO  [INFO] Resolving artifact: org.apache.tomcat.embed:tomcat-embed-el:jar:10.1.34:compile (sources = false)[0m
2026.04.10 14:59:52 INFO  [INFO] SUCCESS: org.apache.tomcat.embed:tomcat-embed-el:jar:10.1.34:compile (sources = false)[0m
2026.04.10 14:59:52 INFO  [INFO] Resolving artifact: org.apache.tomcat.embed:tomcat-embed-el:jar:10.1.34:compile (sources = true)[0m
2026.04.10 14:59:52 INFO  Downloading from central: https://repo.maven.apache.org/maven2/org/apache/tomcat/embed/tomcat-embed-el/10.1.34/tomcat-embed-el-10.1.34-sources.jar[0m
2026.04.10 14:59:52 INFO  Progress (1): 7.7/227 kB[0m
2026.04.10 14:59:52 INFO  Progress (1): 16/227 kB [0m
2026.04.10 14:59:52 INFO  Progress (1): 25/227 kB[0m
2026.04.10 14:59:52 INFO  Progress (1): 41/227 kB[0m
2026.04.10 14:59:52 INFO  Progress (1): 57/227 kB[0m
2026.04.10 14:59:52 INFO  Progress (1): 74/227 kB[0m
2026.04.10 14:59:52 INFO  Progress (1): 90/227 kB[0m
2026.04.10 14:59:52 INFO  Progress (1): 98/227 kB[0m
2026.04.10 14:59:52 INFO  Progress (1): 115/227 kB[0m
2026.04.10 14:59:52 INFO  Progress (1): 131/227 kB[0m
2026.04.10 14:59:52 INFO  Progress (1): 147/227 kB[0m
2026.04.10 14:59:52 INFO  Progress (1): 164/227 kB[0m
2026.04.10 14:59:52 INFO  Progress (1): 180/227 kB[0m
2026.04.10 14:59:52 INFO  Progress (1): 197/227 kB[0m
2026.04.10 14:59:52 INFO  Progress (1): 213/227 kB[0m
2026.04.10 14:59:52 INFO  Progress (1): 227 kB    [0m
2026.04.10 14:59:52 INFO                      [0m
2026.04.10 14:59:52 INFO  Downloaded from central: https://repo.maven.apache.org/maven2/org/apache/tomcat/embed/tomcat-embed-el/10.1.34/tomcat-embed-el-10.1.34-sources.jar (227 kB at 7.3 MB/s)[0m
2026.04.10 14:59:52 INFO  [INFO] SUCCESS: org.apache.tomcat.embed:tomcat-embed-el:jar:10.1.34:compile (sources = true)[0m
2026.04.10 14:59:52 INFO  [INFO] Resolving artifact: com.jayway.jsonpath:json-path:jar:2.9.0:test (sources = false)[0m
2026.04.10 14:59:52 INFO  [INFO] SUCCESS: com.jayway.jsonpath:json-path:jar:2.9.0:test (sources = false)[0m
2026.04.10 14:59:52 INFO  [INFO] Resolving artifact: com.jayway.jsonpath:json-path:jar:2.9.0:test (sources = true)[0m
2026.04.10 14:59:52 INFO  Downloading from central: https://repo.maven.apache.org/maven2/com/jayway/jsonpath/json-path/2.9.0/json-path-2.9.0-sources.jar[0m
2026.04.10 14:59:52 INFO  Progress (1): 3.3/135 kB[0m
2026.04.10 14:59:52 INFO  Progress (1): 20/135 kB [0m
2026.04.10 14:59:52 INFO  Progress (1): 36/135 kB[0m
2026.04.10 14:59:52 INFO  Progress (1): 52/135 kB[0m
2026.04.10 14:59:52 INFO  Progress (1): 61/135 kB[0m
2026.04.10 14:59:52 INFO  Progress (1): 77/135 kB[0m
2026.04.10 14:59:52 INFO  Progress (1): 93/135 kB[0m
2026.04.10 14:59:52 INFO  Progress (1): 110/135 kB[0m
2026.04.10 14:59:52 INFO  Progress (1): 126/135 kB[0m
2026.04.10 14:59:52 INFO  Progress (1): 135 kB    [0m
2026.04.10 14:59:52 INFO                      [0m
2026.04.10 14:59:52 INFO  Downloaded from central: https://repo.maven.apache.org/maven2/com/jayway/jsonpath/json-path/2.9.0/json-path-2.9.0-sources.jar (135 kB at 5.2 MB/s)[0m
2026.04.10 14:59:52 INFO  [INFO] SUCCESS: com.jayway.jsonpath:json-path:jar:2.9.0:test (sources = true)[0m
2026.04.10 14:59:52 INFO  [INFO] Resolving artifact: com.fasterxml.jackson.core:jackson-core:jar:2.18.2:compile (sources = false)[0m
2026.04.10 14:59:52 INFO  [INFO] SUCCESS: com.fasterxml.jackson.core:jackson-core:jar:2.18.2:compile (sources = false)[0m
2026.04.10 14:59:52 INFO  [INFO] Resolving artifact: com.fasterxml.jackson.core:jackson-core:jar:2.18.2:compile (sources = true)[0m
2026.04.10 14:59:52 INFO  Downloading from central: https://repo.maven.apache.org/maven2/com/fasterxml/jackson/core/jackson-core/2.18.2/jackson-core-2.18.2-sources.jar[0m
2026.04.10 14:59:52 INFO  Progress (1): 7.7/493 kB[0m
2026.04.10 14:59:52 INFO  Progress (1): 16/493 kB [0m
2026.04.10 14:59:52 INFO  Progress (1): 32/493 kB[0m
2026.04.10 14:59:52 INFO  Progress (1): 49/493 kB[0m
2026.04.10 14:59:52 INFO  Progress (1): 65/493 kB[0m
2026.04.10 14:59:52 INFO  Progress (1): 81/493 kB[0m
2026.04.10 14:59:52 INFO  Progress (1): 98/493 kB[0m
2026.04.10 14:59:52 INFO  Progress (1): 114/493 kB[0m
2026.04.10 14:59:52 INFO  Progress (1): 131/493 kB[0m
2026.04.10 14:59:52 INFO  Progress (1): 147/493 kB[0m
2026.04.10 14:59:52 INFO  Progress (1): 163/493 kB[0m
2026.04.10 14:59:52 INFO  Progress (1): 180/493 kB[0m
2026.04.10 14:59:52 INFO  Progress (1): 196/493 kB[0m
2026.04.10 14:59:52 INFO  Progress (1): 212/493 kB[0m
2026.04.10 14:59:52 INFO  Progress (1): 229/493 kB[0m
2026.04.10 14:59:52 INFO  Progress (1): 233/493 kB[0m
2026.04.10 14:59:52 INFO  Progress (1): 249/493 kB[0m
2026.04.10 14:59:52 INFO  Progress (1): 265/493 kB[0m
2026.04.10 14:59:52 INFO  Progress (1): 282/493 kB[0m
2026.04.10 14:59:52 INFO  Progress (1): 298/493 kB[0m
2026.04.10 14:59:52 INFO  Progress (1): 314/493 kB[0m
2026.04.10 14:59:52 INFO  Progress (1): 331/493 kB[0m
2026.04.10 14:59:52 INFO  Progress (1): 347/493 kB[0m
2026.04.10 14:59:52 INFO  Progress (1): 364/493 kB[0m
2026.04.10 14:59:52 INFO  Progress (1): 380/493 kB[0m
2026.04.10 14:59:52 INFO  Progress (1): 396/493 kB[0m
2026.04.10 14:59:52 INFO  Progress (1): 413/493 kB[0m
2026.04.10 14:59:52 INFO  Progress (1): 429/493 kB[0m
2026.04.10 14:59:52 INFO  Progress (1): 446/493 kB[0m
2026.04.10 14:59:52 INFO  Progress (1): 452/493 kB[0m
2026.04.10 14:59:52 INFO  Progress (1): 468/493 kB[0m
2026.04.10 14:59:52 INFO  Progress (1): 485/493 kB[0m
2026.04.10 14:59:52 INFO  Progress (1): 493 kB    [0m
2026.04.10 14:59:52 INFO                      [0m
2026.04.10 14:59:52 INFO  Downloaded from central: https://repo.maven.apache.org/maven2/com/fasterxml/jackson/core/jackson-core/2.18.2/jackson-core-2.18.2-sources.jar (493 kB at 11 MB/s)[0m
2026.04.10 14:59:52 INFO  [INFO] SUCCESS: com.fasterxml.jackson.core:jackson-core:jar:2.18.2:compile (sources = true)[0m
2026.04.10 14:59:52 INFO  [INFO] Resolving artifact: org.springframework:spring-expression:jar:6.2.2:compile (sources = false)[0m
2026.04.10 14:59:52 INFO  [INFO] SUCCESS: org.springframework:spring-expression:jar:6.2.2:compile (sources = false)[0m
2026.04.10 14:59:52 INFO  [INFO] Resolving artifact: org.springframework:spring-expression:jar:6.2.2:compile (sources = true)[0m
2026.04.10 14:59:52 INFO  Downloading from central: https://repo.maven.apache.org/maven2/org/springframework/spring-expression/6.2.2/spring-expression-6.2.2-sources.jar[0m
2026.04.10 14:59:52 INFO  Progress (1): 16/237 kB[0m
2026.04.10 14:59:52 INFO  Progress (1): 33/237 kB[0m
2026.04.10 14:59:52 INFO  Progress (1): 49/237 kB[0m
2026.04.10 14:59:52 INFO  Progress (1): 66/237 kB[0m
2026.04.10 14:59:52 INFO  Progress (1): 82/237 kB[0m
2026.04.10 14:59:52 INFO  Progress (1): 98/237 kB[0m
2026.04.10 14:59:52 INFO  Progress (1): 115/237 kB[0m
2026.04.10 14:59:52 INFO  Progress (1): 131/237 kB[0m
2026.04.10 14:59:52 INFO  Progress (1): 147/237 kB[0m
2026.04.10 14:59:52 INFO  Progress (1): 164/237 kB[0m
2026.04.10 14:59:52 INFO  Progress (1): 180/237 kB[0m
2026.04.10 14:59:52 INFO  Progress (1): 197/237 kB[0m
2026.04.10 14:59:52 INFO  Progress (1): 213/237 kB[0m
2026.04.10 14:59:52 INFO  Progress (1): 229/237 kB[0m
2026.04.10 14:59:52 INFO  Progress (1): 237 kB    [0m
2026.04.10 14:59:52 INFO                      [0m
2026.04.10 14:59:52 INFO  Downloaded from central: https://repo.maven.apache.org/maven2/org/springframework/spring-expression/6.2.2/spring-expression-6.2.2-sources.jar (237 kB at 7.4 MB/s)[0m
2026.04.10 14:59:52 INFO  [INFO] SUCCESS: org.springframework:spring-expression:jar:6.2.2:compile (sources = true)[0m
2026.04.10 14:59:52 INFO  [INFO] Resolving artifact: org.hibernate.common:hibernate-commons-annotations:jar:7.0.3.Final:runtime (sources = false)[0m
2026.04.10 14:59:52 INFO  [INFO] SUCCESS: org.hibernate.common:hibernate-commons-annotations:jar:7.0.3.Final:runtime (sources = false)[0m
2026.04.10 14:59:52 INFO  [INFO] Resolving artifact: org.hibernate.common:hibernate-commons-annotations:jar:7.0.3.Final:runtime (sources = true)[0m
2026.04.10 14:59:52 INFO  Downloading from central: https://repo.maven.apache.org/maven2/org/hibernate/common/hibernate-commons-annotations/7.0.3.Final/hibernate-commons-annotations-7.0.3.Final-sources.jar[0m
2026.04.10 14:59:52 INFO  Progress (1): 7.7/39 kB[0m
2026.04.10 14:59:52 INFO  Progress (1): 12/39 kB [0m
2026.04.10 14:59:52 INFO  Progress (1): 29/39 kB[0m
2026.04.10 14:59:52 INFO  Progress (1): 39 kB   [0m
2026.04.10 14:59:52 INFO                     [0m
2026.04.10 14:59:52 INFO  Downloaded from central: https://repo.maven.apache.org/maven2/org/hibernate/common/hibernate-commons-annotations/7.0.3.Final/hibernate-commons-annotations-7.0.3.Final-sources.jar (39 kB at 1.8 MB/s)[0m
2026.04.10 14:59:52 INFO  [INFO] SUCCESS: org.hibernate.common:hibernate-commons-annotations:jar:7.0.3.Final:runtime (sources = true)[0m
2026.04.10 14:59:52 INFO  [INFO] Resolving artifact: org.glassfish.jaxb:txw2:jar:4.0.5:runtime (sources = false)[0m
2026.04.10 14:59:52 INFO  [INFO] SUCCESS: org.glassfish.jaxb:txw2:jar:4.0.5:runtime (sources = false)[0m
2026.04.10 14:59:52 INFO  [INFO] Resolving artifact: org.glassfish.jaxb:txw2:jar:4.0.5:runtime (sources = true)[0m
2026.04.10 14:59:52 INFO  Downloading from central: https://repo.maven.apache.org/maven2/org/glassfish/jaxb/txw2/4.0.5/txw2-4.0.5-sources.jar[0m
2026.04.10 14:59:52 INFO  Progress (1): 7.7/70 kB[0m
2026.04.10 14:59:52 INFO  Progress (1): 12/70 kB [0m
2026.04.10 14:59:52 INFO  Progress (1): 29/70 kB[0m
2026.04.10 14:59:52 INFO  Progress (1): 45/70 kB[0m
2026.04.10 14:59:52 INFO  Progress (1): 61/70 kB[0m
2026.04.10 14:59:52 INFO  Progress (1): 70 kB   [0m
2026.04.10 14:59:52 INFO                     [0m
2026.04.10 14:59:52 INFO  Downloaded from central: https://repo.maven.apache.org/maven2/org/glassfish/jaxb/txw2/4.0.5/txw2-4.0.5-sources.jar (70 kB at 3.0 MB/s)[0m
2026.04.10 14:59:52 INFO  [INFO] SUCCESS: org.glassfish.jaxb:txw2:jar:4.0.5:runtime (sources = true)[0m
2026.04.10 14:59:52 INFO  [INFO] Resolving artifact: org.apiguardian:apiguardian-api:jar:1.1.2:test (sources = false)[0m
2026.04.10 14:59:52 INFO  [INFO] SUCCESS: org.apiguardian:apiguardian-api:jar:1.1.2:test (sources = false)[0m
2026.04.10 14:59:52 INFO  [INFO] Resolving artifact: org.apiguardian:apiguardian-api:jar:1.1.2:test (sources = true)[0m
2026.04.10 14:59:52 INFO  [INFO] SUCCESS: org.apiguardian:apiguardian-api:jar:1.1.2:test (sources = true)[0m
2026.04.10 14:59:52 INFO  [INFO] Resolving artifact: net.bytebuddy:byte-buddy-agent:jar:1.15.11:test (sources = false)[0m
2026.04.10 14:59:52 INFO  Downloading from central: https://repo.maven.apache.org/maven2/net/bytebuddy/byte-buddy-agent/1.15.11/byte-buddy-agent-1.15.11.jar[0m
2026.04.10 14:59:52 INFO  Progress (1): 7.7/365 kB[0m
2026.04.10 14:59:52 INFO  Progress (1): 12/365 kB [0m
2026.04.10 14:59:52 INFO  Progress (1): 28/365 kB[0m
2026.04.10 14:59:52 INFO  Progress (1): 44/365 kB[0m
2026.04.10 14:59:52 INFO  Progress (1): 61/365 kB[0m
2026.04.10 14:59:52 INFO  Progress (1): 77/365 kB[0m
2026.04.10 14:59:52 INFO  Progress (1): 93/365 kB[0m
2026.04.10 14:59:52 INFO  Progress (1): 110/365 kB[0m
2026.04.10 14:59:52 INFO  Progress (1): 126/365 kB[0m
2026.04.10 14:59:52 INFO  Progress (1): 143/365 kB[0m
2026.04.10 14:59:52 INFO  Progress (1): 159/365 kB[0m
2026.04.10 14:59:52 INFO  Progress (1): 175/365 kB[0m
2026.04.10 14:59:52 INFO  Progress (1): 192/365 kB[0m
2026.04.10 14:59:52 INFO  Progress (1): 208/365 kB[0m
2026.04.10 14:59:52 INFO  Progress (1): 225/365 kB[0m
2026.04.10 14:59:52 INFO  Progress (1): 241/365 kB[0m
2026.04.10 14:59:52 INFO  Progress (1): 257/365 kB[0m
2026.04.10 14:59:52 INFO  Progress (1): 274/365 kB[0m
2026.04.10 14:59:52 INFO  Progress (1): 290/365 kB[0m
2026.04.10 14:59:52 INFO  Progress (1): 306/365 kB[0m
2026.04.10 14:59:52 INFO  Progress (1): 323/365 kB[0m
2026.04.10 14:59:52 INFO  Progress (1): 339/365 kB[0m
2026.04.10 14:59:52 INFO  Progress (1): 356/365 kB[0m
2026.04.10 14:59:52 INFO  Progress (1): 365 kB    [0m
2026.04.10 14:59:52 INFO                      [0m
2026.04.10 14:59:52 INFO  Downloaded from central: https://repo.maven.apache.org/maven2/net/bytebuddy/byte-buddy-agent/1.15.11/byte-buddy-agent-1.15.11.jar (365 kB at 10 MB/s)[0m
2026.04.10 14:59:52 INFO  [INFO] SUCCESS: net.bytebuddy:byte-buddy-agent:jar:1.15.11:test (sources = false)[0m
2026.04.10 14:59:52 INFO  [INFO] Resolving artifact: net.bytebuddy:byte-buddy-agent:jar:1.15.11:test (sources = true)[0m
2026.04.10 14:59:52 INFO  Downloading from central: https://repo.maven.apache.org/maven2/net/bytebuddy/byte-buddy-agent/1.15.11/byte-buddy-agent-1.15.11-sources.jar[0m
2026.04.10 14:59:52 INFO  Progress (1): 7.7/207 kB[0m
2026.04.10 14:59:52 INFO  Progress (1): 12/207 kB [0m
2026.04.10 14:59:52 INFO  Progress (1): 29/207 kB[0m
2026.04.10 14:59:52 INFO  Progress (1): 45/207 kB[0m
2026.04.10 14:59:52 INFO  Progress (1): 61/207 kB[0m
2026.04.10 14:59:52 INFO  Progress (1): 78/207 kB[0m
2026.04.10 14:59:52 INFO  Progress (1): 94/207 kB[0m
2026.04.10 14:59:52 INFO  Progress (1): 111/207 kB[0m
2026.04.10 14:59:52 INFO  Progress (1): 127/207 kB[0m
2026.04.10 14:59:52 INFO  Progress (1): 143/207 kB[0m
2026.04.10 14:59:52 INFO  Progress (1): 160/207 kB[0m
2026.04.10 14:59:52 INFO  Progress (1): 176/207 kB[0m
2026.04.10 14:59:52 INFO  Progress (1): 193/207 kB[0m
2026.04.10 14:59:52 INFO  Progress (1): 207 kB    [0m
2026.04.10 14:59:52 INFO                      [0m
2026.04.10 14:59:52 INFO  Downloaded from central: https://repo.maven.apache.org/maven2/net/bytebuddy/byte-buddy-agent/1.15.11/byte-buddy-agent-1.15.11-sources.jar (207 kB at 7.1 MB/s)[0m
2026.04.10 14:59:52 INFO  [INFO] SUCCESS: net.bytebuddy:byte-buddy-agent:jar:1.15.11:test (sources = true)[0m
2026.04.10 14:59:52 INFO  [INFO] Resolving artifact: net.bytebuddy:byte-buddy:jar:1.15.11:runtime (sources = false)[0m
2026.04.10 14:59:52 INFO  [INFO] SUCCESS: net.bytebuddy:byte-buddy:jar:1.15.11:runtime (sources = false)[0m
2026.04.10 14:59:52 INFO  [INFO] Resolving artifact: net.bytebuddy:byte-buddy:jar:1.15.11:runtime (sources = true)[0m
2026.04.10 14:59:52 INFO  Downloading from central: https://repo.maven.apache.org/maven2/net/bytebuddy/byte-buddy/1.15.11/byte-buddy-1.15.11-sources.jar[0m
2026.04.10 14:59:52 INFO  Progress (1): 0/1.4 MB[0m
2026.04.10 14:59:52 INFO  Progress (1): 0/1.4 MB[0m
2026.04.10 14:59:52 INFO  Progress (1): 0/1.4 MB[0m
2026.04.10 14:59:52 INFO  Progress (1): 0/1.4 MB[0m
2026.04.10 14:59:52 INFO  Progress (1): 0.1/1.4 MB[0m
2026.04.10 14:59:52 INFO  Progress (1): 0.1/1.4 MB[0m
2026.04.10 14:59:52 INFO  Progress (1): 0.1/1.4 MB[0m
2026.04.10 14:59:52 INFO  Progress (1): 0.1/1.4 MB[0m
2026.04.10 14:59:52 INFO  Progress (1): 0.1/1.4 MB[0m
2026.04.10 14:59:52 INFO  Progress (1): 0.1/1.4 MB[0m
2026.04.10 14:59:52 INFO  Progress (1): 0.2/1.4 MB[0m
2026.04.10 14:59:52 INFO  Progress (1): 0.2/1.4 MB[0m
2026.04.10 14:59:52 INFO  Progress (1): 0.2/1.4 MB[0m
2026.04.10 14:59:52 INFO  Progress (1): 0.2/1.4 MB[0m
2026.04.10 14:59:52 INFO  Progress (1): 0.2/1.4 MB[0m
2026.04.10 14:59:52 INFO  Progress (1): 0.2/1.4 MB[0m
2026.04.10 14:59:52 INFO  Progress (1): 0.3/1.4 MB[0m
2026.04.10 14:59:52 INFO  Progress (1): 0.3/1.4 MB[0m
2026.04.10 14:59:52 INFO  Progress (1): 0.3/1.4 MB[0m
2026.04.10 14:59:52 INFO  Progress (1): 0.3/1.4 MB[0m
2026.04.10 14:59:52 INFO  Progress (1): 0.3/1.4 MB[0m
2026.04.10 14:59:52 INFO  Progress (1): 0.3/1.4 MB[0m
2026.04.10 14:59:52 INFO  Progress (1): 0.3/1.4 MB[0m
2026.04.10 14:59:52 INFO  Progress (1): 0.4/1.4 MB[0m
2026.04.10 14:59:52 INFO  Progress (1): 0.4/1.4 MB[0m
2026.04.10 14:59:52 INFO  Progress (1): 0.4/1.4 MB[0m
2026.04.10 14:59:52 INFO  Progress (1): 0.4/1.4 MB[0m
2026.04.10 14:59:52 INFO  Progress (1): 0.4/1.4 MB[0m
2026.04.10 14:59:52 INFO  Progress (1): 0.4/1.4 MB[0m
2026.04.10 14:59:52 INFO  Progress (1): 0.5/1.4 MB[0m
2026.04.10 14:59:52 INFO  Progress (1): 0.5/1.4 MB[0m
2026.04.10 14:59:52 INFO  Progress (1): 0.5/1.4 MB[0m
2026.04.10 14:59:52 INFO  Progress (1): 0.5/1.4 MB[0m
2026.04.10 14:59:52 INFO  Progress (1): 0.5/1.4 MB[0m
2026.04.10 14:59:52 INFO  Progress (1): 0.5/1.4 MB[0m
2026.04.10 14:59:52 INFO  Progress (1): 0.6/1.4 MB[0m
2026.04.10 14:59:52 INFO  Progress (1): 0.6/1.4 MB[0m
2026.04.10 14:59:52 INFO  Progress (1): 0.6/1.4 MB[0m
2026.04.10 14:59:52 INFO  Progress (1): 0.6/1.4 MB[0m
2026.04.10 14:59:52 INFO  Progress (1): 0.6/1.4 MB[0m
2026.04.10 14:59:52 INFO  Progress (1): 0.6/1.4 MB[0m
2026.04.10 14:59:52 INFO  Progress (1): 0.7/1.4 MB[0m
2026.04.10 14:59:52 INFO  Progress (1): 0.7/1.4 MB[0m
2026.04.10 14:59:52 INFO  Progress (1): 0.7/1.4 MB[0m
2026.04.10 14:59:52 INFO  Progress (1): 0.7/1.4 MB[0m
2026.04.10 14:59:52 INFO  Progress (1): 0.7/1.4 MB[0m
2026.04.10 14:59:52 INFO  Progress (1): 0.7/1.4 MB[0m
2026.04.10 14:59:52 INFO  Progress (1): 0.7/1.4 MB[0m
2026.04.10 14:59:52 INFO  Progress (1): 0.8/1.4 MB[0m
2026.04.10 14:59:52 INFO  Progress (1): 0.8/1.4 MB[0m
2026.04.10 14:59:52 INFO  Progress (1): 0.8/1.4 MB[0m
2026.04.10 14:59:52 INFO  Progress (1): 0.8/1.4 MB[0m
2026.04.10 14:59:52 INFO  Progress (1): 0.8/1.4 MB[0m
2026.04.10 14:59:52 INFO  Progress (1): 0.8/1.4 MB[0m
2026.04.10 14:59:52 INFO  Progress (1): 0.9/1.4 MB[0m
2026.04.10 14:59:52 INFO  Progress (1): 0.9/1.4 MB[0m
2026.04.10 14:59:52 INFO  Progress (1): 0.9/1.4 MB[0m
2026.04.10 14:59:52 INFO  Progress (1): 0.9/1.4 MB[0m
2026.04.10 14:59:52 INFO  Progress (1): 0.9/1.4 MB[0m
2026.04.10 14:59:52 INFO  Progress (1): 0.9/1.4 MB[0m
2026.04.10 14:59:52 INFO  Progress (1): 1.0/1.4 MB[0m
2026.04.10 14:59:52 INFO  Progress (1): 1.0/1.4 MB[0m
2026.04.10 14:59:52 INFO  Progress (1): 1.0/1.4 MB[0m
2026.04.10 14:59:52 INFO  Progress (1): 1.0/1.4 MB[0m
2026.04.10 14:59:52 INFO  Progress (1): 1.0/1.4 MB[0m
2026.04.10 14:59:52 INFO  Progress (1): 1.0/1.4 MB[0m
2026.04.10 14:59:52 INFO  Progress (1): 1.0/1.4 MB[0m
2026.04.10 14:59:52 INFO  Progress (1): 1.1/1.4 MB[0m
2026.04.10 14:59:52 INFO  Progress (1): 1.1/1.4 MB[0m
2026.04.10 14:59:52 INFO  Progress (1): 1.1/1.4 MB[0m
2026.04.10 14:59:52 INFO  Progress (1): 1.1/1.4 MB[0m
2026.04.10 14:59:52 INFO  Progress (1): 1.1/1.4 MB[0m
2026.04.10 14:59:52 INFO  Progress (1): 1.1/1.4 MB[0m
2026.04.10 14:59:52 INFO  Progress (1): 1.2/1.4 MB[0m
2026.04.10 14:59:52 INFO  Progress (1): 1.2/1.4 MB[0m
2026.04.10 14:59:52 INFO  Progress (1): 1.2/1.4 MB[0m
2026.04.10 14:59:52 INFO  Progress (1): 1.2/1.4 MB[0m
2026.04.10 14:59:52 INFO  Progress (1): 1.2/1.4 MB[0m
2026.04.10 14:59:52 INFO  Progress (1): 1.2/1.4 MB[0m
2026.04.10 14:59:52 INFO  Progress (1): 1.2/1.4 MB[0m
2026.04.10 14:59:52 INFO  Progress (1): 1.3/1.4 MB[0m
2026.04.10 14:59:52 INFO  Progress (1): 1.3/1.4 MB[0m
2026.04.10 14:59:52 INFO  Progress (1): 1.3/1.4 MB[0m
2026.04.10 14:59:52 INFO  Progress (1): 1.3/1.4 MB[0m
2026.04.10 14:59:52 INFO  Progress (1): 1.3/1.4 MB[0m
2026.04.10 14:59:52 INFO  Progress (1): 1.3/1.4 MB[0m
2026.04.10 14:59:52 INFO  Progress (1): 1.4/1.4 MB[0m
2026.04.10 14:59:52 INFO  Progress (1): 1.4/1.4 MB[0m
2026.04.10 14:59:52 INFO  Progress (1): 1.4/1.4 MB[0m
2026.04.10 14:59:52 INFO  Progress (1): 1.4/1.4 MB[0m
2026.04.10 14:59:52 INFO  Progress (1): 1.4 MB    [0m
2026.04.10 14:59:52 INFO                      [0m
2026.04.10 14:59:52 INFO  Downloaded from central: https://repo.maven.apache.org/maven2/net/bytebuddy/byte-buddy/1.15.11/byte-buddy-1.15.11-sources.jar (1.4 MB at 17 MB/s)[0m
2026.04.10 14:59:52 INFO  [INFO] SUCCESS: net.bytebuddy:byte-buddy:jar:1.15.11:runtime (sources = true)[0m
2026.04.10 14:59:52 INFO  [INFO] Resolving artifact: org.latencyutils:LatencyUtils:jar:2.0.3:runtime (sources = false)[0m
2026.04.10 14:59:52 INFO  [INFO] SUCCESS: org.latencyutils:LatencyUtils:jar:2.0.3:runtime (sources = false)[0m
2026.04.10 14:59:52 INFO  [INFO] Resolving artifact: org.latencyutils:LatencyUtils:jar:2.0.3:runtime (sources = true)[0m
2026.04.10 14:59:52 INFO  Downloading from central: https://repo.maven.apache.org/maven2/org/latencyutils/LatencyUtils/2.0.3/LatencyUtils-2.0.3-sources.jar[0m
2026.04.10 14:59:52 INFO  Progress (1): 7.7/19 kB[0m
2026.04.10 14:59:52 INFO  Progress (1): 16/19 kB [0m
2026.04.10 14:59:52 INFO  Progress (1): 19 kB   [0m
2026.04.10 14:59:52 INFO                     [0m
2026.04.10 14:59:52 INFO  Downloaded from central: https://repo.maven.apache.org/maven2/org/latencyutils/LatencyUtils/2.0.3/LatencyUtils-2.0.3-sources.jar (19 kB at 868 kB/s)[0m
2026.04.10 14:59:52 INFO  [INFO] SUCCESS: org.latencyutils:LatencyUtils:jar:2.0.3:runtime (sources = true)[0m
2026.04.10 14:59:52 INFO  [INFO] Resolving artifact: ch.qos.logback:logback-core:jar:1.5.16:compile (sources = false)[0m
2026.04.10 14:59:52 INFO  [INFO] SUCCESS: ch.qos.logback:logback-core:jar:1.5.16:compile (sources = false)[0m
2026.04.10 14:59:52 INFO  [INFO] Resolving artifact: ch.qos.logback:logback-core:jar:1.5.16:compile (sources = true)[0m
2026.04.10 14:59:52 INFO  Downloading from central: https://repo.maven.apache.org/maven2/ch/qos/logback/logback-core/1.5.16/logback-core-1.5.16-sources.jar[0m
2026.04.10 14:59:52 INFO  Progress (1): 7.7/486 kB[0m
2026.04.10 14:59:52 INFO  Progress (1): 12/486 kB [0m
2026.04.10 14:59:52 INFO  Progress (1): 29/486 kB[0m
2026.04.10 14:59:52 INFO  Progress (1): 45/486 kB[0m
2026.04.10 14:59:52 INFO  Progress (1): 61/486 kB[0m
2026.04.10 14:59:52 INFO  Progress (1): 78/486 kB[0m
2026.04.10 14:59:52 INFO  Progress (1): 94/486 kB[0m
2026.04.10 14:59:52 INFO  Progress (1): 111/486 kB[0m
2026.04.10 14:59:52 INFO  Progress (1): 127/486 kB[0m
2026.04.10 14:59:52 INFO  Progress (1): 143/486 kB[0m
2026.04.10 14:59:52 INFO  Progress (1): 160/486 kB[0m
2026.04.10 14:59:52 INFO  Progress (1): 176/486 kB[0m
2026.04.10 14:59:52 INFO  Progress (1): 193/486 kB[0m
2026.04.10 14:59:52 INFO  Progress (1): 209/486 kB[0m
2026.04.10 14:59:52 INFO  Progress (1): 225/486 kB[0m
2026.04.10 14:59:52 INFO  Progress (1): 237/486 kB[0m
2026.04.10 14:59:52 INFO  Progress (1): 253/486 kB[0m
2026.04.10 14:59:52 INFO  Progress (1): 269/486 kB[0m
2026.04.10 14:59:52 INFO  Progress (1): 286/486 kB[0m
2026.04.10 14:59:52 INFO  Progress (1): 302/486 kB[0m
2026.04.10 14:59:52 INFO  Progress (1): 319/486 kB[0m
2026.04.10 14:59:52 INFO  Progress (1): 335/486 kB[0m
2026.04.10 14:59:52 INFO  Progress (1): 351/486 kB[0m
2026.04.10 14:59:52 INFO  Progress (1): 368/486 kB[0m
2026.04.10 14:59:52 INFO  Progress (1): 384/486 kB[0m
2026.04.10 14:59:52 INFO  Progress (1): 400/486 kB[0m
2026.04.10 14:59:52 INFO  Progress (1): 417/486 kB[0m
2026.04.10 14:59:52 INFO  Progress (1): 433/486 kB[0m
2026.04.10 14:59:52 INFO  Progress (1): 450/486 kB[0m
2026.04.10 14:59:52 INFO  Progress (1): 456/486 kB[0m
2026.04.10 14:59:52 INFO  Progress (1): 472/486 kB[0m
2026.04.10 14:59:52 INFO  Progress (1): 486 kB    [0m
2026.04.10 14:59:52 INFO                      [0m
2026.04.10 14:59:52 INFO  Downloaded from central: https://repo.maven.apache.org/maven2/ch/qos/logback/logback-core/1.5.16/logback-core-1.5.16-sources.jar (486 kB at 12 MB/s)[0m
2026.04.10 14:59:52 INFO  [INFO] SUCCESS: ch.qos.logback:logback-core:jar:1.5.16:compile (sources = true)[0m
2026.04.10 14:59:52 INFO  [INFO] Resolving artifact: org.hibernate.validator:hibernate-validator:jar:8.0.2.Final:compile (sources = false)[0m
2026.04.10 14:59:52 INFO  [INFO] SUCCESS: org.hibernate.validator:hibernate-validator:jar:8.0.2.Final:compile (sources = false)[0m
2026.04.10 14:59:52 INFO  [INFO] Resolving artifact: org.hibernate.validator:hibernate-validator:jar:8.0.2.Final:compile (sources = true)[0m
2026.04.10 14:59:52 INFO  Downloading from central: https://repo.maven.apache.org/maven2/org/hibernate/validator/hibernate-validator/8.0.2.Final/hibernate-validator-8.0.2.Final-sources.jar[0m
2026.04.10 14:59:52 INFO  Progress (1): 7.7/949 kB[0m
2026.04.10 14:59:52 INFO  Progress (1): 12/949 kB [0m
2026.04.10 14:59:52 INFO  Progress (1): 29/949 kB[0m
2026.04.10 14:59:52 INFO  Progress (1): 45/949 kB[0m
2026.04.10 14:59:52 INFO  Progress (1): 61/949 kB[0m
2026.04.10 14:59:52 INFO  Progress (1): 78/949 kB[0m
2026.04.10 14:59:52 INFO  Progress (1): 94/949 kB[0m
2026.04.10 14:59:52 INFO  Progress (1): 111/949 kB[0m
2026.04.10 14:59:52 INFO  Progress (1): 127/949 kB[0m
2026.04.10 14:59:52 INFO  Progress (1): 143/949 kB[0m
2026.04.10 14:59:52 INFO  Progress (1): 160/949 kB[0m
2026.04.10 14:59:52 INFO  Progress (1): 176/949 kB[0m
2026.04.10 14:59:52 INFO  Progress (1): 193/949 kB[0m
2026.04.10 14:59:52 INFO  Progress (1): 209/949 kB[0m
2026.04.10 14:59:52 INFO  Progress (1): 225/949 kB[0m
2026.04.10 14:59:52 INFO  Progress (1): 242/949 kB[0m
2026.04.10 14:59:52 INFO  Progress (1): 258/949 kB[0m
2026.04.10 14:59:52 INFO  Progress (1): 274/949 kB[0m
2026.04.10 14:59:52 INFO  Progress (1): 291/949 kB[0m
2026.04.10 14:59:52 INFO  Progress (1): 307/949 kB[0m
2026.04.10 14:59:52 INFO  Progress (1): 318/949 kB[0m
2026.04.10 14:59:52 INFO  Progress (1): 335/949 kB[0m
2026.04.10 14:59:52 INFO  Progress (1): 351/949 kB[0m
2026.04.10 14:59:52 INFO  Progress (1): 367/949 kB[0m
2026.04.10 14:59:52 INFO  Progress (1): 384/949 kB[0m
2026.04.10 14:59:52 INFO  Progress (1): 400/949 kB[0m
2026.04.10 14:59:52 INFO  Progress (1): 417/949 kB[0m
2026.04.10 14:59:52 INFO  Progress (1): 433/949 kB[0m
2026.04.10 14:59:52 INFO  Progress (1): 449/949 kB[0m
2026.04.10 14:59:52 INFO  Progress (1): 466/949 kB[0m
2026.04.10 14:59:52 INFO  Progress (1): 482/949 kB[0m
2026.04.10 14:59:52 INFO  Progress (1): 498/949 kB[0m
2026.04.10 14:59:52 INFO  Progress (1): 515/949 kB[0m
2026.04.10 14:59:52 INFO  Progress (1): 531/949 kB[0m
2026.04.10 14:59:52 INFO  Progress (1): 548/949 kB[0m
2026.04.10 14:59:52 INFO  Progress (1): 557/949 kB[0m
2026.04.10 14:59:52 INFO  Progress (1): 573/949 kB[0m
2026.04.10 14:59:52 INFO  Progress (1): 590/949 kB[0m
2026.04.10 14:59:52 INFO  Progress (1): 606/949 kB[0m
2026.04.10 14:59:52 INFO  Progress (1): 622/949 kB[0m
2026.04.10 14:59:52 INFO  Progress (1): 639/949 kB[0m
2026.04.10 14:59:52 INFO  Progress (1): 655/949 kB[0m
2026.04.10 14:59:52 INFO  Progress (1): 671/949 kB[0m
2026.04.10 14:59:52 INFO  Progress (1): 688/949 kB[0m
2026.04.10 14:59:52 INFO  Progress (1): 704/949 kB[0m
2026.04.10 14:59:52 INFO  Progress (1): 721/949 kB[0m
2026.04.10 14:59:52 INFO  Progress (1): 737/949 kB[0m
2026.04.10 14:59:52 INFO  Progress (1): 753/949 kB[0m
2026.04.10 14:59:52 INFO  Progress (1): 770/949 kB[0m
2026.04.10 14:59:52 INFO  Progress (1): 776/949 kB[0m
2026.04.10 14:59:52 INFO  Progress (1): 792/949 kB[0m
2026.04.10 14:59:52 INFO  Progress (1): 809/949 kB[0m
2026.04.10 14:59:52 INFO  Progress (1): 825/949 kB[0m
2026.04.10 14:59:52 INFO  Progress (1): 842/949 kB[0m
2026.04.10 14:59:52 INFO  Progress (1): 858/949 kB[0m
2026.04.10 14:59:52 INFO  Progress (1): 874/949 kB[0m
2026.04.10 14:59:52 INFO  Progress (1): 891/949 kB[0m
2026.04.10 14:59:52 INFO  Progress (1): 907/949 kB[0m
2026.04.10 14:59:52 INFO  Progress (1): 923/949 kB[0m
2026.04.10 14:59:52 INFO  Progress (1): 940/949 kB[0m
2026.04.10 14:59:52 INFO  Progress (1): 949 kB    [0m
2026.04.10 14:59:52 INFO                      [0m
2026.04.10 14:59:52 INFO  Downloaded from central: https://repo.maven.apache.org/maven2/org/hibernate/validator/hibernate-validator/8.0.2.Final/hibernate-validator-8.0.2.Final-sources.jar (949 kB at 17 MB/s)[0m
2026.04.10 14:59:52 INFO  [INFO] SUCCESS: org.hibernate.validator:hibernate-validator:jar:8.0.2.Final:compile (sources = true)[0m
2026.04.10 14:59:52 INFO  [INFO] Resolving artifact: com.vaadin.external.google:android-json:jar:0.0.20131108.vaadin1:test (sources = false)[0m
2026.04.10 14:59:52 INFO  [INFO] SUCCESS: com.vaadin.external.google:android-json:jar:0.0.20131108.vaadin1:test (sources = false)[0m
2026.04.10 14:59:52 INFO  [INFO] Resolving artifact: com.vaadin.external.google:android-json:jar:0.0.20131108.vaadin1:test (sources = true)[0m
2026.04.10 14:59:52 INFO  Downloading from central: https://repo.maven.apache.org/maven2/com/vaadin/external/google/android-json/0.0.20131108.vaadin1/android-json-0.0.20131108.vaadin1-sources.jar[0m
2026.04.10 14:59:52 INFO  Progress (1): 7.7/22 kB[0m
2026.04.10 14:59:52 INFO  Progress (1): 16/22 kB [0m
2026.04.10 14:59:52 INFO  Progress (1): 22 kB   [0m
2026.04.10 14:59:52 INFO                     [0m
2026.04.10 14:59:52 INFO  Downloaded from central: https://repo.maven.apache.org/maven2/com/vaadin/external/google/android-json/0.0.20131108.vaadin1/android-json-0.0.20131108.vaadin1-sources.jar (22 kB at 796 kB/s)[0m
2026.04.10 14:59:52 INFO  [INFO] SUCCESS: com.vaadin.external.google:android-json:jar:0.0.20131108.vaadin1:test (sources = true)[0m
2026.04.10 14:59:52 INFO  [INFO] Resolving artifact: org.junit.jupiter:junit-jupiter:jar:5.11.4:test (sources = false)[0m
2026.04.10 14:59:52 INFO  Downloading from central: https://repo.maven.apache.org/maven2/org/junit/jupiter/junit-jupiter/5.11.4/junit-jupiter-5.11.4.jar[0m
2026.04.10 14:59:52 INFO  Progress (1): 6.4 kB[0m
2026.04.10 14:59:52 INFO                      [0m
2026.04.10 14:59:52 INFO  Downloaded from central: https://repo.maven.apache.org/maven2/org/junit/jupiter/junit-jupiter/5.11.4/junit-jupiter-5.11.4.jar (6.4 kB at 318 kB/s)[0m
2026.04.10 14:59:52 INFO  [INFO] SUCCESS: org.junit.jupiter:junit-jupiter:jar:5.11.4:test (sources = false)[0m
2026.04.10 14:59:52 INFO  [INFO] Resolving artifact: org.junit.jupiter:junit-jupiter:jar:5.11.4:test (sources = true)[0m
2026.04.10 14:59:52 INFO  Downloading from central: https://repo.maven.apache.org/maven2/org/junit/jupiter/junit-jupiter/5.11.4/junit-jupiter-5.11.4-sources.jar[0m
2026.04.10 14:59:52 INFO  Progress (1): 6.1 kB[0m
2026.04.10 14:59:52 INFO                      [0m
2026.04.10 14:59:52 INFO  Downloaded from central: https://repo.maven.apache.org/maven2/org/junit/jupiter/junit-jupiter/5.11.4/junit-jupiter-5.11.4-sources.jar (6.1 kB at 321 kB/s)[0m
2026.04.10 14:59:52 INFO  [INFO] SUCCESS: org.junit.jupiter:junit-jupiter:jar:5.11.4:test (sources = true)[0m
2026.04.10 14:59:52 INFO  [INFO] Resolving artifact: org.springframework:spring-aop:jar:6.2.2:compile (sources = false)[0m
2026.04.10 14:59:52 INFO  [INFO] SUCCESS: org.springframework:spring-aop:jar:6.2.2:compile (sources = false)[0m
2026.04.10 14:59:52 INFO  [INFO] Resolving artifact: org.springframework:spring-aop:jar:6.2.2:compile (sources = true)[0m
2026.04.10 14:59:52 INFO  Downloading from central: https://repo.maven.apache.org/maven2/org/springframework/spring-aop/6.2.2/spring-aop-6.2.2-sources.jar[0m
2026.04.10 14:59:52 INFO  Progress (1): 7.7/373 kB[0m
2026.04.10 14:59:52 INFO  Progress (1): 16/373 kB [0m
2026.04.10 14:59:52 INFO  Progress (1): 32/373 kB[0m
2026.04.10 14:59:52 INFO  Progress (1): 49/373 kB[0m
2026.04.10 14:59:52 INFO  Progress (1): 65/373 kB[0m
2026.04.10 14:59:52 INFO  Progress (1): 81/373 kB[0m
2026.04.10 14:59:52 INFO  Progress (1): 98/373 kB[0m
2026.04.10 14:59:52 INFO  Progress (1): 114/373 kB[0m
2026.04.10 14:59:52 INFO  Progress (1): 131/373 kB[0m
2026.04.10 14:59:52 INFO  Progress (1): 147/373 kB[0m
2026.04.10 14:59:52 INFO  Progress (1): 163/373 kB[0m
2026.04.10 14:59:52 INFO  Progress (1): 180/373 kB[0m
2026.04.10 14:59:52 INFO  Progress (1): 196/373 kB[0m
2026.04.10 14:59:52 INFO  Progress (1): 212/373 kB[0m
2026.04.10 14:59:52 INFO  Progress (1): 229/373 kB[0m
2026.04.10 14:59:52 INFO  Progress (1): 233/373 kB[0m
2026.04.10 14:59:52 INFO  Progress (1): 250/373 kB[0m
2026.04.10 14:59:52 INFO  Progress (1): 266/373 kB[0m
2026.04.10 14:59:52 INFO  Progress (1): 282/373 kB[0m
2026.04.10 14:59:52 INFO  Progress (1): 299/373 kB[0m
2026.04.10 14:59:52 INFO  Progress (1): 315/373 kB[0m
2026.04.10 14:59:52 INFO  Progress (1): 331/373 kB[0m
2026.04.10 14:59:52 INFO  Progress (1): 348/373 kB[0m
2026.04.10 14:59:52 INFO  Progress (1): 364/373 kB[0m
2026.04.10 14:59:52 INFO  Progress (1): 373 kB    [0m
2026.04.10 14:59:52 INFO                      [0m
2026.04.10 14:59:52 INFO  Downloaded from central: https://repo.maven.apache.org/maven2/org/springframework/spring-aop/6.2.2/spring-aop-6.2.2-sources.jar (373 kB at 10 MB/s)[0m
2026.04.10 14:59:52 INFO  [INFO] SUCCESS: org.springframework:spring-aop:jar:6.2.2:compile (sources = true)[0m
2026.04.10 14:59:52 INFO  [INFO] Resolving artifact: org.springframework.boot:spring-boot-autoconfigure:jar:3.4.2:compile (sources = false)[0m
2026.04.10 14:59:52 INFO  [INFO] SUCCESS: org.springframework.boot:spring-boot-autoconfigure:jar:3.4.2:compile (sources = false)[0m
2026.04.10 14:59:52 INFO  [INFO] Resolving artifact: org.springframework.boot:spring-boot-autoconfigure:jar:3.4.2:compile (sources = true)[0m
2026.04.10 14:59:52 INFO  Downloading from central: https://repo.maven.apache.org/maven2/org/springframework/boot/spring-boot-autoconfigure/3.4.2/spring-boot-autoconfigure-3.4.2-sources.jar[0m
2026.04.10 14:59:52 INFO  Progress (1): 0/1.2 MB[0m
2026.04.10 14:59:52 INFO  Progress (1): 0/1.2 MB[0m
2026.04.10 14:59:52 INFO  Progress (1): 0/1.2 MB[0m
2026.04.10 14:59:52 INFO  Progress (1): 0/1.2 MB[0m
2026.04.10 14:59:52 INFO  Progress (1): 0.1/1.2 MB[0m
2026.04.10 14:59:52 INFO  Progress (1): 0.1/1.2 MB[0m
2026.04.10 14:59:52 INFO  Progress (1): 0.1/1.2 MB[0m
2026.04.10 14:59:52 INFO  Progress (1): 0.1/1.2 MB[0m
2026.04.10 14:59:52 INFO  Progress (1): 0.1/1.2 MB[0m
2026.04.10 14:59:52 INFO  Progress (1): 0.1/1.2 MB[0m
2026.04.10 14:59:52 INFO  Progress (1): 0.1/1.2 MB[0m
2026.04.10 14:59:52 INFO  Progress (1): 0.2/1.2 MB[0m
2026.04.10 14:59:52 INFO  Progress (1): 0.2/1.2 MB[0m
2026.04.10 14:59:52 INFO  Progress (1): 0.2/1.2 MB[0m
2026.04.10 14:59:52 INFO  Progress (1): 0.2/1.2 MB[0m
2026.04.10 14:59:52 INFO  Progress (1): 0.2/1.2 MB[0m
2026.04.10 14:59:52 INFO  Progress (1): 0.2/1.2 MB[0m
2026.04.10 14:59:52 INFO  Progress (1): 0.3/1.2 MB[0m
2026.04.10 14:59:52 INFO  Progress (1): 0.3/1.2 MB[0m
2026.04.10 14:59:52 INFO  Progress (1): 0.3/1.2 MB[0m
2026.04.10 14:59:52 INFO  Progress (1): 0.3/1.2 MB[0m
2026.04.10 14:59:52 INFO  Progress (1): 0.3/1.2 MB[0m
2026.04.10 14:59:52 INFO  Progress (1): 0.3/1.2 MB[0m
2026.04.10 14:59:52 INFO  Progress (1): 0.4/1.2 MB[0m
2026.04.10 14:59:52 INFO  Progress (1): 0.4/1.2 MB[0m
2026.04.10 14:59:52 INFO  Progress (1): 0.4/1.2 MB[0m
2026.04.10 14:59:52 INFO  Progress (1): 0.4/1.2 MB[0m
2026.04.10 14:59:52 INFO  Progress (1): 0.4/1.2 MB[0m
2026.04.10 14:59:52 INFO  Progress (1): 0.4/1.2 MB[0m
2026.04.10 14:59:52 INFO  Progress (1): 0.4/1.2 MB[0m
2026.04.10 14:59:52 INFO  Progress (1): 0.5/1.2 MB[0m
2026.04.10 14:59:52 INFO  Progress (1): 0.5/1.2 MB[0m
2026.04.10 14:59:52 INFO  Progress (1): 0.5/1.2 MB[0m
2026.04.10 14:59:52 INFO  Progress (1): 0.5/1.2 MB[0m
2026.04.10 14:59:52 INFO  Progress (1): 0.5/1.2 MB[0m
2026.04.10 14:59:52 INFO  Progress (1): 0.5/1.2 MB[0m
2026.04.10 14:59:52 INFO  Progress (1): 0.6/1.2 MB[0m
2026.04.10 14:59:52 INFO  Progress (1): 0.6/1.2 MB[0m
2026.04.10 14:59:52 INFO  Progress (1): 0.6/1.2 MB[0m
2026.04.10 14:59:52 INFO  Progress (1): 0.6/1.2 MB[0m
2026.04.10 14:59:52 INFO  Progress (1): 0.6/1.2 MB[0m
2026.04.10 14:59:52 INFO  Progress (1): 0.6/1.2 MB[0m
2026.04.10 14:59:52 INFO  Progress (1): 0.6/1.2 MB[0m
2026.04.10 14:59:52 INFO  Progress (1): 0.7/1.2 MB[0m
2026.04.10 14:59:52 INFO  Progress (1): 0.7/1.2 MB[0m
2026.04.10 14:59:52 INFO  Progress (1): 0.7/1.2 MB[0m
2026.04.10 14:59:52 INFO  Progress (1): 0.7/1.2 MB[0m
2026.04.10 14:59:52 INFO  Progress (1): 0.7/1.2 MB[0m
2026.04.10 14:59:52 INFO  Progress (1): 0.7/1.2 MB[0m
2026.04.10 14:59:52 INFO  Progress (1): 0.7/1.2 MB[0m
2026.04.10 14:59:52 INFO  Progress (1): 0.8/1.2 MB[0m
2026.04.10 14:59:52 INFO  Progress (1): 0.8/1.2 MB[0m
2026.04.10 14:59:52 INFO  Progress (1): 0.8/1.2 MB[0m
2026.04.10 14:59:52 INFO  Progress (1): 0.8/1.2 MB[0m
2026.04.10 14:59:52 INFO  Progress (1): 0.8/1.2 MB[0m
2026.04.10 14:59:52 INFO  Progress (1): 0.8/1.2 MB[0m
2026.04.10 14:59:52 INFO  Progress (1): 0.9/1.2 MB[0m
2026.04.10 14:59:52 INFO  Progress (1): 0.9/1.2 MB[0m
2026.04.10 14:59:52 INFO  Progress (1): 0.9/1.2 MB[0m
2026.04.10 14:59:52 INFO  Progress (1): 0.9/1.2 MB[0m
2026.04.10 14:59:52 INFO  Progress (1): 0.9/1.2 MB[0m
2026.04.10 14:59:52 INFO  Progress (1): 0.9/1.2 MB[0m
2026.04.10 14:59:52 INFO  Progress (1): 1.0/1.2 MB[0m
2026.04.10 14:59:52 INFO  Progress (1): 1.0/1.2 MB[0m
2026.04.10 14:59:52 INFO  Progress (1): 1.0/1.2 MB[0m
2026.04.10 14:59:52 INFO  Progress (1): 1.0/1.2 MB[0m
2026.04.10 14:59:52 INFO  Progress (1): 1.0/1.2 MB[0m
2026.04.10 14:59:52 INFO  Progress (1): 1.0/1.2 MB[0m
2026.04.10 14:59:52 INFO  Progress (1): 1.0/1.2 MB[0m
2026.04.10 14:59:52 INFO  Progress (1): 1.0/1.2 MB[0m
2026.04.10 14:59:52 INFO  Progress (1): 1.1/1.2 MB[0m
2026.04.10 14:59:52 INFO  Progress (1): 1.1/1.2 MB[0m
2026.04.10 14:59:52 INFO  Progress (1): 1.1/1.2 MB[0m
2026.04.10 14:59:52 INFO  Progress (1): 1.1/1.2 MB[0m
2026.04.10 14:59:52 INFO  Progress (1): 1.1/1.2 MB[0m
2026.04.10 14:59:52 INFO  Progress (1): 1.1/1.2 MB[0m
2026.04.10 14:59:52 INFO  Progress (1): 1.2 MB    [0m
2026.04.10 14:59:52 INFO                      [0m
2026.04.10 14:59:52 INFO  Downloaded from central: https://repo.maven.apache.org/maven2/org/springframework/boot/spring-boot-autoconfigure/3.4.2/spring-boot-autoconfigure-3.4.2-sources.jar (1.2 MB at 18 MB/s)[0m
2026.04.10 14:59:52 INFO  [INFO] SUCCESS: org.springframework.boot:spring-boot-autoconfigure:jar:3.4.2:compile (sources = true)[0m
2026.04.10 14:59:52 INFO  [INFO] Generated .bloop/simple-api.json[0m
2026.04.10 14:59:52 INFO  [INFO] Resolving artifact: com.fasterxml.jackson.core:jackson-databind:jar:2.18.2:compile (sources = false)[0m
2026.04.10 14:59:52 INFO  [INFO] SUCCESS: com.fasterxml.jackson.core:jackson-databind:jar:2.18.2:compile (sources = false)[0m
2026.04.10 14:59:52 INFO  [INFO] Resolving artifact: com.fasterxml.jackson.core:jackson-databind:jar:2.18.2:compile (sources = true)[0m
2026.04.10 14:59:52 INFO  [INFO] SUCCESS: com.fasterxml.jackson.core:jackson-databind:jar:2.18.2:compile (sources = true)[0m
2026.04.10 14:59:52 INFO  [INFO] Resolving artifact: io.micrometer:micrometer-commons:jar:1.14.3:compile (sources = false)[0m
2026.04.10 14:59:52 INFO  [INFO] SUCCESS: io.micrometer:micrometer-commons:jar:1.14.3:compile (sources = false)[0m
2026.04.10 14:59:52 INFO  [INFO] Resolving artifact: io.micrometer:micrometer-commons:jar:1.14.3:compile (sources = true)[0m
2026.04.10 14:59:52 INFO  [INFO] SUCCESS: io.micrometer:micrometer-commons:jar:1.14.3:compile (sources = true)[0m
2026.04.10 14:59:52 INFO  [INFO] Resolving artifact: org.springframework:spring-core:jar:6.2.2:compile (sources = false)[0m
2026.04.10 14:59:52 INFO  [INFO] SUCCESS: org.springframework:spring-core:jar:6.2.2:compile (sources = false)[0m
2026.04.10 14:59:52 INFO  [INFO] Resolving artifact: org.springframework:spring-core:jar:6.2.2:compile (sources = true)[0m
2026.04.10 14:59:52 INFO  [INFO] SUCCESS: org.springframework:spring-core:jar:6.2.2:compile (sources = true)[0m
2026.04.10 14:59:52 INFO  [INFO] Resolving artifact: org.hibernate.orm:hibernate-core:jar:6.6.5.Final:compile (sources = false)[0m
2026.04.10 14:59:52 INFO  [INFO] SUCCESS: org.hibernate.orm:hibernate-core:jar:6.6.5.Final:compile (sources = false)[0m
2026.04.10 14:59:52 INFO  [INFO] Resolving artifact: org.hibernate.orm:hibernate-core:jar:6.6.5.Final:compile (sources = true)[0m
2026.04.10 14:59:52 INFO  [INFO] SUCCESS: org.hibernate.orm:hibernate-core:jar:6.6.5.Final:compile (sources = true)[0m
2026.04.10 14:59:52 INFO  [INFO] Resolving artifact: org.slf4j:jul-to-slf4j:jar:2.0.16:compile (sources = false)[0m
2026.04.10 14:59:52 INFO  [INFO] SUCCESS: org.slf4j:jul-to-slf4j:jar:2.0.16:compile (sources = false)[0m
2026.04.10 14:59:52 INFO  [INFO] Resolving artifact: org.slf4j:jul-to-slf4j:jar:2.0.16:compile (sources = true)[0m
2026.04.10 14:59:52 INFO  [INFO] SUCCESS: org.slf4j:jul-to-slf4j:jar:2.0.16:compile (sources = true)[0m
2026.04.10 14:59:52 INFO  [INFO] Resolving artifact: com.sun.istack:istack-commons-runtime:jar:4.1.2:runtime (sources = false)[0m
2026.04.10 14:59:52 INFO  [INFO] SUCCESS: com.sun.istack:istack-commons-runtime:jar:4.1.2:runtime (sources = false)[0m
2026.04.10 14:59:52 INFO  [INFO] Resolving artifact: com.sun.istack:istack-commons-runtime:jar:4.1.2:runtime (sources = true)[0m
2026.04.10 14:59:52 INFO  [INFO] SUCCESS: com.sun.istack:istack-commons-runtime:jar:4.1.2:runtime (sources = true)[0m
2026.04.10 14:59:52 INFO  [INFO] Resolving artifact: org.springframework.boot:spring-boot-starter-logging:jar:3.4.2:compile (sources = false)[0m
2026.04.10 14:59:52 INFO  [INFO] SUCCESS: org.springframework.boot:spring-boot-starter-logging:jar:3.4.2:compile (sources = false)[0m
2026.04.10 14:59:52 INFO  [INFO] Resolving artifact: org.springframework.boot:spring-boot-starter-logging:jar:3.4.2:compile (sources = true)[0m
2026.04.10 14:59:52 INFO  [INFO] SUCCESS: org.springframework.boot:spring-boot-starter-logging:jar:3.4.2:compile (sources = true)[0m
2026.04.10 14:59:52 INFO  [INFO] Resolving artifact: org.springframework:spring-aspects:jar:6.2.2:compile (sources = false)[0m
2026.04.10 14:59:52 INFO  [INFO] SUCCESS: org.springframework:spring-aspects:jar:6.2.2:compile (sources = false)[0m
2026.04.10 14:59:52 INFO  [INFO] Resolving artifact: org.springframework:spring-aspects:jar:6.2.2:compile (sources = true)[0m
2026.04.10 14:59:52 INFO  [INFO] SUCCESS: org.springframework:spring-aspects:jar:6.2.2:compile (sources = true)[0m
2026.04.10 14:59:52 INFO  [INFO] Resolving artifact: org.springframework:spring-web:jar:6.2.2:compile (sources = false)[0m
2026.04.10 14:59:52 INFO  [INFO] SUCCESS: org.springframework:spring-web:jar:6.2.2:compile (sources = false)[0m
2026.04.10 14:59:52 INFO  [INFO] Resolving artifact: org.springframework:spring-web:jar:6.2.2:compile (sources = true)[0m
2026.04.10 14:59:52 INFO  [INFO] SUCCESS: org.springframework:spring-web:jar:6.2.2:compile (sources = true)[0m
2026.04.10 14:59:52 INFO  [INFO] Resolving artifact: org.apache.logging.log4j:log4j-to-slf4j:jar:2.24.3:compile (sources = false)[0m
2026.04.10 14:59:52 INFO  [INFO] SUCCESS: org.apache.logging.log4j:log4j-to-slf4j:jar:2.24.3:compile (sources = false)[0m
2026.04.10 14:59:52 INFO  [INFO] Resolving artifact: org.apache.logging.log4j:log4j-to-slf4j:jar:2.24.3:compile (sources = true)[0m
2026.04.10 14:59:52 INFO  [INFO] SUCCESS: org.apache.logging.log4j:log4j-to-slf4j:jar:2.24.3:compile (sources = true)[0m
2026.04.10 14:59:52 INFO  [INFO] Resolving artifact: org.springframework.boot:spring-boot-starter-jdbc:jar:3.4.2:compile (sources = false)[0m
2026.04.10 14:59:52 INFO  [INFO] SUCCESS: org.springframework.boot:spring-boot-starter-jdbc:jar:3.4.2:compile (sources = false)[0m
2026.04.10 14:59:52 INFO  [INFO] Resolving artifact: org.springframework.boot:spring-boot-starter-jdbc:jar:3.4.2:compile (sources = true)[0m
2026.04.10 14:59:52 INFO  [INFO] SUCCESS: org.springframework.boot:spring-boot-starter-jdbc:jar:3.4.2:compile (sources = true)[0m
2026.04.10 14:59:52 INFO  [INFO] Resolving artifact: com.fasterxml.jackson.module:jackson-module-parameter-names:jar:2.18.2:compile (sources = false)[0m
2026.04.10 14:59:52 INFO  [INFO] SUCCESS: com.fasterxml.jackson.module:jackson-module-parameter-names:jar:2.18.2:compile (sources = false)[0m
2026.04.10 14:59:52 INFO  [INFO] Resolving artifact: com.fasterxml.jackson.module:jackson-module-parameter-names:jar:2.18.2:compile (sources = true)[0m
2026.04.10 14:59:52 INFO  [INFO] SUCCESS: com.fasterxml.jackson.module:jackson-module-parameter-names:jar:2.18.2:compile (sources = true)[0m
2026.04.10 14:59:52 INFO  [INFO] Resolving artifact: org.springframework:spring-jcl:jar:6.2.2:compile (sources = false)[0m
2026.04.10 14:59:52 INFO  [INFO] SUCCESS: org.springframework:spring-jcl:jar:6.2.2:compile (sources = false)[0m
2026.04.10 14:59:52 INFO  [INFO] Resolving artifact: org.springframework:spring-jcl:jar:6.2.2:compile (sources = true)[0m
2026.04.10 14:59:52 INFO  [INFO] SUCCESS: org.springframework:spring-jcl:jar:6.2.2:compile (sources = true)[0m
2026.04.10 14:59:52 INFO  [INFO] Resolving artifact: net.java.dev.jna:jna:jar:5.13.0:test (sources = false)[0m
2026.04.10 14:59:52 INFO  [INFO] SUCCESS: net.java.dev.jna:jna:jar:5.13.0:test (sources = false)[0m
2026.04.10 14:59:52 INFO  [INFO] Resolving artifact: net.java.dev.jna:jna:jar:5.13.0:test (sources = true)[0m
2026.04.10 14:59:52 INFO  [INFO] SUCCESS: net.java.dev.jna:jna:jar:5.13.0:test (sources = true)[0m
2026.04.10 14:59:52 INFO  [INFO] Resolving artifact: com.fasterxml:classmate:jar:1.7.0:compile (sources = false)[0m
2026.04.10 14:59:52 INFO  [INFO] SUCCESS: com.fasterxml:classmate:jar:1.7.0:compile (sources = false)[0m
2026.04.10 14:59:52 INFO  [INFO] Resolving artifact: com.fasterxml:classmate:jar:1.7.0:compile (sources = true)[0m
2026.04.10 14:59:52 INFO  [INFO] SUCCESS: com.fasterxml:classmate:jar:1.7.0:compile (sources = true)[0m
2026.04.10 14:59:52 INFO  [INFO] Resolving artifact: com.github.docker-java:docker-java-transport:jar:3.4.0:test (sources = false)[0m
2026.04.10 14:59:52 INFO  [INFO] SUCCESS: com.github.docker-java:docker-java-transport:jar:3.4.0:test (sources = false)[0m
2026.04.10 14:59:52 INFO  [INFO] Resolving artifact: com.github.docker-java:docker-java-transport:jar:3.4.0:test (sources = true)[0m
2026.04.10 14:59:52 INFO  [INFO] SUCCESS: com.github.docker-java:docker-java-transport:jar:3.4.0:test (sources = true)[0m
2026.04.10 14:59:52 INFO  [INFO] Resolving artifact: io.micrometer:micrometer-observation:jar:1.14.3:compile (sources = false)[0m
2026.04.10 14:59:52 INFO  [INFO] SUCCESS: io.micrometer:micrometer-observation:jar:1.14.3:compile (sources = false)[0m
2026.04.10 14:59:52 INFO  [INFO] Resolving artifact: io.micrometer:micrometer-observation:jar:1.14.3:compile (sources = true)[0m
2026.04.10 14:59:52 INFO  [INFO] SUCCESS: io.micrometer:micrometer-observation:jar:1.14.3:compile (sources = true)[0m
2026.04.10 14:59:52 INFO  [INFO] Resolving artifact: net.minidev:json-smart:jar:2.5.1:test (sources = false)[0m
2026.04.10 14:59:52 INFO  [INFO] SUCCESS: net.minidev:json-smart:jar:2.5.1:test (sources = false)[0m
2026.04.10 14:59:52 INFO  [INFO] Resolving artifact: net.minidev:json-smart:jar:2.5.1:test (sources = true)[0m
2026.04.10 14:59:52 INFO  [INFO] SUCCESS: net.minidev:json-smart:jar:2.5.1:test (sources = true)[0m
2026.04.10 14:59:52 INFO  [INFO] Resolving artifact: org.springframework.boot:spring-boot-test-autoconfigure:jar:3.4.2:test (sources = false)[0m
2026.04.10 14:59:52 INFO  [INFO] SUCCESS: org.springframework.boot:spring-boot-test-autoconfigure:jar:3.4.2:test (sources = false)[0m
2026.04.10 14:59:52 INFO  [INFO] Resolving artifact: org.springframework.boot:spring-boot-test-autoconfigure:jar:3.4.2:test (sources = true)[0m
2026.04.10 14:59:52 INFO  [INFO] SUCCESS: org.springframework.boot:spring-boot-test-autoconfigure:jar:3.4.2:test (sources = true)[0m
2026.04.10 14:59:52 INFO  [INFO] Resolving artifact: org.ow2.asm:asm:jar:9.6:test (sources = false)[0m
2026.04.10 14:59:52 INFO  [INFO] SUCCESS: org.ow2.asm:asm:jar:9.6:test (sources = false)[0m
2026.04.10 14:59:52 INFO  [INFO] Resolving artifact: org.ow2.asm:asm:jar:9.6:test (sources = true)[0m
2026.04.10 14:59:52 INFO  [INFO] SUCCESS: org.ow2.asm:asm:jar:9.6:test (sources = true)[0m
2026.04.10 14:59:52 INFO  [INFO] Resolving artifact: org.springframework:spring-tx:jar:6.2.2:compile (sources = false)[0m
2026.04.10 14:59:52 INFO  [INFO] SUCCESS: org.springframework:spring-tx:jar:6.2.2:compile (sources = false)[0m
2026.04.10 14:59:52 INFO  [INFO] Resolving artifact: org.springframework:spring-tx:jar:6.2.2:compile (sources = true)[0m
2026.04.10 14:59:52 INFO  [INFO] SUCCESS: org.springframework:spring-tx:jar:6.2.2:compile (sources = true)[0m
2026.04.10 14:59:52 INFO  [INFO] Resolving artifact: org.opentest4j:opentest4j:jar:1.3.0:test (sources = false)[0m
2026.04.10 14:59:52 INFO  [INFO] SUCCESS: org.opentest4j:opentest4j:jar:1.3.0:test (sources = false)[0m
2026.04.10 14:59:52 INFO  [INFO] Resolving artifact: org.opentest4j:opentest4j:jar:1.3.0:test (sources = true)[0m
2026.04.10 14:59:52 INFO  [INFO] SUCCESS: org.opentest4j:opentest4j:jar:1.3.0:test (sources = true)[0m
2026.04.10 14:59:52 INFO  [INFO] Resolving artifact: org.testcontainers:postgresql:jar:1.20.4:test (sources = false)[0m
2026.04.10 14:59:52 INFO  [INFO] SUCCESS: org.testcontainers:postgresql:jar:1.20.4:test (sources = false)[0m
2026.04.10 14:59:52 INFO  [INFO] Resolving artifact: org.testcontainers:postgresql:jar:1.20.4:test (sources = true)[0m
2026.04.10 14:59:52 INFO  [INFO] SUCCESS: org.testcontainers:postgresql:jar:1.20.4:test (sources = true)[0m
2026.04.10 14:59:52 INFO  [INFO] Resolving artifact: io.smallrye:jandex:jar:3.2.0:runtime (sources = false)[0m
2026.04.10 14:59:52 INFO  [INFO] SUCCESS: io.smallrye:jandex:jar:3.2.0:runtime (sources = false)[0m
2026.04.10 14:59:52 INFO  [INFO] Resolving artifact: io.smallrye:jandex:jar:3.2.0:runtime (sources = true)[0m
2026.04.10 14:59:52 INFO  [INFO] SUCCESS: io.smallrye:jandex:jar:3.2.0:runtime (sources = true)[0m
2026.04.10 14:59:52 INFO  [INFO] Resolving artifact: org.springframework.boot:spring-boot-starter-actuator:jar:3.4.2:compile (sources = false)[0m
2026.04.10 14:59:52 INFO  [INFO] SUCCESS: org.springframework.boot:spring-boot-starter-actuator:jar:3.4.2:compile (sources = false)[0m
2026.04.10 14:59:52 INFO  [INFO] Resolving artifact: org.springframework.boot:spring-boot-starter-actuator:jar:3.4.2:compile (sources = true)[0m
2026.04.10 14:59:52 INFO  [INFO] SUCCESS: org.springframework.boot:spring-boot-starter-actuator:jar:3.4.2:compile (sources = true)[0m
2026.04.10 14:59:52 INFO  [INFO] Resolving artifact: org.jboss.logging:jboss-logging:jar:3.6.1.Final:compile (sources = false)[0m
2026.04.10 14:59:52 INFO  [INFO] SUCCESS: org.jboss.logging:jboss-logging:jar:3.6.1.Final:compile (sources = false)[0m
2026.04.10 14:59:52 INFO  [INFO] Resolving artifact: org.jboss.logging:jboss-logging:jar:3.6.1.Final:compile (sources = true)[0m
2026.04.10 14:59:52 INFO  [INFO] SUCCESS: org.jboss.logging:jboss-logging:jar:3.6.1.Final:compile (sources = true)[0m
2026.04.10 14:59:52 INFO  [INFO] Resolving artifact: org.springframework.boot:spring-boot-actuator:jar:3.4.2:compile (sources = false)[0m
2026.04.10 14:59:52 INFO  [INFO] SUCCESS: org.springframework.boot:spring-boot-actuator:jar:3.4.2:compile (sources = false)[0m
2026.04.10 14:59:52 INFO  [INFO] Resolving artifact: org.springframework.boot:spring-boot-actuator:jar:3.4.2:compile (sources = true)[0m
2026.04.10 14:59:52 INFO  [INFO] SUCCESS: org.springframework.boot:spring-boot-actuator:jar:3.4.2:compile (sources = true)[0m
2026.04.10 14:59:52 INFO  [INFO] Resolving artifact: net.minidev:accessors-smart:jar:2.5.1:test (sources = false)[0m
2026.04.10 14:59:52 INFO  [INFO] SUCCESS: net.minidev:accessors-smart:jar:2.5.1:test (sources = false)[0m
2026.04.10 14:59:52 INFO  [INFO] Resolving artifact: net.minidev:accessors-smart:jar:2.5.1:test (sources = true)[0m
2026.04.10 14:59:52 INFO  [INFO] SUCCESS: net.minidev:accessors-smart:jar:2.5.1:test (sources = true)[0m
2026.04.10 14:59:52 INFO  [INFO] Resolving artifact: jakarta.transaction:jakarta.transaction-api:jar:2.0.1:compile (sources = false)[0m
2026.04.10 14:59:52 INFO  [INFO] SUCCESS: jakarta.transaction:jakarta.transaction-api:jar:2.0.1:compile (sources = false)[0m
2026.04.10 14:59:52 INFO  [INFO] Resolving artifact: jakarta.transaction:jakarta.transaction-api:jar:2.0.1:compile (sources = true)[0m
2026.04.10 14:59:52 INFO  [INFO] SUCCESS: jakarta.transaction:jakarta.transaction-api:jar:2.0.1:compile (sources = true)[0m
2026.04.10 14:59:52 INFO  [INFO] Resolving artifact: org.testcontainers:testcontainers:jar:1.20.4:test (sources = false)[0m
2026.04.10 14:59:52 INFO  [INFO] SUCCESS: org.testcontainers:testcontainers:jar:1.20.4:test (sources = false)[0m
2026.04.10 14:59:52 INFO  [INFO] Resolving artifact: org.testcontainers:testcontainers:jar:1.20.4:test (sources = true)[0m
2026.04.10 14:59:52 INFO  [INFO] SUCCESS: org.testcontainers:testcontainers:jar:1.20.4:test (sources = true)[0m
2026.04.10 14:59:52 INFO  [INFO] Resolving artifact: com.github.docker-java:docker-java-transport-zerodep:jar:3.4.0:test (sources = false)[0m
2026.04.10 14:59:52 INFO  [INFO] SUCCESS: com.github.docker-java:docker-java-transport-zerodep:jar:3.4.0:test (sources = false)[0m
2026.04.10 14:59:52 INFO  [INFO] Resolving artifact: com.github.docker-java:docker-java-transport-zerodep:jar:3.4.0:test (sources = true)[0m
2026.04.10 14:59:52 INFO  [INFO] SUCCESS: com.github.docker-java:docker-java-transport-zerodep:jar:3.4.0:test (sources = true)[0m
2026.04.10 14:59:52 INFO  [INFO] Resolving artifact: org.rnorth.duct-tape:duct-tape:jar:1.0.8:test (sources = false)[0m
2026.04.10 14:59:52 INFO  [INFO] SUCCESS: org.rnorth.duct-tape:duct-tape:jar:1.0.8:test (sources = false)[0m
2026.04.10 14:59:52 INFO  [INFO] Resolving artifact: org.rnorth.duct-tape:duct-tape:jar:1.0.8:test (sources = true)[0m
2026.04.10 14:59:52 INFO  [INFO] SUCCESS: org.rnorth.duct-tape:duct-tape:jar:1.0.8:test (sources = true)[0m
2026.04.10 14:59:52 INFO  [INFO] Resolving artifact: org.glassfish.jaxb:jaxb-runtime:jar:4.0.5:runtime (sources = false)[0m
2026.04.10 14:59:52 INFO  [INFO] SUCCESS: org.glassfish.jaxb:jaxb-runtime:jar:4.0.5:runtime (sources = false)[0m
2026.04.10 14:59:52 INFO  [INFO] Resolving artifact: org.glassfish.jaxb:jaxb-runtime:jar:4.0.5:runtime (sources = true)[0m
2026.04.10 14:59:52 INFO  [INFO] SUCCESS: org.glassfish.jaxb:jaxb-runtime:jar:4.0.5:runtime (sources = true)[0m
2026.04.10 14:59:52 INFO  [INFO] Resolving artifact: org.apache.tomcat.embed:tomcat-embed-websocket:jar:10.1.34:compile (sources = false)[0m
2026.04.10 14:59:52 INFO  [INFO] SUCCESS: org.apache.tomcat.embed:tomcat-embed-websocket:jar:10.1.34:compile (sources = false)[0m
2026.04.10 14:59:52 INFO  [INFO] Resolving artifact: org.apache.tomcat.embed:tomcat-embed-websocket:jar:10.1.34:compile (sources = true)[0m
2026.04.10 14:59:52 INFO  [INFO] SUCCESS: org.apache.tomcat.embed:tomcat-embed-websocket:jar:10.1.34:compile (sources = true)[0m
2026.04.10 14:59:52 INFO  [INFO] Resolving artifact: org.springframework.boot:spring-boot-starter-json:jar:3.4.2:compile (sources = false)[0m
2026.04.10 14:59:52 INFO  [INFO] SUCCESS: org.springframework.boot:spring-boot-starter-json:jar:3.4.2:compile (sources = false)[0m
2026.04.10 14:59:52 INFO  [INFO] Resolving artifact: org.springframework.boot:spring-boot-starter-json:jar:3.4.2:compile (sources = true)[0m
2026.04.10 14:59:52 INFO  [INFO] SUCCESS: org.springframework.boot:spring-boot-starter-json:jar:3.4.2:compile (sources = true)[0m
2026.04.10 14:59:52 INFO  [INFO] Resolving artifact: org.springframework.boot:spring-boot:jar:3.4.2:compile (sources = false)[0m
2026.04.10 14:59:52 INFO  [INFO] SUCCESS: org.springframework.boot:spring-boot:jar:3.4.2:compile (sources = false)[0m
2026.04.10 14:59:52 INFO  [INFO] Resolving artifact: org.springframework.boot:spring-boot:jar:3.4.2:compile (sources = true)[0m
2026.04.10 14:59:52 INFO  [INFO] SUCCESS: org.springframework.boot:spring-boot:jar:3.4.2:compile (sources = true)[0m
2026.04.10 14:59:52 INFO  [INFO] Resolving artifact: org.jetbrains:annotations:jar:17.0.0:test (sources = false)[0m
2026.04.10 14:59:52 INFO  [INFO] SUCCESS: org.jetbrains:annotations:jar:17.0.0:test (sources = false)[0m
2026.04.10 14:59:52 INFO  [INFO] Resolving artifact: org.jetbrains:annotations:jar:17.0.0:test (sources = true)[0m
2026.04.10 14:59:52 INFO  [INFO] SUCCESS: org.jetbrains:annotations:jar:17.0.0:test (sources = true)[0m
2026.04.10 14:59:52 INFO  [INFO] Resolving artifact: org.testcontainers:jdbc:jar:1.20.4:test (sources = false)[0m
2026.04.10 14:59:52 INFO  [INFO] SUCCESS: org.testcontainers:jdbc:jar:1.20.4:test (sources = false)[0m
2026.04.10 14:59:52 INFO  [INFO] Resolving artifact: org.testcontainers:jdbc:jar:1.20.4:test (sources = true)[0m
2026.04.10 14:59:52 INFO  [INFO] SUCCESS: org.testcontainers:jdbc:jar:1.20.4:test (sources = true)[0m
2026.04.10 14:59:52 INFO  [INFO] Resolving artifact: org.springframework.data:spring-data-commons:jar:3.4.2:compile (sources = false)[0m
2026.04.10 14:59:52 INFO  [INFO] SUCCESS: org.springframework.data:spring-data-commons:jar:3.4.2:compile (sources = false)[0m
2026.04.10 14:59:52 INFO  [INFO] Resolving artifact: org.springframework.data:spring-data-commons:jar:3.4.2:compile (sources = true)[0m
2026.04.10 14:59:52 INFO  [INFO] SUCCESS: org.springframework.data:spring-data-commons:jar:3.4.2:compile (sources = true)[0m
2026.04.10 14:59:52 INFO  [INFO] Resolving artifact: com.github.docker-java:docker-java-api:jar:3.4.0:test (sources = false)[0m
2026.04.10 14:59:52 INFO  [INFO] SUCCESS: com.github.docker-java:docker-java-api:jar:3.4.0:test (sources = false)[0m
2026.04.10 14:59:52 INFO  [INFO] Resolving artifact: com.github.docker-java:docker-java-api:jar:3.4.0:test (sources = true)[0m
2026.04.10 14:59:52 INFO  [INFO] SUCCESS: com.github.docker-java:docker-java-api:jar:3.4.0:test (sources = true)[0m
2026.04.10 14:59:52 INFO  [INFO] Resolving artifact: ch.qos.logback:logback-classic:jar:1.5.16:compile (sources = false)[0m
2026.04.10 14:59:52 INFO  [INFO] SUCCESS: ch.qos.logback:logback-classic:jar:1.5.16:compile (sources = false)[0m
2026.04.10 14:59:52 INFO  [INFO] Resolving artifact: ch.qos.logback:logback-classic:jar:1.5.16:compile (sources = true)[0m
2026.04.10 14:59:52 INFO  [INFO] SUCCESS: ch.qos.logback:logback-classic:jar:1.5.16:compile (sources = true)[0m
2026.04.10 14:59:52 INFO  [INFO] Resolving artifact: org.xmlunit:xmlunit-core:jar:2.10.0:test (sources = false)[0m
2026.04.10 14:59:52 INFO  [INFO] SUCCESS: org.xmlunit:xmlunit-core:jar:2.10.0:test (sources = false)[0m
2026.04.10 14:59:52 INFO  [INFO] Resolving artifact: org.xmlunit:xmlunit-core:jar:2.10.0:test (sources = true)[0m
2026.04.10 14:59:52 INFO  [INFO] SUCCESS: org.xmlunit:xmlunit-core:jar:2.10.0:test (sources = true)[0m
2026.04.10 14:59:52 INFO  [INFO] Resolving artifact: org.springframework.data:spring-data-jpa:jar:3.4.2:compile (sources = false)[0m
2026.04.10 14:59:52 INFO  [INFO] SUCCESS: org.springframework.data:spring-data-jpa:jar:3.4.2:compile (sources = false)[0m
2026.04.10 14:59:52 INFO  [INFO] Resolving artifact: org.springframework.data:spring-data-jpa:jar:3.4.2:compile (sources = true)[0m
2026.04.10 14:59:52 INFO  [INFO] SUCCESS: org.springframework.data:spring-data-jpa:jar:3.4.2:compile (sources = true)[0m
2026.04.10 14:59:52 INFO  [INFO] Resolving artifact: org.hdrhistogram:HdrHistogram:jar:2.2.2:runtime (sources = false)[0m
2026.04.10 14:59:52 INFO  [INFO] SUCCESS: org.hdrhistogram:HdrHistogram:jar:2.2.2:runtime (sources = false)[0m
2026.04.10 14:59:52 INFO  [INFO] Resolving artifact: org.hdrhistogram:HdrHistogram:jar:2.2.2:runtime (sources = true)[0m
2026.04.10 14:59:52 INFO  [INFO] SUCCESS: org.hdrhistogram:HdrHistogram:jar:2.2.2:runtime (sources = true)[0m
2026.04.10 14:59:52 INFO  [INFO] Resolving artifact: org.hamcrest:hamcrest:jar:2.2:test (sources = false)[0m
2026.04.10 14:59:52 INFO  [INFO] SUCCESS: org.hamcrest:hamcrest:jar:2.2:test (sources = false)[0m
2026.04.10 14:59:52 INFO  [INFO] Resolving artifact: org.hamcrest:hamcrest:jar:2.2:test (sources = true)[0m
2026.04.10 14:59:52 INFO  [INFO] SUCCESS: org.hamcrest:hamcrest:jar:2.2:test (sources = true)[0m
2026.04.10 14:59:52 INFO  [INFO] Resolving artifact: org.hamcrest:hamcrest-core:jar:2.2:test (sources = false)[0m
2026.04.10 14:59:52 INFO  [INFO] SUCCESS: org.hamcrest:hamcrest-core:jar:2.2:test (sources = false)[0m
2026.04.10 14:59:52 INFO  [INFO] Resolving artifact: org.hamcrest:hamcrest-core:jar:2.2:test (sources = true)[0m
2026.04.10 14:59:52 INFO  [INFO] SUCCESS: org.hamcrest:hamcrest-core:jar:2.2:test (sources = true)[0m
2026.04.10 14:59:52 INFO  [INFO] Resolving artifact: org.springframework.boot:spring-boot-starter-validation:jar:3.4.2:compile (sources = false)[0m
2026.04.10 14:59:52 INFO  [INFO] SUCCESS: org.springframework.boot:spring-boot-starter-validation:jar:3.4.2:compile (sources = false)[0m
2026.04.10 14:59:52 INFO  [INFO] Resolving artifact: org.springframework.boot:spring-boot-starter-validation:jar:3.4.2:compile (sources = true)[0m
2026.04.10 14:59:52 INFO  [INFO] SUCCESS: org.springframework.boot:spring-boot-starter-validation:jar:3.4.2:compile (sources = true)[0m
2026.04.10 14:59:52 INFO  [INFO] Resolving artifact: io.micrometer:micrometer-core:jar:1.14.3:compile (sources = false)[0m
2026.04.10 14:59:52 INFO  [INFO] SUCCESS: io.micrometer:micrometer-core:jar:1.14.3:compile (sources = false)[0m
2026.04.10 14:59:52 INFO  [INFO] Resolving artifact: io.micrometer:micrometer-core:jar:1.14.3:compile (sources = true)[0m
2026.04.10 14:59:52 INFO  [INFO] SUCCESS: io.micrometer:micrometer-core:jar:1.14.3:compile (sources = true)[0m
2026.04.10 14:59:52 INFO  [INFO] Resolving artifact: com.fasterxml.jackson.datatype:jackson-datatype-jdk8:jar:2.18.2:compile (sources = false)[0m
2026.04.10 14:59:52 INFO  [INFO] SUCCESS: com.fasterxml.jackson.datatype:jackson-datatype-jdk8:jar:2.18.2:compile (sources = false)[0m
2026.04.10 14:59:52 INFO  [INFO] Resolving artifact: com.fasterxml.jackson.datatype:jackson-datatype-jdk8:jar:2.18.2:compile (sources = true)[0m
2026.04.10 14:59:52 INFO  [INFO] SUCCESS: com.fasterxml.jackson.datatype:jackson-datatype-jdk8:jar:2.18.2:compile (sources = true)[0m
2026.04.10 14:59:52 INFO  [INFO] Resolving artifact: org.apache.logging.log4j:log4j-api:jar:2.24.3:compile (sources = false)[0m
2026.04.10 14:59:52 INFO  [INFO] SUCCESS: org.apache.logging.log4j:log4j-api:jar:2.24.3:compile (sources = false)[0m
2026.04.10 14:59:52 INFO  [INFO] Resolving artifact: org.apache.logging.log4j:log4j-api:jar:2.24.3:compile (sources = true)[0m
2026.04.10 14:59:52 INFO  [INFO] SUCCESS: org.apache.logging.log4j:log4j-api:jar:2.24.3:compile (sources = true)[0m
2026.04.10 14:59:52 INFO  [INFO] Resolving artifact: org.springframework.boot:spring-boot-starter-web:jar:3.4.2:compile (sources = false)[0m
2026.04.10 14:59:52 INFO  [INFO] SUCCESS: org.springframework.boot:spring-boot-starter-web:jar:3.4.2:compile (sources = false)[0m
2026.04.10 14:59:52 INFO  [INFO] Resolving artifact: org.springframework.boot:spring-boot-starter-web:jar:3.4.2:compile (sources = true)[0m
2026.04.10 14:59:52 INFO  [INFO] SUCCESS: org.springframework.boot:spring-boot-starter-web:jar:3.4.2:compile (sources = true)[0m
2026.04.10 14:59:52 INFO  [INFO] Resolving artifact: org.springframework.boot:spring-boot-starter:jar:3.4.2:compile (sources = false)[0m
2026.04.10 14:59:52 INFO  [INFO] SUCCESS: org.springframework.boot:spring-boot-starter:jar:3.4.2:compile (sources = false)[0m
2026.04.10 14:59:52 INFO  [INFO] Resolving artifact: org.springframework.boot:spring-boot-starter:jar:3.4.2:compile (sources = true)[0m
2026.04.10 14:59:52 INFO  [INFO] SUCCESS: org.springframework.boot:spring-boot-starter:jar:3.4.2:compile (sources = true)[0m
2026.04.10 14:59:52 INFO  [INFO] Resolving artifact: com.fasterxml.jackson.core:jackson-annotations:jar:2.18.2:compile (sources = false)[0m
2026.04.10 14:59:52 INFO  [INFO] SUCCESS: com.fasterxml.jackson.core:jackson-annotations:jar:2.18.2:compile (sources = false)[0m
2026.04.10 14:59:52 INFO  [INFO] Resolving artifact: com.fasterxml.jackson.core:jackson-annotations:jar:2.18.2:compile (sources = true)[0m
2026.04.10 14:59:52 INFO  [INFO] SUCCESS: com.fasterxml.jackson.core:jackson-annotations:jar:2.18.2:compile (sources = true)[0m
2026.04.10 14:59:52 INFO  [INFO] Resolving artifact: org.springframework:spring-orm:jar:6.2.2:compile (sources = false)[0m
2026.04.10 14:59:52 INFO  [INFO] SUCCESS: org.springframework:spring-orm:jar:6.2.2:compile (sources = false)[0m
2026.04.10 14:59:52 INFO  [INFO] Resolving artifact: org.springframework:spring-orm:jar:6.2.2:compile (sources = true)[0m
2026.04.10 14:59:52 INFO  [INFO] SUCCESS: org.springframework:spring-orm:jar:6.2.2:compile (sources = true)[0m
2026.04.10 14:59:52 INFO  [INFO] Resolving artifact: org.junit.jupiter:junit-jupiter-api:jar:5.11.4:test (sources = false)[0m
2026.04.10 14:59:52 INFO  [INFO] SUCCESS: org.junit.jupiter:junit-jupiter-api:jar:5.11.4:test (sources = false)[0m
2026.04.10 14:59:52 INFO  [INFO] Resolving artifact: org.junit.jupiter:junit-jupiter-api:jar:5.11.4:test (sources = true)[0m
2026.04.10 14:59:52 INFO  [INFO] SUCCESS: org.junit.jupiter:junit-jupiter-api:jar:5.11.4:test (sources = true)[0m
2026.04.10 14:59:52 INFO  [INFO] Resolving artifact: com.zaxxer:HikariCP:jar:5.1.0:compile (sources = false)[0m
2026.04.10 14:59:52 INFO  [INFO] SUCCESS: com.zaxxer:HikariCP:jar:5.1.0:compile (sources = false)[0m
2026.04.10 14:59:52 INFO  [INFO] Resolving artifact: com.zaxxer:HikariCP:jar:5.1.0:compile (sources = true)[0m
2026.04.10 14:59:52 INFO  [INFO] SUCCESS: com.zaxxer:HikariCP:jar:5.1.0:compile (sources = true)[0m
2026.04.10 14:59:52 INFO  [INFO] Resolving artifact: org.springframework:spring-context:jar:6.2.2:compile (sources = false)[0m
2026.04.10 14:59:52 INFO  [INFO] SUCCESS: org.springframework:spring-context:jar:6.2.2:compile (sources = false)[0m
2026.04.10 14:59:52 INFO  [INFO] Resolving artifact: org.springframework:spring-context:jar:6.2.2:compile (sources = true)[0m
2026.04.10 14:59:52 INFO  [INFO] SUCCESS: org.springframework:spring-context:jar:6.2.2:compile (sources = true)[0m
2026.04.10 14:59:52 INFO  [INFO] Resolving artifact: org.glassfish.jaxb:jaxb-core:jar:4.0.5:runtime (sources = false)[0m
2026.04.10 14:59:52 INFO  [INFO] SUCCESS: org.glassfish.jaxb:jaxb-core:jar:4.0.5:runtime (sources = false)[0m
2026.04.10 14:59:52 INFO  [INFO] Resolving artifact: org.glassfish.jaxb:jaxb-core:jar:4.0.5:runtime (sources = true)[0m
2026.04.10 14:59:52 INFO  [INFO] SUCCESS: org.glassfish.jaxb:jaxb-core:jar:4.0.5:runtime (sources = true)[0m
2026.04.10 14:59:52 INFO  [INFO] Resolving artifact: org.junit.jupiter:junit-jupiter-engine:jar:5.11.4:test (sources = false)[0m
2026.04.10 14:59:52 INFO  [INFO] SUCCESS: org.junit.jupiter:junit-jupiter-engine:jar:5.11.4:test (sources = false)[0m
2026.04.10 14:59:52 INFO  [INFO] Resolving artifact: org.junit.jupiter:junit-jupiter-engine:jar:5.11.4:test (sources = true)[0m
2026.04.10 14:59:52 INFO  [INFO] SUCCESS: org.junit.jupiter:junit-jupiter-engine:jar:5.11.4:test (sources = true)[0m
2026.04.10 14:59:52 INFO  [INFO] Resolving artifact: org.aspectj:aspectjweaver:jar:1.9.22.1:compile (sources = false)[0m
2026.04.10 14:59:52 INFO  [INFO] SUCCESS: org.aspectj:aspectjweaver:jar:1.9.22.1:compile (sources = false)[0m
2026.04.10 14:59:52 INFO  [INFO] Resolving artifact: org.aspectj:aspectjweaver:jar:1.9.22.1:compile (sources = true)[0m
2026.04.10 14:59:52 INFO  [INFO] SUCCESS: org.aspectj:aspectjweaver:jar:1.9.22.1:compile (sources = true)[0m
2026.04.10 14:59:52 INFO  [INFO] Resolving artifact: org.apache.tomcat.embed:tomcat-embed-core:jar:10.1.34:compile (sources = false)[0m
2026.04.10 14:59:52 INFO  [INFO] SUCCESS: org.apache.tomcat.embed:tomcat-embed-core:jar:10.1.34:compile (sources = false)[0m
2026.04.10 14:59:52 INFO  [INFO] Resolving artifact: org.apache.tomcat.embed:tomcat-embed-core:jar:10.1.34:compile (sources = true)[0m
2026.04.10 14:59:52 INFO  [INFO] SUCCESS: org.apache.tomcat.embed:tomcat-embed-core:jar:10.1.34:compile (sources = true)[0m
2026.04.10 14:59:52 INFO  [INFO] Resolving artifact: org.objenesis:objenesis:jar:3.3:test (sources = false)[0m
2026.04.10 14:59:52 INFO  [INFO] SUCCESS: org.objenesis:objenesis:jar:3.3:test (sources = false)[0m
2026.04.10 14:59:52 INFO  [INFO] Resolving artifact: org.objenesis:objenesis:jar:3.3:test (sources = true)[0m
2026.04.10 14:59:52 INFO  [INFO] SUCCESS: org.objenesis:objenesis:jar:3.3:test (sources = true)[0m
2026.04.10 14:59:52 INFO  [INFO] Resolving artifact: org.springframework:spring-webmvc:jar:6.2.2:compile (sources = false)[0m
2026.04.10 14:59:52 INFO  [INFO] SUCCESS: org.springframework:spring-webmvc:jar:6.2.2:compile (sources = false)[0m
2026.04.10 14:59:52 INFO  [INFO] Resolving artifact: org.springframework:spring-webmvc:jar:6.2.2:compile (sources = true)[0m
2026.04.10 14:59:52 INFO  [INFO] SUCCESS: org.springframework:spring-webmvc:jar:6.2.2:compile (sources = true)[0m
2026.04.10 14:59:52 INFO  [INFO] Resolving artifact: org.antlr:antlr4-runtime:jar:4.13.0:compile (sources = false)[0m
2026.04.10 14:59:52 INFO  [INFO] SUCCESS: org.antlr:antlr4-runtime:jar:4.13.0:compile (sources = false)[0m
2026.04.10 14:59:52 INFO  [INFO] Resolving artifact: org.antlr:antlr4-runtime:jar:4.13.0:compile (sources = true)[0m
2026.04.10 14:59:52 INFO  [INFO] SUCCESS: org.antlr:antlr4-runtime:jar:4.13.0:compile (sources = true)[0m
2026.04.10 14:59:52 INFO  [INFO] Resolving artifact: org.postgresql:postgresql:jar:42.7.5:runtime (sources = false)[0m
2026.04.10 14:59:52 INFO  [INFO] SUCCESS: org.postgresql:postgresql:jar:42.7.5:runtime (sources = false)[0m
2026.04.10 14:59:52 INFO  [INFO] Resolving artifact: org.postgresql:postgresql:jar:42.7.5:runtime (sources = true)[0m
2026.04.10 14:59:52 INFO  [INFO] SUCCESS: org.postgresql:postgresql:jar:42.7.5:runtime (sources = true)[0m
2026.04.10 14:59:52 INFO  [INFO] Resolving artifact: org.apache.commons:commons-compress:jar:1.24.0:test (sources = false)[0m
2026.04.10 14:59:52 INFO  [INFO] SUCCESS: org.apache.commons:commons-compress:jar:1.24.0:test (sources = false)[0m
2026.04.10 14:59:52 INFO  [INFO] Resolving artifact: org.apache.commons:commons-compress:jar:1.24.0:test (sources = true)[0m
2026.04.10 14:59:52 INFO  [INFO] SUCCESS: org.apache.commons:commons-compress:jar:1.24.0:test (sources = true)[0m
2026.04.10 14:59:52 INFO  [INFO] Resolving artifact: org.springframework:spring-test:jar:6.2.2:test (sources = false)[0m
2026.04.10 14:59:52 INFO  [INFO] SUCCESS: org.springframework:spring-test:jar:6.2.2:test (sources = false)[0m
2026.04.10 14:59:52 INFO  [INFO] Resolving artifact: org.springframework:spring-test:jar:6.2.2:test (sources = true)[0m
2026.04.10 14:59:52 INFO  [INFO] SUCCESS: org.springframework:spring-test:jar:6.2.2:test (sources = true)[0m
2026.04.10 14:59:52 INFO  [INFO] Resolving artifact: org.eclipse.angus:angus-activation:jar:2.0.2:runtime (sources = false)[0m
2026.04.10 14:59:52 INFO  [INFO] SUCCESS: org.eclipse.angus:angus-activation:jar:2.0.2:runtime (sources = false)[0m
2026.04.10 14:59:52 INFO  [INFO] Resolving artifact: org.eclipse.angus:angus-activation:jar:2.0.2:runtime (sources = true)[0m
2026.04.10 14:59:52 INFO  [INFO] SUCCESS: org.eclipse.angus:angus-activation:jar:2.0.2:runtime (sources = true)[0m
2026.04.10 14:59:52 INFO  [INFO] Resolving artifact: org.springframework.boot:spring-boot-starter-data-jpa:jar:3.4.2:compile (sources = false)[0m
2026.04.10 14:59:52 INFO  [INFO] SUCCESS: org.springframework.boot:spring-boot-starter-data-jpa:jar:3.4.2:compile (sources = false)[0m
2026.04.10 14:59:52 INFO  [INFO] Resolving artifact: org.springframework.boot:spring-boot-starter-data-jpa:jar:3.4.2:compile (sources = true)[0m
2026.04.10 14:59:52 INFO  [INFO] SUCCESS: org.springframework.boot:spring-boot-starter-data-jpa:jar:3.4.2:compile (sources = true)[0m
2026.04.10 14:59:52 INFO  [INFO] Resolving artifact: org.yaml:snakeyaml:jar:2.3:compile (sources = false)[0m
2026.04.10 14:59:52 INFO  [INFO] SUCCESS: org.yaml:snakeyaml:jar:2.3:compile (sources = false)[0m
2026.04.10 14:59:52 INFO  [INFO] Resolving artifact: org.yaml:snakeyaml:jar:2.3:compile (sources = true)[0m
2026.04.10 14:59:52 INFO  [INFO] SUCCESS: org.yaml:snakeyaml:jar:2.3:compile (sources = true)[0m
2026.04.10 14:59:52 INFO  [INFO] Resolving artifact: junit:junit:jar:4.13.2:test (sources = false)[0m
2026.04.10 14:59:52 INFO  [INFO] SUCCESS: junit:junit:jar:4.13.2:test (sources = false)[0m
2026.04.10 14:59:52 INFO  [INFO] Resolving artifact: junit:junit:jar:4.13.2:test (sources = true)[0m
2026.04.10 14:59:52 INFO  [INFO] SUCCESS: junit:junit:jar:4.13.2:test (sources = true)[0m
2026.04.10 14:59:52 INFO  [INFO] Resolving artifact: org.assertj:assertj-core:jar:3.26.3:test (sources = false)[0m
2026.04.10 14:59:52 INFO  [INFO] SUCCESS: org.assertj:assertj-core:jar:3.26.3:test (sources = false)[0m
2026.04.10 14:59:52 INFO  [INFO] Resolving artifact: org.assertj:assertj-core:jar:3.26.3:test (sources = true)[0m
2026.04.10 14:59:52 INFO  [INFO] SUCCESS: org.assertj:assertj-core:jar:3.26.3:test (sources = true)[0m
2026.04.10 14:59:52 INFO  [INFO] Resolving artifact: org.springframework.boot:spring-boot-starter-test:jar:3.4.2:test (sources = false)[0m
2026.04.10 14:59:52 INFO  [INFO] SUCCESS: org.springframework.boot:spring-boot-starter-test:jar:3.4.2:test (sources = false)[0m
2026.04.10 14:59:52 INFO  [INFO] Resolving artifact: org.springframework.boot:spring-boot-starter-test:jar:3.4.2:test (sources = true)[0m
2026.04.10 14:59:52 INFO  [INFO] SUCCESS: org.springframework.boot:spring-boot-starter-test:jar:3.4.2:test (sources = true)[0m
2026.04.10 14:59:52 INFO  [INFO] Resolving artifact: jakarta.persistence:jakarta.persistence-api:jar:3.1.0:compile (sources = false)[0m
2026.04.10 14:59:52 INFO  [INFO] SUCCESS: jakarta.persistence:jakarta.persistence-api:jar:3.1.0:compile (sources = false)[0m
2026.04.10 14:59:52 INFO  [INFO] Resolving artifact: jakarta.persistence:jakarta.persistence-api:jar:3.1.0:compile (sources = true)[0m
2026.04.10 14:59:52 INFO  [INFO] SUCCESS: jakarta.persistence:jakarta.persistence-api:jar:3.1.0:compile (sources = true)[0m
2026.04.10 14:59:52 INFO  [INFO] Resolving artifact: jakarta.activation:jakarta.activation-api:jar:2.1.3:runtime (sources = false)[0m
2026.04.10 14:59:52 INFO  [INFO] SUCCESS: jakarta.activation:jakarta.activation-api:jar:2.1.3:runtime (sources = false)[0m
2026.04.10 14:59:52 INFO  [INFO] Resolving artifact: jakarta.activation:jakarta.activation-api:jar:2.1.3:runtime (sources = true)[0m
2026.04.10 14:59:52 INFO  [INFO] SUCCESS: jakarta.activation:jakarta.activation-api:jar:2.1.3:runtime (sources = true)[0m
2026.04.10 14:59:52 INFO  [INFO] Resolving artifact: org.skyscreamer:jsonassert:jar:1.5.3:test (sources = false)[0m
2026.04.10 14:59:52 INFO  [INFO] SUCCESS: org.skyscreamer:jsonassert:jar:1.5.3:test (sources = false)[0m
2026.04.10 14:59:52 INFO  [INFO] Resolving artifact: org.skyscreamer:jsonassert:jar:1.5.3:test (sources = true)[0m
2026.04.10 14:59:52 INFO  [INFO] SUCCESS: org.skyscreamer:jsonassert:jar:1.5.3:test (sources = true)[0m
2026.04.10 14:59:52 INFO  [INFO] Resolving artifact: com.fasterxml.jackson.datatype:jackson-datatype-jsr310:jar:2.18.2:compile (sources = false)[0m
2026.04.10 14:59:52 INFO  [INFO] SUCCESS: com.fasterxml.jackson.datatype:jackson-datatype-jsr310:jar:2.18.2:compile (sources = false)[0m
2026.04.10 14:59:52 INFO  [INFO] Resolving artifact: com.fasterxml.jackson.datatype:jackson-datatype-jsr310:jar:2.18.2:compile (sources = true)[0m
2026.04.10 14:59:52 INFO  [INFO] SUCCESS: com.fasterxml.jackson.datatype:jackson-datatype-jsr310:jar:2.18.2:compile (sources = true)[0m
2026.04.10 14:59:52 INFO  [INFO] Resolving artifact: org.junit.jupiter:junit-jupiter-params:jar:5.11.4:test (sources = false)[0m
2026.04.10 14:59:52 INFO  [INFO] SUCCESS: org.junit.jupiter:junit-jupiter-params:jar:5.11.4:test (sources = false)[0m
2026.04.10 14:59:52 INFO  [INFO] Resolving artifact: org.junit.jupiter:junit-jupiter-params:jar:5.11.4:test (sources = true)[0m
2026.04.10 14:59:52 INFO  [INFO] SUCCESS: org.junit.jupiter:junit-jupiter-params:jar:5.11.4:test (sources = true)[0m
2026.04.10 14:59:52 INFO  [INFO] Resolving artifact: org.springframework.boot:spring-boot-test:jar:3.4.2:test (sources = false)[0m
2026.04.10 14:59:52 INFO  [INFO] SUCCESS: org.springframework.boot:spring-boot-test:jar:3.4.2:test (sources = false)[0m
2026.04.10 14:59:52 INFO  [INFO] Resolving artifact: org.springframework.boot:spring-boot-test:jar:3.4.2:test (sources = true)[0m
2026.04.10 14:59:52 INFO  [INFO] SUCCESS: org.springframework.boot:spring-boot-test:jar:3.4.2:test (sources = true)[0m
2026.04.10 14:59:52 INFO  [INFO] Resolving artifact: org.springframework.boot:spring-boot-starter-tomcat:jar:3.4.2:compile (sources = false)[0m
2026.04.10 14:59:52 INFO  [INFO] SUCCESS: org.springframework.boot:spring-boot-starter-tomcat:jar:3.4.2:compile (sources = false)[0m
2026.04.10 14:59:52 INFO  [INFO] Resolving artifact: org.springframework.boot:spring-boot-starter-tomcat:jar:3.4.2:compile (sources = true)[0m
2026.04.10 14:59:52 INFO  [INFO] SUCCESS: org.springframework.boot:spring-boot-starter-tomcat:jar:3.4.2:compile (sources = true)[0m
2026.04.10 14:59:52 INFO  [INFO] Resolving artifact: jakarta.validation:jakarta.validation-api:jar:3.0.2:compile (sources = false)[0m
2026.04.10 14:59:52 INFO  [INFO] SUCCESS: jakarta.validation:jakarta.validation-api:jar:3.0.2:compile (sources = false)[0m
2026.04.10 14:59:52 INFO  [INFO] Resolving artifact: jakarta.validation:jakarta.validation-api:jar:3.0.2:compile (sources = true)[0m
2026.04.10 14:59:52 INFO  [INFO] SUCCESS: jakarta.validation:jakarta.validation-api:jar:3.0.2:compile (sources = true)[0m
2026.04.10 14:59:52 INFO  [INFO] Resolving artifact: org.mockito:mockito-core:jar:5.14.2:test (sources = false)[0m
2026.04.10 14:59:52 INFO  [INFO] SUCCESS: org.mockito:mockito-core:jar:5.14.2:test (sources = false)[0m
2026.04.10 14:59:52 INFO  [INFO] Resolving artifact: org.mockito:mockito-core:jar:5.14.2:test (sources = true)[0m
2026.04.10 14:59:52 INFO  [INFO] SUCCESS: org.mockito:mockito-core:jar:5.14.2:test (sources = true)[0m
2026.04.10 14:59:52 INFO  [INFO] Resolving artifact: org.junit.platform:junit-platform-commons:jar:1.11.4:test (sources = false)[0m
2026.04.10 14:59:52 INFO  [INFO] SUCCESS: org.junit.platform:junit-platform-commons:jar:1.11.4:test (sources = false)[0m
2026.04.10 14:59:52 INFO  [INFO] Resolving artifact: org.junit.platform:junit-platform-commons:jar:1.11.4:test (sources = true)[0m
2026.04.10 14:59:52 INFO  [INFO] SUCCESS: org.junit.platform:junit-platform-commons:jar:1.11.4:test (sources = true)[0m
2026.04.10 14:59:52 INFO  [INFO] Resolving artifact: jakarta.xml.bind:jakarta.xml.bind-api:jar:4.0.2:runtime (sources = false)[0m
2026.04.10 14:59:52 INFO  [INFO] SUCCESS: jakarta.xml.bind:jakarta.xml.bind-api:jar:4.0.2:runtime (sources = false)[0m
2026.04.10 14:59:52 INFO  [INFO] Resolving artifact: jakarta.xml.bind:jakarta.xml.bind-api:jar:4.0.2:runtime (sources = true)[0m
2026.04.10 14:59:52 INFO  [INFO] SUCCESS: jakarta.xml.bind:jakarta.xml.bind-api:jar:4.0.2:runtime (sources = true)[0m
2026.04.10 14:59:52 INFO  [INFO] Resolving artifact: io.micrometer:micrometer-jakarta9:jar:1.14.3:compile (sources = false)[0m
2026.04.10 14:59:52 INFO  [INFO] SUCCESS: io.micrometer:micrometer-jakarta9:jar:1.14.3:compile (sources = false)[0m
2026.04.10 14:59:52 INFO  [INFO] Resolving artifact: io.micrometer:micrometer-jakarta9:jar:1.14.3:compile (sources = true)[0m
2026.04.10 14:59:52 INFO  [INFO] SUCCESS: io.micrometer:micrometer-jakarta9:jar:1.14.3:compile (sources = true)[0m
2026.04.10 14:59:52 INFO  [INFO] Resolving artifact: org.springframework:spring-jdbc:jar:6.2.2:compile (sources = false)[0m
2026.04.10 14:59:52 INFO  [INFO] SUCCESS: org.springframework:spring-jdbc:jar:6.2.2:compile (sources = false)[0m
2026.04.10 14:59:52 INFO  [INFO] Resolving artifact: org.springframework:spring-jdbc:jar:6.2.2:compile (sources = true)[0m
2026.04.10 14:59:52 INFO  [INFO] SUCCESS: org.springframework:spring-jdbc:jar:6.2.2:compile (sources = true)[0m
2026.04.10 14:59:52 INFO  [INFO] Resolving artifact: org.junit.platform:junit-platform-engine:jar:1.11.4:test (sources = false)[0m
2026.04.10 14:59:52 INFO  [INFO] SUCCESS: org.junit.platform:junit-platform-engine:jar:1.11.4:test (sources = false)[0m
2026.04.10 14:59:52 INFO  [INFO] Resolving artifact: org.junit.platform:junit-platform-engine:jar:1.11.4:test (sources = true)[0m
2026.04.10 14:59:52 INFO  [INFO] SUCCESS: org.junit.platform:junit-platform-engine:jar:1.11.4:test (sources = true)[0m
2026.04.10 14:59:52 INFO  [INFO] Resolving artifact: org.mockito:mockito-junit-jupiter:jar:5.14.2:test (sources = false)[0m
2026.04.10 14:59:52 INFO  [INFO] SUCCESS: org.mockito:mockito-junit-jupiter:jar:5.14.2:test (sources = false)[0m
2026.04.10 14:59:52 INFO  [INFO] Resolving artifact: org.mockito:mockito-junit-jupiter:jar:5.14.2:test (sources = true)[0m
2026.04.10 14:59:52 INFO  [INFO] SUCCESS: org.mockito:mockito-junit-jupiter:jar:5.14.2:test (sources = true)[0m
2026.04.10 14:59:52 INFO  [INFO] Resolving artifact: jakarta.annotation:jakarta.annotation-api:jar:2.1.1:compile (sources = false)[0m
2026.04.10 14:59:52 INFO  [INFO] SUCCESS: jakarta.annotation:jakarta.annotation-api:jar:2.1.1:compile (sources = false)[0m
2026.04.10 14:59:52 INFO  [INFO] Resolving artifact: jakarta.annotation:jakarta.annotation-api:jar:2.1.1:compile (sources = true)[0m
2026.04.10 14:59:52 INFO  [INFO] SUCCESS: jakarta.annotation:jakarta.annotation-api:jar:2.1.1:compile (sources = true)[0m
2026.04.10 14:59:52 INFO  [INFO] Resolving artifact: org.slf4j:slf4j-api:jar:2.0.16:compile (sources = false)[0m
2026.04.10 14:59:52 INFO  [INFO] SUCCESS: org.slf4j:slf4j-api:jar:2.0.16:compile (sources = false)[0m
2026.04.10 14:59:52 INFO  [INFO] Resolving artifact: org.slf4j:slf4j-api:jar:2.0.16:compile (sources = true)[0m
2026.04.10 14:59:52 INFO  [INFO] SUCCESS: org.slf4j:slf4j-api:jar:2.0.16:compile (sources = true)[0m
2026.04.10 14:59:52 INFO  [INFO] Resolving artifact: org.awaitility:awaitility:jar:4.2.2:test (sources = false)[0m
2026.04.10 14:59:52 INFO  [INFO] SUCCESS: org.awaitility:awaitility:jar:4.2.2:test (sources = false)[0m
2026.04.10 14:59:52 INFO  [INFO] Resolving artifact: org.awaitility:awaitility:jar:4.2.2:test (sources = true)[0m
2026.04.10 14:59:52 INFO  [INFO] SUCCESS: org.awaitility:awaitility:jar:4.2.2:test (sources = true)[0m
2026.04.10 14:59:52 INFO  [INFO] Resolving artifact: org.checkerframework:checker-qual:jar:3.48.3:runtime (sources = false)[0m
2026.04.10 14:59:52 INFO  [INFO] SUCCESS: org.checkerframework:checker-qual:jar:3.48.3:runtime (sources = false)[0m
2026.04.10 14:59:52 INFO  [INFO] Resolving artifact: org.checkerframework:checker-qual:jar:3.48.3:runtime (sources = true)[0m
2026.04.10 14:59:52 INFO  [INFO] SUCCESS: org.checkerframework:checker-qual:jar:3.48.3:runtime (sources = true)[0m
2026.04.10 14:59:52 INFO  [INFO] Resolving artifact: org.springframework:spring-beans:jar:6.2.2:compile (sources = false)[0m
2026.04.10 14:59:52 INFO  [INFO] SUCCESS: org.springframework:spring-beans:jar:6.2.2:compile (sources = false)[0m
2026.04.10 14:59:52 INFO  [INFO] Resolving artifact: org.springframework:spring-beans:jar:6.2.2:compile (sources = true)[0m
2026.04.10 14:59:52 INFO  [INFO] SUCCESS: org.springframework:spring-beans:jar:6.2.2:compile (sources = true)[0m
2026.04.10 14:59:52 INFO  [INFO] Resolving artifact: org.testcontainers:database-commons:jar:1.20.4:test (sources = false)[0m
2026.04.10 14:59:52 INFO  [INFO] SUCCESS: org.testcontainers:database-commons:jar:1.20.4:test (sources = false)[0m
2026.04.10 14:59:52 INFO  [INFO] Resolving artifact: org.testcontainers:database-commons:jar:1.20.4:test (sources = true)[0m
2026.04.10 14:59:52 INFO  [INFO] SUCCESS: org.testcontainers:database-commons:jar:1.20.4:test (sources = true)[0m
2026.04.10 14:59:52 INFO  [INFO] Resolving artifact: org.springframework.boot:spring-boot-actuator-autoconfigure:jar:3.4.2:compile (sources = false)[0m
2026.04.10 14:59:52 INFO  [INFO] SUCCESS: org.springframework.boot:spring-boot-actuator-autoconfigure:jar:3.4.2:compile (sources = false)[0m
2026.04.10 14:59:52 INFO  [INFO] Resolving artifact: org.springframework.boot:spring-boot-actuator-autoconfigure:jar:3.4.2:compile (sources = true)[0m
2026.04.10 14:59:52 INFO  [INFO] SUCCESS: org.springframework.boot:spring-boot-actuator-autoconfigure:jar:3.4.2:compile (sources = true)[0m
2026.04.10 14:59:52 INFO  [INFO] Resolving artifact: jakarta.inject:jakarta.inject-api:jar:2.0.1:runtime (sources = false)[0m
2026.04.10 14:59:52 INFO  [INFO] SUCCESS: jakarta.inject:jakarta.inject-api:jar:2.0.1:runtime (sources = false)[0m
2026.04.10 14:59:52 INFO  [INFO] Resolving artifact: jakarta.inject:jakarta.inject-api:jar:2.0.1:runtime (sources = true)[0m
2026.04.10 14:59:52 INFO  [INFO] SUCCESS: jakarta.inject:jakarta.inject-api:jar:2.0.1:runtime (sources = true)[0m
2026.04.10 14:59:52 INFO  [INFO] Resolving artifact: org.apache.tomcat.embed:tomcat-embed-el:jar:10.1.34:compile (sources = false)[0m
2026.04.10 14:59:52 INFO  [INFO] SUCCESS: org.apache.tomcat.embed:tomcat-embed-el:jar:10.1.34:compile (sources = false)[0m
2026.04.10 14:59:52 INFO  [INFO] Resolving artifact: org.apache.tomcat.embed:tomcat-embed-el:jar:10.1.34:compile (sources = true)[0m
2026.04.10 14:59:52 INFO  [INFO] SUCCESS: org.apache.tomcat.embed:tomcat-embed-el:jar:10.1.34:compile (sources = true)[0m
2026.04.10 14:59:52 INFO  [INFO] Resolving artifact: com.jayway.jsonpath:json-path:jar:2.9.0:test (sources = false)[0m
2026.04.10 14:59:52 INFO  [INFO] SUCCESS: com.jayway.jsonpath:json-path:jar:2.9.0:test (sources = false)[0m
2026.04.10 14:59:52 INFO  [INFO] Resolving artifact: com.jayway.jsonpath:json-path:jar:2.9.0:test (sources = true)[0m
2026.04.10 14:59:52 INFO  [INFO] SUCCESS: com.jayway.jsonpath:json-path:jar:2.9.0:test (sources = true)[0m
2026.04.10 14:59:52 INFO  [INFO] Resolving artifact: com.fasterxml.jackson.core:jackson-core:jar:2.18.2:compile (sources = false)[0m
2026.04.10 14:59:52 INFO  [INFO] SUCCESS: com.fasterxml.jackson.core:jackson-core:jar:2.18.2:compile (sources = false)[0m
2026.04.10 14:59:52 INFO  [INFO] Resolving artifact: com.fasterxml.jackson.core:jackson-core:jar:2.18.2:compile (sources = true)[0m
2026.04.10 14:59:52 INFO  [INFO] SUCCESS: com.fasterxml.jackson.core:jackson-core:jar:2.18.2:compile (sources = true)[0m
2026.04.10 14:59:52 INFO  [INFO] Resolving artifact: org.springframework:spring-expression:jar:6.2.2:compile (sources = false)[0m
2026.04.10 14:59:52 INFO  [INFO] SUCCESS: org.springframework:spring-expression:jar:6.2.2:compile (sources = false)[0m
2026.04.10 14:59:52 INFO  [INFO] Resolving artifact: org.springframework:spring-expression:jar:6.2.2:compile (sources = true)[0m
2026.04.10 14:59:52 INFO  [INFO] SUCCESS: org.springframework:spring-expression:jar:6.2.2:compile (sources = true)[0m
2026.04.10 14:59:52 INFO  [INFO] Resolving artifact: org.hibernate.common:hibernate-commons-annotations:jar:7.0.3.Final:runtime (sources = false)[0m
2026.04.10 14:59:52 INFO  [INFO] SUCCESS: org.hibernate.common:hibernate-commons-annotations:jar:7.0.3.Final:runtime (sources = false)[0m
2026.04.10 14:59:52 INFO  [INFO] Resolving artifact: org.hibernate.common:hibernate-commons-annotations:jar:7.0.3.Final:runtime (sources = true)[0m
2026.04.10 14:59:52 INFO  [INFO] SUCCESS: org.hibernate.common:hibernate-commons-annotations:jar:7.0.3.Final:runtime (sources = true)[0m
2026.04.10 14:59:52 INFO  [INFO] Resolving artifact: org.glassfish.jaxb:txw2:jar:4.0.5:runtime (sources = false)[0m
2026.04.10 14:59:52 INFO  [INFO] SUCCESS: org.glassfish.jaxb:txw2:jar:4.0.5:runtime (sources = false)[0m
2026.04.10 14:59:52 INFO  [INFO] Resolving artifact: org.glassfish.jaxb:txw2:jar:4.0.5:runtime (sources = true)[0m
2026.04.10 14:59:52 INFO  [INFO] SUCCESS: org.glassfish.jaxb:txw2:jar:4.0.5:runtime (sources = true)[0m
2026.04.10 14:59:52 INFO  [INFO] Resolving artifact: org.apiguardian:apiguardian-api:jar:1.1.2:test (sources = false)[0m
2026.04.10 14:59:52 INFO  [INFO] SUCCESS: org.apiguardian:apiguardian-api:jar:1.1.2:test (sources = false)[0m
2026.04.10 14:59:52 INFO  [INFO] Resolving artifact: org.apiguardian:apiguardian-api:jar:1.1.2:test (sources = true)[0m
2026.04.10 14:59:52 INFO  [INFO] SUCCESS: org.apiguardian:apiguardian-api:jar:1.1.2:test (sources = true)[0m
2026.04.10 14:59:52 INFO  [INFO] Resolving artifact: net.bytebuddy:byte-buddy-agent:jar:1.15.11:test (sources = false)[0m
2026.04.10 14:59:52 INFO  [INFO] SUCCESS: net.bytebuddy:byte-buddy-agent:jar:1.15.11:test (sources = false)[0m
2026.04.10 14:59:52 INFO  [INFO] Resolving artifact: net.bytebuddy:byte-buddy-agent:jar:1.15.11:test (sources = true)[0m
2026.04.10 14:59:52 INFO  [INFO] SUCCESS: net.bytebuddy:byte-buddy-agent:jar:1.15.11:test (sources = true)[0m
2026.04.10 14:59:52 INFO  [INFO] Resolving artifact: net.bytebuddy:byte-buddy:jar:1.15.11:runtime (sources = false)[0m
2026.04.10 14:59:52 INFO  [INFO] SUCCESS: net.bytebuddy:byte-buddy:jar:1.15.11:runtime (sources = false)[0m
2026.04.10 14:59:52 INFO  [INFO] Resolving artifact: net.bytebuddy:byte-buddy:jar:1.15.11:runtime (sources = true)[0m
2026.04.10 14:59:52 INFO  [INFO] SUCCESS: net.bytebuddy:byte-buddy:jar:1.15.11:runtime (sources = true)[0m
2026.04.10 14:59:52 INFO  [INFO] Resolving artifact: org.latencyutils:LatencyUtils:jar:2.0.3:runtime (sources = false)[0m
2026.04.10 14:59:52 INFO  [INFO] SUCCESS: org.latencyutils:LatencyUtils:jar:2.0.3:runtime (sources = false)[0m
2026.04.10 14:59:52 INFO  [INFO] Resolving artifact: org.latencyutils:LatencyUtils:jar:2.0.3:runtime (sources = true)[0m
2026.04.10 14:59:52 INFO  [INFO] SUCCESS: org.latencyutils:LatencyUtils:jar:2.0.3:runtime (sources = true)[0m
2026.04.10 14:59:52 INFO  [INFO] Resolving artifact: ch.qos.logback:logback-core:jar:1.5.16:compile (sources = false)[0m
2026.04.10 14:59:52 INFO  [INFO] SUCCESS: ch.qos.logback:logback-core:jar:1.5.16:compile (sources = false)[0m
2026.04.10 14:59:52 INFO  [INFO] Resolving artifact: ch.qos.logback:logback-core:jar:1.5.16:compile (sources = true)[0m
2026.04.10 14:59:52 INFO  [INFO] SUCCESS: ch.qos.logback:logback-core:jar:1.5.16:compile (sources = true)[0m
2026.04.10 14:59:52 INFO  [INFO] Resolving artifact: org.hibernate.validator:hibernate-validator:jar:8.0.2.Final:compile (sources = false)[0m
2026.04.10 14:59:52 INFO  [INFO] SUCCESS: org.hibernate.validator:hibernate-validator:jar:8.0.2.Final:compile (sources = false)[0m
2026.04.10 14:59:52 INFO  [INFO] Resolving artifact: org.hibernate.validator:hibernate-validator:jar:8.0.2.Final:compile (sources = true)[0m
2026.04.10 14:59:52 INFO  [INFO] SUCCESS: org.hibernate.validator:hibernate-validator:jar:8.0.2.Final:compile (sources = true)[0m
2026.04.10 14:59:52 INFO  [INFO] Resolving artifact: com.vaadin.external.google:android-json:jar:0.0.20131108.vaadin1:test (sources = false)[0m
2026.04.10 14:59:52 INFO  [INFO] SUCCESS: com.vaadin.external.google:android-json:jar:0.0.20131108.vaadin1:test (sources = false)[0m
2026.04.10 14:59:52 INFO  [INFO] Resolving artifact: com.vaadin.external.google:android-json:jar:0.0.20131108.vaadin1:test (sources = true)[0m
2026.04.10 14:59:52 INFO  [INFO] SUCCESS: com.vaadin.external.google:android-json:jar:0.0.20131108.vaadin1:test (sources = true)[0m
2026.04.10 14:59:52 INFO  [INFO] Resolving artifact: org.junit.jupiter:junit-jupiter:jar:5.11.4:test (sources = false)[0m
2026.04.10 14:59:52 INFO  [INFO] SUCCESS: org.junit.jupiter:junit-jupiter:jar:5.11.4:test (sources = false)[0m
2026.04.10 14:59:52 INFO  [INFO] Resolving artifact: org.junit.jupiter:junit-jupiter:jar:5.11.4:test (sources = true)[0m
2026.04.10 14:59:52 INFO  [INFO] SUCCESS: org.junit.jupiter:junit-jupiter:jar:5.11.4:test (sources = true)[0m
2026.04.10 14:59:52 INFO  [INFO] Resolving artifact: org.springframework:spring-aop:jar:6.2.2:compile (sources = false)[0m
2026.04.10 14:59:52 INFO  [INFO] SUCCESS: org.springframework:spring-aop:jar:6.2.2:compile (sources = false)[0m
2026.04.10 14:59:52 INFO  [INFO] Resolving artifact: org.springframework:spring-aop:jar:6.2.2:compile (sources = true)[0m
2026.04.10 14:59:52 INFO  [INFO] SUCCESS: org.springframework:spring-aop:jar:6.2.2:compile (sources = true)[0m
2026.04.10 14:59:52 INFO  [INFO] Resolving artifact: org.springframework.boot:spring-boot-autoconfigure:jar:3.4.2:compile (sources = false)[0m
2026.04.10 14:59:52 INFO  [INFO] SUCCESS: org.springframework.boot:spring-boot-autoconfigure:jar:3.4.2:compile (sources = false)[0m
2026.04.10 14:59:52 INFO  [INFO] Resolving artifact: org.springframework.boot:spring-boot-autoconfigure:jar:3.4.2:compile (sources = true)[0m
2026.04.10 14:59:52 INFO  [INFO] SUCCESS: org.springframework.boot:spring-boot-autoconfigure:jar:3.4.2:compile (sources = true)[0m
2026.04.10 14:59:52 INFO  [INFO] Generated .bloop/simple-api-test.json[0m
2026.04.10 14:59:52 INFO  [INFO] ------------------------------------------------------------------------[0m
2026.04.10 14:59:52 INFO  [INFO] BUILD SUCCESS[0m
2026.04.10 14:59:52 INFO  [INFO] ------------------------------------------------------------------------[0m
2026.04.10 14:59:52 INFO  [INFO] Total time:  16.937 s[0m
2026.04.10 14:59:52 INFO  [INFO] Finished at: 2026-04-10T14:59:53+02:00[0m
2026.04.10 14:59:52 INFO  [INFO] ------------------------------------------------------------------------[0m
2026.04.10 14:59:53 INFO  time: ran 'mvn bloopInstall' in 18s[0m
2026.04.10 14:59:53 INFO  Attempting to connect to the build server...[0m
2026.04.10 14:59:53 INFO  No running Bloop server found, starting one.[0m
2026.04.10 14:59:55 INFO  Starting compilation server[0m
2026.04.10 14:59:56 INFO  tracing is disabled for protocol BSP, to enable tracing of incoming and outgoing JSON messages create an empty file at /Users/aymanatic/Documents/Ing2/s8/devops/TP1/.metals/bsp.trace.json or /Users/aymanatic/Library/Caches/org.scalameta.metals/bsp.trace.json[0m
2026.04.10 14:59:56 INFO  time: Connected to build server in 2.88s[0m
2026.04.10 14:59:56 INFO  Connected to Build server: Bloop v2.0.19[0m
2026.04.10 14:59:56 ERROR Running process '/Library/Java/JavaVirtualMachines/temurin-25.jdk/Contents/Home/bin/java -version' failed
java.io.IOException: Cannot run program "/Library/Java/JavaVirtualMachines/temurin-25.jdk/Contents/Home/bin/java" (in directory "/Library/Java/JavaVirtualMachines/temurin-25.jdk/Contents/Home"): error=2, No such file or directory
	at java.lang.ProcessBuilder.start(ProcessBuilder.java:1143)
	at java.lang.ProcessBuilder.start(ProcessBuilder.java:1073)
	at scala.meta.internal.process.SystemProcess$.run(SystemProcess.scala:48)
	at scala.meta.internal.builds.ShellRunner$.runSync(ShellRunner.scala:153)
	at scala.meta.internal.metals.JdkVersion$.fromShell(JavaInteractiveSemanticdb.scala:238)
	at scala.meta.internal.metals.JdkVersion$.$anonfun$maybeJdkVersionFromJavaHome$3(JavaInteractiveSemanticdb.scala:229)
	at scala.Option.orElse(Option.scala:477)
	at scala.meta.internal.metals.JdkVersion$.$anonfun$maybeJdkVersionFromJavaHome$2(JavaInteractiveSemanticdb.scala:229)
	at scala.Option.flatMap(Option.scala:283)
	at scala.meta.internal.metals.JdkVersion$.maybeJdkVersionFromJavaHome(JavaInteractiveSemanticdb.scala:227)
	at scala.meta.internal.metals.JavaInfo$.$anonfun$getInfo$1(JdkInfo.scala:11)
	at scala.Option.flatMap(Option.scala:283)
	at scala.meta.internal.metals.JavaInfo$.getInfo(JdkInfo.scala:10)
	at scala.meta.internal.metals.ProjectMetalsLspService.$anonfun$getProjectsJavaInfo$7(ProjectMetalsLspService.scala:609)
	at scala.Option.orElse(Option.scala:477)
	at scala.meta.internal.metals.ProjectMetalsLspService.getProjectsJavaInfo(ProjectMetalsLspService.scala:602)
	at scala.meta.internal.metals.ProjectMetalsLspService.$anonfun$projectInfo$3(ProjectMetalsLspService.scala:589)
	at scala.meta.internal.metals.doctor.MetalsServiceInfo$ProjectService.getJavaInfo(Doctor.scala:801)
	at scala.meta.internal.metals.doctor.Doctor.$anonfun$problemResolver$3(Doctor.scala:83)
	at scala.meta.internal.metals.doctor.ProblemResolver.isWrongJavaRelease(ProblemResolver.scala:358)
	at scala.meta.internal.metals.doctor.ProblemResolver.findProblem(ProblemResolver.scala:349)
	at scala.meta.internal.metals.doctor.ProblemResolver.$anonfun$problemMessage$3(ProblemResolver.scala:88)
	at scala.collection.immutable.List.flatMap(List.scala:283)
	at scala.meta.internal.metals.doctor.ProblemResolver.problemMessage(ProblemResolver.scala:87)
	at scala.meta.internal.metals.doctor.Doctor.check(Doctor.scala:114)
	at scala.meta.internal.metals.MetalsLspService.check(MetalsLspService.scala:1692)
	at scala.meta.internal.metals.ProjectMetalsLspService.check(ProjectMetalsLspService.scala:894)
	at scala.meta.internal.metals.ProjectMetalsLspService.$anonfun$connectionProvider$1(ProjectMetalsLspService.scala:197)
	at scala.meta.internal.metals.Indexer.$anonfun$indexWorkspace$11(Indexer.scala:151)
	at scala.runtime.java8.JFunction0$mcV$sp.apply(JFunction0$mcV$sp.scala:18)
	at scala.meta.internal.metals.TimerProvider.timedThunk(TimerProvider.scala:25)
	at scala.meta.internal.metals.Indexer.indexWorkspace(Indexer.scala:151)
	at scala.meta.internal.metals.Indexer.$anonfun$profiledIndexWorkspace$2(Indexer.scala:58)
	at scala.runtime.java8.JFunction0$mcV$sp.apply(JFunction0$mcV$sp.scala:18)
	at scala.meta.internal.metals.TimerProvider.timedThunk(TimerProvider.scala:25)
	at scala.meta.internal.metals.Indexer.$anonfun$profiledIndexWorkspace$1(Indexer.scala:58)
	at scala.runtime.java8.JFunction0$mcV$sp.apply(JFunction0$mcV$sp.scala:18)
	at scala.concurrent.Future$.$anonfun$apply$1(Future.scala:691)
	at scala.concurrent.impl.Promise$Transformation.run(Promise.scala:500)
	at java.util.concurrent.ThreadPoolExecutor.runWorker(ThreadPoolExecutor.java:1136)
	at java.util.concurrent.ThreadPoolExecutor$Worker.run(ThreadPoolExecutor.java:635)
	at java.lang.Thread.run(Thread.java:840)
Caused by: java.io.IOException: error=2, No such file or directory
	at java.lang.ProcessImpl.forkAndExec(Native Method)
	at java.lang.ProcessImpl.<init>(ProcessImpl.java:314)
	at java.lang.ProcessImpl.start(ProcessImpl.java:244)
	at java.lang.ProcessBuilder.start(ProcessBuilder.java:1110)
	at java.lang.ProcessBuilder.start(ProcessBuilder.java:1073)
	at scala.meta.internal.process.SystemProcess$.run(SystemProcess.scala:48)
	at scala.meta.internal.builds.ShellRunner$.runSync(ShellRunner.scala:153)
	at scala.meta.internal.metals.JdkVersion$.fromShell(JavaInteractiveSemanticdb.scala:238)
	at scala.meta.internal.metals.JdkVersion$.$anonfun$maybeJdkVersionFromJavaHome$3(JavaInteractiveSemanticdb.scala:229)
	at scala.Option.orElse(Option.scala:477)
	at scala.meta.internal.metals.JdkVersion$.$anonfun$maybeJdkVersionFromJavaHome$2(JavaInteractiveSemanticdb.scala:229)
	at scala.Option.flatMap(Option.scala:283)
	at scala.meta.internal.metals.JdkVersion$.maybeJdkVersionFromJavaHome(JavaInteractiveSemanticdb.scala:227)
	at scala.meta.internal.metals.JavaInfo$.$anonfun$getInfo$1(JdkInfo.scala:11)
	at scala.Option.flatMap(Option.scala:283)
	at scala.meta.internal.metals.JavaInfo$.getInfo(JdkInfo.scala:10)
	at scala.meta.internal.metals.ProjectMetalsLspService.$anonfun$getProjectsJavaInfo$7(ProjectMetalsLspService.scala:609)
	at scala.Option.orElse(Option.scala:477)
	at scala.meta.internal.metals.ProjectMetalsLspService.getProjectsJavaInfo(ProjectMetalsLspService.scala:602)
	at scala.meta.internal.metals.ProjectMetalsLspService.$anonfun$projectInfo$3(ProjectMetalsLspService.scala:589)
	at scala.meta.internal.metals.doctor.MetalsServiceInfo$ProjectService.getJavaInfo(Doctor.scala:801)
	at scala.meta.internal.metals.doctor.Doctor.$anonfun$problemResolver$3(Doctor.scala:83)
	at scala.meta.internal.metals.doctor.ProblemResolver.isWrongJavaRelease(ProblemResolver.scala:358)
	at scala.meta.internal.metals.doctor.ProblemResolver.findProblem(ProblemResolver.scala:349)
	at scala.meta.internal.metals.doctor.ProblemResolver.$anonfun$problemMessage$3(ProblemResolver.scala:88)
	at scala.collection.immutable.List.flatMap(List.scala:283)
	at scala.meta.internal.metals.doctor.ProblemResolver.problemMessage(ProblemResolver.scala:87)
	at scala.meta.internal.metals.doctor.Doctor.check(Doctor.scala:114)
	at scala.meta.internal.metals.MetalsLspService.check(MetalsLspService.scala:1692)
	at scala.meta.internal.metals.ProjectMetalsLspService.check(ProjectMetalsLspService.scala:894)
	at scala.meta.internal.metals.ProjectMetalsLspService.$anonfun$connectionProvider$1(ProjectMetalsLspService.scala:197)
	at scala.meta.internal.metals.Indexer.$anonfun$indexWorkspace$11(Indexer.scala:151)
	at scala.runtime.java8.JFunction0$mcV$sp.apply(JFunction0$mcV$sp.scala:18)
	at scala.meta.internal.metals.TimerProvider.timedThunk(TimerProvider.scala:25)
	at scala.meta.internal.metals.Indexer.indexWorkspace(Indexer.scala:151)
	at scala.meta.internal.metals.Indexer.$anonfun$profiledIndexWorkspace$2(Indexer.scala:58)
	at scala.runtime.java8.JFunction0$mcV$sp.apply(JFunction0$mcV$sp.scala:18)
	at scala.meta.internal.metals.TimerProvider.timedThunk(TimerProvider.scala:25)
	at scala.meta.internal.metals.Indexer.$anonfun$profiledIndexWorkspace$1(Indexer.scala:58)
	at scala.runtime.java8.JFunction0$mcV$sp.apply(JFunction0$mcV$sp.scala:18)
	at scala.concurrent.Future$.$anonfun$apply$1(Future.scala:691)
	at scala.concurrent.impl.Promise$Transformation.run(Promise.scala:500)
	at java.util.concurrent.ThreadPoolExecutor.runWorker(ThreadPoolExecutor.java:1136)
	at java.util.concurrent.ThreadPoolExecutor$Worker.run(ThreadPoolExecutor.java:635)
	at java.lang.Thread.run(Thread.java:840)
[0m
2026.04.10 14:59:56 ERROR Running process '/Library/Java/JavaVirtualMachines/temurin-25.jdk/Contents/Home/bin/java -version' failed
java.io.IOException: Cannot run program "/Library/Java/JavaVirtualMachines/temurin-25.jdk/Contents/Home/bin/java" (in directory "/Library/Java/JavaVirtualMachines/temurin-25.jdk/Contents/Home"): error=2, No such file or directory
	at java.lang.ProcessBuilder.start(ProcessBuilder.java:1143)
	at java.lang.ProcessBuilder.start(ProcessBuilder.java:1073)
	at scala.meta.internal.process.SystemProcess$.run(SystemProcess.scala:48)
	at scala.meta.internal.builds.ShellRunner$.runSync(ShellRunner.scala:153)
	at scala.meta.internal.metals.JdkVersion$.fromShell(JavaInteractiveSemanticdb.scala:238)
	at scala.meta.internal.metals.JdkVersion$.$anonfun$maybeJdkVersionFromJavaHome$3(JavaInteractiveSemanticdb.scala:229)
	at scala.Option.orElse(Option.scala:477)
	at scala.meta.internal.metals.JdkVersion$.$anonfun$maybeJdkVersionFromJavaHome$2(JavaInteractiveSemanticdb.scala:229)
	at scala.Option.flatMap(Option.scala:283)
	at scala.meta.internal.metals.JdkVersion$.maybeJdkVersionFromJavaHome(JavaInteractiveSemanticdb.scala:227)
	at scala.meta.internal.metals.JavaInfo$.$anonfun$getInfo$1(JdkInfo.scala:11)
	at scala.Option.flatMap(Option.scala:283)
	at scala.meta.internal.metals.JavaInfo$.getInfo(JdkInfo.scala:10)
	at scala.meta.internal.metals.ProjectMetalsLspService.$anonfun$getProjectsJavaInfo$7(ProjectMetalsLspService.scala:609)
	at scala.Option.orElse(Option.scala:477)
	at scala.meta.internal.metals.ProjectMetalsLspService.getProjectsJavaInfo(ProjectMetalsLspService.scala:602)
	at scala.meta.internal.metals.ProjectMetalsLspService.$anonfun$projectInfo$3(ProjectMetalsLspService.scala:589)
	at scala.meta.internal.metals.doctor.MetalsServiceInfo$ProjectService.getJavaInfo(Doctor.scala:801)
	at scala.meta.internal.metals.doctor.Doctor.$anonfun$problemResolver$3(Doctor.scala:83)
	at scala.meta.internal.metals.doctor.ProblemResolver.isWrongJavaRelease(ProblemResolver.scala:358)
	at scala.meta.internal.metals.doctor.ProblemResolver.findProblem(ProblemResolver.scala:349)
	at scala.meta.internal.metals.doctor.ProblemResolver.$anonfun$problemMessage$3(ProblemResolver.scala:88)
	at scala.collection.immutable.List.flatMap(List.scala:283)
	at scala.meta.internal.metals.doctor.ProblemResolver.problemMessage(ProblemResolver.scala:87)
	at scala.meta.internal.metals.doctor.Doctor.check(Doctor.scala:114)
	at scala.meta.internal.metals.MetalsLspService.check(MetalsLspService.scala:1692)
	at scala.meta.internal.metals.ProjectMetalsLspService.check(ProjectMetalsLspService.scala:894)
	at scala.meta.internal.metals.ProjectMetalsLspService.$anonfun$connectionProvider$1(ProjectMetalsLspService.scala:197)
	at scala.meta.internal.metals.Indexer.$anonfun$indexWorkspace$11(Indexer.scala:151)
	at scala.runtime.java8.JFunction0$mcV$sp.apply(JFunction0$mcV$sp.scala:18)
	at scala.meta.internal.metals.TimerProvider.timedThunk(TimerProvider.scala:25)
	at scala.meta.internal.metals.Indexer.indexWorkspace(Indexer.scala:151)
	at scala.meta.internal.metals.Indexer.$anonfun$profiledIndexWorkspace$2(Indexer.scala:58)
	at scala.runtime.java8.JFunction0$mcV$sp.apply(JFunction0$mcV$sp.scala:18)
	at scala.meta.internal.metals.TimerProvider.timedThunk(TimerProvider.scala:25)
	at scala.meta.internal.metals.Indexer.$anonfun$profiledIndexWorkspace$1(Indexer.scala:58)
	at scala.runtime.java8.JFunction0$mcV$sp.apply(JFunction0$mcV$sp.scala:18)
	at scala.concurrent.Future$.$anonfun$apply$1(Future.scala:691)
	at scala.concurrent.impl.Promise$Transformation.run(Promise.scala:500)
	at java.util.concurrent.ThreadPoolExecutor.runWorker(ThreadPoolExecutor.java:1136)
	at java.util.concurrent.ThreadPoolExecutor$Worker.run(ThreadPoolExecutor.java:635)
	at java.lang.Thread.run(Thread.java:840)
Caused by: java.io.IOException: error=2, No such file or directory
	at java.lang.ProcessImpl.forkAndExec(Native Method)
	at java.lang.ProcessImpl.<init>(ProcessImpl.java:314)
	at java.lang.ProcessImpl.start(ProcessImpl.java:244)
	at java.lang.ProcessBuilder.start(ProcessBuilder.java:1110)
	at java.lang.ProcessBuilder.start(ProcessBuilder.java:1073)
	at scala.meta.internal.process.SystemProcess$.run(SystemProcess.scala:48)
	at scala.meta.internal.builds.ShellRunner$.runSync(ShellRunner.scala:153)
	at scala.meta.internal.metals.JdkVersion$.fromShell(JavaInteractiveSemanticdb.scala:238)
	at scala.meta.internal.metals.JdkVersion$.$anonfun$maybeJdkVersionFromJavaHome$3(JavaInteractiveSemanticdb.scala:229)
	at scala.Option.orElse(Option.scala:477)
	at scala.meta.internal.metals.JdkVersion$.$anonfun$maybeJdkVersionFromJavaHome$2(JavaInteractiveSemanticdb.scala:229)
	at scala.Option.flatMap(Option.scala:283)
	at scala.meta.internal.metals.JdkVersion$.maybeJdkVersionFromJavaHome(JavaInteractiveSemanticdb.scala:227)
	at scala.meta.internal.metals.JavaInfo$.$anonfun$getInfo$1(JdkInfo.scala:11)
	at scala.Option.flatMap(Option.scala:283)
	at scala.meta.internal.metals.JavaInfo$.getInfo(JdkInfo.scala:10)
	at scala.meta.internal.metals.ProjectMetalsLspService.$anonfun$getProjectsJavaInfo$7(ProjectMetalsLspService.scala:609)
	at scala.Option.orElse(Option.scala:477)
	at scala.meta.internal.metals.ProjectMetalsLspService.getProjectsJavaInfo(ProjectMetalsLspService.scala:602)
	at scala.meta.internal.metals.ProjectMetalsLspService.$anonfun$projectInfo$3(ProjectMetalsLspService.scala:589)
	at scala.meta.internal.metals.doctor.MetalsServiceInfo$ProjectService.getJavaInfo(Doctor.scala:801)
	at scala.meta.internal.metals.doctor.Doctor.$anonfun$problemResolver$3(Doctor.scala:83)
	at scala.meta.internal.metals.doctor.ProblemResolver.isWrongJavaRelease(ProblemResolver.scala:358)
	at scala.meta.internal.metals.doctor.ProblemResolver.findProblem(ProblemResolver.scala:349)
	at scala.meta.internal.metals.doctor.ProblemResolver.$anonfun$problemMessage$3(ProblemResolver.scala:88)
	at scala.collection.immutable.List.flatMap(List.scala:283)
	at scala.meta.internal.metals.doctor.ProblemResolver.problemMessage(ProblemResolver.scala:87)
	at scala.meta.internal.metals.doctor.Doctor.check(Doctor.scala:114)
	at scala.meta.internal.metals.MetalsLspService.check(MetalsLspService.scala:1692)
	at scala.meta.internal.metals.ProjectMetalsLspService.check(ProjectMetalsLspService.scala:894)
	at scala.meta.internal.metals.ProjectMetalsLspService.$anonfun$connectionProvider$1(ProjectMetalsLspService.scala:197)
	at scala.meta.internal.metals.Indexer.$anonfun$indexWorkspace$11(Indexer.scala:151)
	at scala.runtime.java8.JFunction0$mcV$sp.apply(JFunction0$mcV$sp.scala:18)
	at scala.meta.internal.metals.TimerProvider.timedThunk(TimerProvider.scala:25)
	at scala.meta.internal.metals.Indexer.indexWorkspace(Indexer.scala:151)
	at scala.meta.internal.metals.Indexer.$anonfun$profiledIndexWorkspace$2(Indexer.scala:58)
	at scala.runtime.java8.JFunction0$mcV$sp.apply(JFunction0$mcV$sp.scala:18)
	at scala.meta.internal.metals.TimerProvider.timedThunk(TimerProvider.scala:25)
	at scala.meta.internal.metals.Indexer.$anonfun$profiledIndexWorkspace$1(Indexer.scala:58)
	at scala.runtime.java8.JFunction0$mcV$sp.apply(JFunction0$mcV$sp.scala:18)
	at scala.concurrent.Future$.$anonfun$apply$1(Future.scala:691)
	at scala.concurrent.impl.Promise$Transformation.run(Promise.scala:500)
	at java.util.concurrent.ThreadPoolExecutor.runWorker(ThreadPoolExecutor.java:1136)
	at java.util.concurrent.ThreadPoolExecutor$Worker.run(ThreadPoolExecutor.java:635)
	at java.lang.Thread.run(Thread.java:840)
[0m
2026.04.10 14:59:58 WARN  Using H2 2.4.240 which is newer than the version Flyway has been verified with. The latest verified version of H2 is 2.3.232.[0m
2026.04.10 15:00:08 INFO  Created report: Optional[file:///Users/aymanatic/Documents/Ing2/s8/devops/TP1/jar:file:/Users/aymanatic/.m2/repository/org/springframework/spring-jdbc/6.2.2/spring-jdbc-6.2.2-sources.jar!/org/springframework/jdbc/core/BeanPropertyRowMapper.java][0m
2026.04.10 15:00:08 INFO  Java indexer failed with and exception. (full report at: "/Users/aymanatic/Documents/Ing2/s8/devops/TP1/.metals/.reports/metals-full/2026-04-10/r_failed-idex-java_15-00-08-369.md")[0m
2026.04.10 15:00:10 INFO  time: indexed workspace in 13s[0m
2026.04.10 15:00:10 WARN  no build target for: /Users/aymanatic/Documents/Ing2/s8/devops/TP1/backend-simple-api/simpleapi/src/main/java/fr/takima/training/simpleapi/controller/GreetingController.java[0m
2026.04.10 15:00:10 WARN  no build target for: /Users/aymanatic/Documents/Ing2/s8/devops/TP1/backend-simple-api/simpleapi/src/main/java/fr/takima/training/simpleapi/controller/GreetingController.java[0m
2026.04.10 15:02:43 INFO  no build target found for /Users/aymanatic/Documents/Ing2/s8/devops/TP1/backend-simple-api/simpleapi/src/main/java/fr/takima/training/simpleapi/SimpleApiApplication.java. Using fallback presentation compiler.[0m
2026.04.10 15:02:43 WARN  no build target for: /Users/aymanatic/Documents/Ing2/s8/devops/TP1/backend-simple-api/simpleapi/src/main/java/fr/takima/training/simpleapi/SimpleApiApplication.java[0m
2026.04.10 15:02:43 INFO  no build target found for /Users/aymanatic/Documents/Ing2/s8/devops/TP1/backend-simple-api/simpleapi/src/main/java/fr/takima/training/simpleapi/SimpleApiApplication.java. Using fallback presentation compiler.[0m
2026.04.10 15:02:43 INFO  no build target found for /Users/aymanatic/Documents/Ing2/s8/devops/TP1/backend-simple-api/simpleapi/src/main/java/fr/takima/training/simpleapi/SimpleApiApplication.java. Using fallback presentation compiler.[0m
2026.04.10 15:02:43 INFO  no build target found for /Users/aymanatic/Documents/Ing2/s8/devops/TP1/backend-simple-api/simpleapi/src/main/java/fr/takima/training/simpleapi/SimpleApiApplication.java. Using fallback presentation compiler.[0m
2026.04.10 15:02:43 INFO  no build target found for /Users/aymanatic/Documents/Ing2/s8/devops/TP1/backend-simple-api/simpleapi/src/main/java/fr/takima/training/simpleapi/SimpleApiApplication.java. Using fallback presentation compiler.[0m
2026.04.10 15:02:43 INFO  no build target found for /Users/aymanatic/Documents/Ing2/s8/devops/TP1/backend-simple-api/simpleapi/src/main/java/fr/takima/training/simpleapi/SimpleApiApplication.java. Using fallback presentation compiler.[0m
2026.04.10 15:03:42 INFO  no build target found for /Users/aymanatic/Documents/Ing2/s8/devops/TP1/backend-simple-api/simpleapi/src/main/java/fr/takima/training/simpleapi/SimpleapiApplication.java. Using fallback presentation compiler.[0m
2026.04.10 15:03:42 INFO  no build target found for /Users/aymanatic/Documents/Ing2/s8/devops/TP1/backend-simple-api/simpleapi/src/main/java/fr/takima/training/simpleapi/controller/GreetingController.java. Using fallback presentation compiler.[0m
2026.04.12 16:33:33 INFO  Shutting down server[0m
2026.04.12 16:33:33 INFO  Memory monitor stopped[0m
2026.04.12 16:33:33 INFO  shutting down Metals[0m
2026.04.12 16:33:33 INFO  Shut down connection with build server.[0m
2026.04.12 16:33:33 INFO  Exiting server[0m
